Transaction ID,Sender Account,Receiver Account,Amount (INR),Risk Score,Is Flagged,Status,Timestamp,Location,Device Info,Remark
TXN_RING_CA,ACC_RING_C,ACC_RING_A,46000.0,60.0,True,completed,2026-08-16T17:33:48.261766,,,Ring leg 3 (complete cycle)
TXN_RING_BC,ACC_RING_B,ACC_RING_C,48000.0,60.0,True,completed,2026-08-16T17:23:48.261743,,,Ring leg 2
TXN_RING_AB,ACC_RING_A,ACC_RING_B,50000.0,20.0,False,completed,2026-08-16T17:13:48.261699,,,Ring leg 1
TXN_TRACE_HOP3,ACC1003,ACC1004,95000.0,100.0,True,completed,2026-08-16T16:18:47.264606,,,Pass through transfer 2 to final holder
TXN_TRACE_HOP2,ACC1002,ACC1003,98000.0,100.0,True,completed,2026-08-16T16:03:47.264606,,,Pass through transfer 1
TXN_TRACE_HOP1,ACC1001,ACC1002,100000.0,50.0,True,completed,2026-08-16T15:53:47.264606,,,Phishing scam payment
TXN_20260816_03824_3e523e,ACC1004,ACC64246741,9317.13,23.0,False,completed,2026-08-16T07:11:01.419303,"Kolkata, IN",Windows 11 (Edge 128),Online payment
TXN_20260816_05062_cdc300,ACC75385116,ACC65809811,818.63,10.0,False,completed,2026-08-16T07:06:26.985718,"Jaipur, IN",Pixel 9 Pro,Software subscription
TXN_20260816_03230_c196a8,ACC1002,ACC43907404,4893.83,27.0,False,completed,2026-08-16T06:57:57.586143,"Jaipur, IN",iPhone 16 Pro Max,P2P transfer
TXN_20260816_01548_84c68c,ACC36297523,ACC82456100,5897.33,17.0,False,completed,2026-08-16T06:48:31.423382,"Hyderabad, IN",Pixel 9 Pro,Invoice settlement
TXN_20260816_01202_0d3557,ACC91181015,ACC97828025,19880.77,26.0,False,completed,2026-08-16T06:44:53.474394,"Kolkata, IN",Pixel 9 Pro,Utility bill
TXN_20260816_00830_46a093,ACC92107699,ACC70103438,886.69,20.0,False,completed,2026-08-16T06:27:45.232770,"Jaipur, IN",iPad Pro (Safari),Grocery purchase
TXN_20260816_03509_9f670d,ACC39727090,ACC64246741,7959.29,21.0,False,completed,2026-08-16T06:26:38.868589,"Delhi, IN",MacBook Pro (Chrome 128),Online payment
TXN_20260816_03375_91dd5e,ACC59760987,ACC11706152,31566.7,22.0,False,completed,2026-08-16T06:20:15.678930,"Mumbai, IN",OnePlus 12,Rent transfer
TXN_20260816_04685_9d5f2d,ACC91181015,ACC10897161,32500.77,7.0,False,completed,2026-08-16T06:13:27.544727,"Chennai, IN",Samsung Galaxy S24 Ultra,Grocery purchase
TXN_20260816_03315_1b51da,ACC75311120,ACC75385116,17278.66,8.0,False,completed,2026-08-16T06:00:58.832431,"Jaipur, IN",Pixel 9 Pro,P2P transfer
TXN_20260816_04089_d29996,ACC40593754,ACC20858654,38748.65,28.0,False,completed,2026-08-16T05:59:52.043391,"Pune, IN",iPad Pro (Safari),Software subscription
TXN_20260816_04642_c2da03,ACC16314613,ACC1001,27885.78,15.0,False,completed,2026-08-16T05:58:31.556045,"Kolkata, IN",iPhone 16 Pro Max,Software subscription
TXN_20260816_03644_f91e51,ACC15373430,ACC75385116,9304.45,16.0,False,completed,2026-08-16T05:47:44.024552,"Pune, IN",Samsung Galaxy S24 Ultra,Invoice settlement
TXN_20260816_02893_3862b4,ACC57224534,ACC50081547,22578.25,14.0,False,completed,2026-08-16T05:47:17.283100,"Bangalore, IN",Samsung Galaxy S24 Ultra,Vendor payment
TXN_20260816_00144_1510a0,ACC20858654,ACC75311120,5316.41,22.0,False,completed,2026-08-16T05:27:42.386203,"Delhi, IN",iPhone 16 Pro Max,Online payment
TXN_20260816_04822_c8e99a,ACC1002,ACC36297523,19599.6,19.0,False,completed,2026-08-16T05:21:55.121046,"Hyderabad, IN",Pixel 9 Pro,Invoice settlement
TXN_CRITICAL_2291,ACC50081547,ACC16314613,150000.0,100.0,True,completed,2026-08-16T05:13:36.986890,,,Urgent overseas remittance
TXN_CRITICAL_4975,ACC43907404,ACC16314613,150000.0,100.0,True,completed,2026-08-16T05:11:19.042479,,,Urgent overseas remittance
TXN_TRAVEL_DEL_137,ACC65809811,ACC43249524,15000.0,20.0,False,completed,2026-08-16T05:09:07.210208,"Delhi, IN",,
TXN_RAPID_4_114,ACC20858654,ACC64246741,15000.0,25.0,False,completed,2026-08-16T05:06:06.543092,,,Rapid split transfer #4
TXN_20260816_01589_34a1a8,ACC36297523,ACC25189145,26775.56,23.0,False,completed,2026-08-16T05:05:50.576781,"Delhi, IN",Pixel 9 Pro,Vendor payment
TXN_RAPID_3_240,ACC20858654,ACC11706152,15000.0,25.0,False,completed,2026-08-16T05:05:26.543092,,,Rapid split transfer #3
TXN_RAPID_2_604,ACC20858654,ACC75385116,15000.0,25.0,False,completed,2026-08-16T05:04:46.543092,,,Rapid split transfer #2
TXN_MULE_OUT_421,ACC59760987,ACC43249524,95000.0,90.0,True,completed,2026-08-16T05:04:07.641029,,,Forwarding funds to Layer 2
TXN_TRAVEL_MUM_781,ACC65809811,ACC16314613,10000.0,,False,completed,2026-08-16T05:04:07.209415,"Mumbai, IN",,
TXN_RAPID_1_391,ACC20858654,ACC15373430,15000.0,25.0,False,completed,2026-08-16T05:04:06.543092,,,Rapid split transfer #1
TXN_RAPID_4_799,ACC20858654,ACC64246741,15000.0,25.0,False,completed,2026-08-16T05:03:48.599170,,,Rapid split transfer #4
TXN_RAPID_3_986,ACC20858654,ACC11706152,15000.0,25.0,False,completed,2026-08-16T05:03:08.599170,,,Rapid split transfer #3
TXN_RAPID_2_632,ACC20858654,ACC75385116,15000.0,0.0,False,completed,2026-08-16T05:02:28.599170,,,Rapid split transfer #2
TXN_RAPID_1_923,ACC20858654,ACC15373430,15000.0,0.0,False,completed,2026-08-16T05:01:48.599170,,,Rapid split transfer #1
TXN_DRAIN_2385,ACC70103438,ACC43249524,90000.0,70.0,True,completed,2026-08-16T04:59:06.765608,,,Account clearance transfer
TXN_DRAIN_7223,ACC57224534,ACC43249524,90000.0,70.0,True,completed,2026-08-16T04:56:48.827775,,,Account clearance transfer
TXN_MULE_IN_284,ACC16314613,ACC59760987,100000.0,,False,completed,2026-08-16T04:44:07.640283,,,Inbound victim payment
TXN_20260816_04681_4958e0,ACC50081547,ACC64246741,29656.46,24.0,False,completed,2026-08-16T04:34:09.653315,"Bangalore, IN",iPad Pro (Safari),Invoice settlement
TXN_20260816_03501_07b435,ACC86445636,ACC74473089,35723.31,6.0,False,completed,2026-08-16T04:30:14.516891,"Ahmedabad, IN",Samsung Galaxy S24 Ultra,Consulting fee
TXN_VERYLARGE_9496,ACC97828025,ACC20858654,120000.0,70.0,True,completed,2026-08-16T04:29:06.538493,,Unknown Chrome/Linux,Immediate wire transfer
TXN_VERYLARGE_9360,ACC92107699,ACC20858654,120000.0,70.0,True,completed,2026-08-16T04:26:48.595640,,Unknown Chrome/Linux,Immediate wire transfer
TXN_20260816_00574_5c97b4,ACC_RING_A,ACC70103438,39170.09,26.0,False,completed,2026-08-16T04:23:34.940347,"Bangalore, IN",Windows 11 (Edge 128),Software subscription
TXN_20260816_03842_9a9210,ACC61076366,ACC43907404,28952.92,22.0,False,completed,2026-08-16T04:21:47.766768,"Jaipur, IN",Samsung Galaxy S24 Ultra,Software subscription
TXN_DEV_IPHONE_241,ACC74473089,ACC20858654,55000.0,65.0,True,completed,2026-08-16T04:14:07.424370,,iPhone 17 Pro Max,
TXN_20260816_03946_409ec7,ACC66777666,ACC61076366,6668.24,18.0,False,completed,2026-08-16T03:43:35.029852,"Hyderabad, IN",Windows 11 (Edge 128),P2P transfer
TXN_20260816_00450_430b15,ACC16314613,ACC97828025,35026.6,27.0,False,completed,2026-08-16T03:23:06.466407,"Chennai, IN",Windows 11 (Edge 128),Invoice settlement
TXN_DEV_SAMS_699,ACC74473089,ACC16314613,5000.0,,False,completed,2026-08-16T03:14:07.423669,,Samsung Galaxy S23,
TXN_20260816_00072_b6125d,ACC1003,ACC15211290,12345.12,18.0,False,completed,2026-08-16T03:07:15.642620,"Mumbai, IN",Windows 11 (Edge 128),Vendor payment
TXN_20260816_01715_79a7fe,ACC65809811,ACC15211290,15601.12,24.0,False,completed,2026-08-16T03:05:52.101589,"Chennai, IN",Pixel 9 Pro,Invoice settlement
TXN_20260816_03014_e51925,ACC75311120,ACC36297523,10069.14,20.0,False,completed,2026-08-16T03:01:19.978985,"Pune, IN",iPad Pro (Safari),Software subscription
TXN_20260816_04181_be22c5,ACC_RING_C,ACC40593754,30718.88,5.0,False,completed,2026-08-16T02:41:27.140032,"Bangalore, IN",Samsung Galaxy S24 Ultra,Online payment
TXN_20260816_04970_25cd39,ACC82456100,ACC66777666,37330.44,7.0,False,completed,2026-08-16T02:28:13.979257,"Ahmedabad, IN",MacBook Pro (Chrome 128),Online payment
TXN_20260816_04562_530a86,ACC_RING_C,ACC25189145,39190.28,23.0,False,completed,2026-08-16T02:27:59.586948,"Hyderabad, IN",Pixel 9 Pro,Rent transfer
TXN_20260816_03252_5ff629,ACC57029336,ACC43249524,12173.37,10.0,False,completed,2026-08-16T02:20:39.083355,"Ahmedabad, IN",iPad Pro (Safari),P2P transfer
TXN_20260816_02288_acc0a0,ACC16314613,ACC57029336,21500.21,15.0,False,completed,2026-08-16T02:19:36.668496,"Ahmedabad, IN",Windows 11 (Edge 128),P2P transfer
TXN_LARGE_9918,ACC16314613,ACC43249524,65000.0,50.0,True,completed,2026-08-16T02:14:06.286224,,iPhone 14 Pro,High value equipment purchase
TXN_LARGE_1699,ACC16314613,ACC43249524,65000.0,50.0,True,completed,2026-08-16T02:11:48.347302,,iPhone 14 Pro,High value equipment purchase
TXN_20260816_04345_67400a,ACC92107699,ACC40593754,9422.32,28.0,False,completed,2026-08-16T02:02:17.794922,"Kolkata, IN",Samsung Galaxy S24 Ultra,Software subscription
TXN_20260816_02413_6b3675,ACC1002,ACC97828025,17458.89,7.0,False,completed,2026-08-16T01:57:45.811019,"Kolkata, IN",iPhone 16 Pro Max,Rent transfer
TXN_20260816_01616_761c5e,ACC97828025,ACC57224534,40707.07,20.0,False,completed,2026-08-16T01:55:41.442751,"Ahmedabad, IN",OnePlus 12,Utility bill
TXN_20260816_05029_40c731,ACC15373430,ACC43249524,12315.25,9.0,False,completed,2026-08-16T01:51:14.206312,"Pune, IN",Pixel 9 Pro,Invoice settlement
TXN_20260816_03663_0d6479,ACC_RING_A,ACC91181015,13140.14,15.0,False,completed,2026-08-16T01:48:56.235516,"Ahmedabad, IN",Samsung Galaxy S24 Ultra,P2P transfer
TXN_20260816_03341_c4ca84,ACC1001,ACC20858654,26079.28,10.0,False,completed,2026-08-16T01:47:14.665949,"Ahmedabad, IN",OnePlus 12,Software subscription
TXN_20260816_00681_067561,ACC43467724,ACC1004,43927.37,7.0,False,completed,2026-08-16T01:44:55.392641,"Kolkata, IN",iPhone 16 Pro Max,Online payment
TXN_20260816_03109_a37655,ACC_RING_C,ACC74473089,37119.78,18.0,False,completed,2026-08-16T01:34:39.489035,"Bangalore, IN",MacBook Pro (Chrome 128),Grocery purchase
TXN_20260816_01538_320999,ACC82456100,ACC1003,5429.05,11.0,False,completed,2026-08-16T01:18:17.550339,"Chennai, IN",Windows 11 (Edge 128),Online payment
TXN_20260816_01729_5d1c4f,ACC_RING_A,ACC50081547,8749.57,27.0,False,completed,2026-08-16T01:17:51.745477,"Jaipur, IN",Windows 11 (Edge 128),Software subscription
TXN_20260816_02427_4a579c,ACC1001,ACC15373430,3543.02,28.0,False,completed,2026-08-16T01:07:24.203651,"Chennai, IN",MacBook Pro (Chrome 128),Consulting fee
TXN_20260816_00834_7ec4ed,ACC39727090,ACC11706152,18612.92,5.0,False,completed,2026-08-16T01:01:57.440398,"Kolkata, IN",iPad Pro (Safari),Consulting fee
TXN_20260816_03699_7fa42c,ACC1002,ACC72717142,821.51,19.0,False,completed,2026-08-16T00:42:39.663882,"Hyderabad, IN",Samsung Galaxy S24 Ultra,Software subscription
TXN_20260816_04493_91c45a,ACC59760987,ACC61076366,41442.04,18.0,False,completed,2026-08-16T00:33:05.663568,"Ahmedabad, IN",iPad Pro (Safari),P2P transfer
TXN_20260816_03854_8f70a6,ACC15211290,ACC65809811,15019.57,20.0,False,completed,2026-08-16T00:28:51.941135,"Chennai, IN",MacBook Pro (Chrome 128),Urgent remittance
TXN_20260816_04851_ec294d,ACC1004,ACC74473089,6093.79,21.0,False,completed,2026-08-16T00:24:17.577213,"Pune, IN",Pixel 9 Pro,Rent transfer
TXN_20260816_02459_f3a97e,ACC59760987,ACC1003,21748.4,5.0,False,completed,2026-08-16T00:24:13.288243,"Delhi, IN",Samsung Galaxy S24 Ultra,Consulting fee
TXN_20260816_01409_dd26a7,ACC86445636,ACC92107699,44070.66,11.0,False,completed,2026-08-16T00:20:27.859604,"Mumbai, IN",Windows 11 (Edge 128),Urgent remittance
TXN_20260816_04434_7269a1,ACC39727090,ACC15373430,8349.96,20.0,False,completed,2026-08-16T00:12:50.076528,"Jaipur, IN",Windows 11 (Edge 128),Consulting fee
TXN_20260816_04759_8c38bf,ACC50081547,ACC43907404,41871.44,17.0,False,completed,2026-08-16T00:11:49.272745,"Ahmedabad, IN",Pixel 9 Pro,Software subscription
TXN_20260816_02061_9971da,ACC75311120,ACC50081547,24222.75,28.0,False,completed,2026-08-16T00:10:18.168562,"Hyderabad, IN",MacBook Pro (Chrome 128),Consulting fee
TXN_20260816_04858_7c6c9e,ACC_RING_B,ACC65809811,11001.04,21.0,False,completed,2026-08-16T00:08:15.295035,"Pune, IN",Samsung Galaxy S24 Ultra,Rent transfer
TXN_20260815_00028_0d8d89,ACC1003,ACC50081547,72551.0,94.0,True,completed,2026-08-15T23:55:43.995695,"Kolkata, IN",Samsung Galaxy S24 Ultra,Grocery purchase
TXN_20260815_02959_1669e6,ACC39727090,ACC57029336,39934.0,6.0,False,completed,2026-08-15T23:52:28.861193,"Jaipur, IN",MacBook Pro (Chrome 128),P2P transfer
TXN_20260815_00306_0449ec,ACC74473089,ACC70103438,3600.43,16.0,False,completed,2026-08-15T23:41:20.457497,"Delhi, IN",Samsung Galaxy S24 Ultra,Grocery purchase
TXN_20260815_00536_991c99,ACC_RING_B,ACC40593754,17434.86,21.0,False,completed,2026-08-15T23:13:03.319986,"Hyderabad, IN",iPhone 16 Pro Max,Grocery purchase
TXN_20260815_03696_ac4d4f,ACC40593754,ACC50081547,43117.08,5.0,False,completed,2026-08-15T22:56:45.793604,"Hyderabad, IN",OnePlus 12,Software subscription
TXN_20260815_04252_267607,ACC1003,ACC11706152,41747.93,9.0,False,completed,2026-08-15T22:24:10.750926,"Mumbai, IN",MacBook Pro (Chrome 128),Online payment
TXN_20260815_01578_cd52a4,ACC_RING_C,ACC16314613,22089.91,25.0,False,completed,2026-08-15T22:20:25.317726,"Pune, IN",Samsung Galaxy S24 Ultra,Urgent remittance
TXN_20260815_05051_b0c53f,ACC86445636,ACC36297523,17448.2,21.0,False,completed,2026-08-15T22:18:03.269792,"Mumbai, IN",Windows 11 (Edge 128),Grocery purchase
TXN_20260815_01201_0b3dc8,ACC82456100,ACC1002,10508.4,5.0,False,completed,2026-08-15T21:51:32.193974,"Bangalore, IN",Windows 11 (Edge 128),Utility bill
TXN_20260815_02873_01a582,ACC57029336,ACC20858654,31036.98,28.0,False,completed,2026-08-15T21:40:51.256902,"Chennai, IN",iPad Pro (Safari),Rent transfer
TXN_20260815_00258_a593d4,ACC36297523,ACC43249524,34904.88,24.0,False,completed,2026-08-15T21:16:02.759932,"Mumbai, IN",Samsung Galaxy S24 Ultra,Urgent remittance
TXN_20260815_01838_cb0b6c,ACC43467724,ACC11706152,31481.03,23.0,False,completed,2026-08-15T21:08:43.242533,"Bangalore, IN",iPhone 16 Pro Max,Vendor payment
TXN_20260815_04350_9113a3,ACC70103438,ACC57224534,34092.82,12.0,False,completed,2026-08-15T21:03:50.849071,"Hyderabad, IN",OnePlus 12,Rent transfer
TXN_20260815_00708_2c8506,ACC_RING_C,ACC97828025,41390.5,22.0,False,completed,2026-08-15T20:35:13.766879,"Mumbai, IN",Samsung Galaxy S24 Ultra,Software subscription
TXN_20260815_03739_053008,ACC25189145,ACC75311120,36337.23,11.0,False,completed,2026-08-15T20:24:49.201458,"Jaipur, IN",Windows 11 (Edge 128),Grocery purchase
TXN_20260815_03954_bc5346,ACC92107699,ACC75385116,37992.92,10.0,False,completed,2026-08-15T20:21:51.631871,"Ahmedabad, IN",Samsung Galaxy S24 Ultra,Vendor payment
TXN_20260815_01604_9fb9c8,ACC72717142,ACC66777666,19806.75,22.0,False,completed,2026-08-15T19:56:39.664349,"Pune, IN",OnePlus 12,Vendor payment
TXN_20260815_02830_d6c81b,ACC74473089,ACC97828025,38413.38,28.0,False,completed,2026-08-15T19:56:36.022855,"Pune, IN",OnePlus 12,Invoice settlement
TXN_20260815_00409_7fcb27,ACC1002,ACC15211290,21133.86,18.0,False,completed,2026-08-15T19:54:56.828175,"Pune, IN",Samsung Galaxy S24 Ultra,P2P transfer
TXN_20260815_04645_c40c21,ACC82456100,ACC57029336,43966.51,11.0,False,completed,2026-08-15T19:47:13.270946,"Jaipur, IN",OnePlus 12,Consulting fee
TXN_20260815_01404_daa64e,ACC65809811,ACC70103438,42125.4,24.0,False,completed,2026-08-15T19:41:07.021628,"Pune, IN",OnePlus 12,Utility bill
TXN_20260815_02665_31d63e,ACC40593754,ACC25189145,35330.24,28.0,False,completed,2026-08-15T19:40:18.442901,"Delhi, IN",OnePlus 12,Urgent remittance
TXN_20260815_01577_3f0f9e,ACC20858654,ACC57224534,200.29,13.0,False,completed,2026-08-15T19:26:07.683828,"Pune, IN",Windows 11 (Edge 128),Software subscription
TXN_20260815_01960_34c116,ACC36297523,ACC1003,177758.0,73.0,True,completed,2026-08-15T18:27:31.370295,"Chennai, IN",MacBook Pro (Chrome 128),Grocery purchase
TXN_20260815_00223_b8456d,ACC82456100,ACC1004,36645.5,26.0,False,completed,2026-08-15T18:00:41.121240,"Delhi, IN",MacBook Pro (Chrome 128),Online payment
TXN_20260815_01506_16a2a2,ACC_RING_A,ACC1004,25553.14,26.0,False,completed,2026-08-15T17:46:36.073346,"Chennai, IN",iPad Pro (Safari),Urgent remittance
TXN_20260815_02131_46b331,ACC10897161,ACC50081547,432.65,25.0,False,completed,2026-08-15T17:25:51.995919,"Ahmedabad, IN",Samsung Galaxy S24 Ultra,Consulting fee
TXN_20260815_02555_cd3d73,ACC59760987,ACC86445636,13558.85,10.0,False,completed,2026-08-15T17:24:23.756393,"Bangalore, IN",iPad Pro (Safari),Software subscription
TXN_20260815_03993_40eb9a,ACC97828025,ACC15373430,30255.95,11.0,False,completed,2026-08-15T17:11:20.468721,"Chennai, IN",Windows 11 (Edge 128),Rent transfer
TXN_20260815_00953_483e42,ACC40593754,ACC25189145,7834.29,9.0,False,completed,2026-08-15T17:07:23.111820,"Ahmedabad, IN",iPhone 16 Pro Max,Online payment
TXN_20260815_04745_edc596,ACC72717142,ACC57224534,37354.7,15.0,False,completed,2026-08-15T17:06:16.804315,"Mumbai, IN",iPhone 16 Pro Max,Grocery purchase
TXN_20260815_03575_d67814,ACC36297523,ACC86445636,44565.21,8.0,False,completed,2026-08-15T17:01:48.809282,"Kolkata, IN",iPhone 16 Pro Max,Utility bill
TXN_20260815_01968_1ea4b5,ACC_RING_B,ACC20858654,16312.26,19.0,False,completed,2026-08-15T16:54:25.910677,"Ahmedabad, IN",OnePlus 12,Consulting fee
TXN_20260815_03413_b059a5,ACC61076366,ACC40593754,37253.87,10.0,False,completed,2026-08-15T16:53:45.899740,"Jaipur, IN",Windows 11 (Edge 128),Online payment
TXN_20260815_03321_06d464,ACC75311120,ACC15373430,20874.83,18.0,False,completed,2026-08-15T16:48:26.120330,"Ahmedabad, IN",Pixel 9 Pro,Utility bill
TXN_20260815_02198_dc3d96,ACC15211290,ACC1002,9262.78,27.0,False,completed,2026-08-15T16:35:41.007195,"Ahmedabad, IN",Pixel 9 Pro,Consulting fee
TXN_20260815_00210_1bbfab,ACC43907404,ACC64246741,33883.77,18.0,False,completed,2026-08-15T16:31:17.017353,"Bangalore, IN",Windows 11 (Edge 128),Vendor payment
TXN_20260815_00048_9479ec,ACC20858654,ACC64246741,186427.0,83.0,True,completed,2026-08-15T16:06:30.388096,"Chennai, IN",iPad Pro (Safari),Grocery purchase
TXN_20260815_04706_ce7d81,ACC72717142,ACC1003,16134.34,8.0,False,completed,2026-08-15T15:44:20.238713,"Kolkata, IN",Samsung Galaxy S24 Ultra,Utility bill
TXN_20260815_01067_7d48d7,ACC70103438,ACC20858654,19863.09,24.0,False,completed,2026-08-15T15:42:19.300615,"Kolkata, IN",MacBook Pro (Chrome 128),Urgent remittance
TXN_20260815_03653_dcdded,ACC74473089,ACC15211290,31504.15,18.0,False,completed,2026-08-15T15:41:23.934679,"Mumbai, IN",Windows 11 (Edge 128),Urgent remittance
TXN_20260815_02761_147f7e,ACC61076366,ACC10897161,11175.99,5.0,False,completed,2026-08-15T14:58:50.131978,"Ahmedabad, IN",iPad Pro (Safari),Vendor payment
TXN_20260815_01595_860ed1,ACC59760987,ACC65809811,18536.51,13.0,False,completed,2026-08-15T14:49:39.565148,"Kolkata, IN",Windows 11 (Edge 128),Urgent remittance
TXN_20260815_01624_4fc2ee,ACC1001,ACC36297523,24533.1,13.0,False,completed,2026-08-15T14:48:01.991177,"Ahmedabad, IN",Windows 11 (Edge 128),Grocery purchase
TXN_20260815_00462_cd6b19,ACC75385116,ACC59760987,17641.38,9.0,False,completed,2026-08-15T14:29:37.669102,"Chennai, IN",OnePlus 12,Vendor payment
TXN_20260815_04607_b40088,ACC20858654,ACC43249524,5790.39,12.0,False,completed,2026-08-15T14:23:44.509820,"Kolkata, IN",Samsung Galaxy S24 Ultra,P2P transfer
TXN_20260815_02193_0fb015,ACC75311120,ACC20858654,34325.43,25.0,False,completed,2026-08-15T14:16:43.858285,"Bangalore, IN",iPad Pro (Safari),Grocery purchase
TXN_20260815_00833_f8ef53,ACC25189145,ACC82456100,41482.59,14.0,False,completed,2026-08-15T14:05:58.079656,"Hyderabad, IN",iPhone 16 Pro Max,Invoice settlement
TXN_20260815_02048_cc74e8,ACC64246741,ACC40593754,13826.59,12.0,False,completed,2026-08-15T13:44:49.892394,"Kolkata, IN",OnePlus 12,Rent transfer
TXN_20260815_02056_517201,ACC61076366,ACC15211290,12311.76,28.0,False,completed,2026-08-15T13:39:57.221848,"Pune, IN",Pixel 9 Pro,Vendor payment
TXN_20260815_04894_78417f,ACC16314613,ACC1001,34754.05,20.0,False,completed,2026-08-15T13:36:43.735239,"Bangalore, IN",OnePlus 12,Vendor payment
TXN_20260815_03492_b90ac2,ACC25189145,ACC16314613,36817.08,7.0,False,completed,2026-08-15T13:31:31.525401,"Kolkata, IN",Windows 11 (Edge 128),Invoice settlement
TXN_20260815_04411_5f41c0,ACC1001,ACC11706152,22628.65,7.0,False,completed,2026-08-15T13:31:23.670488,"Kolkata, IN",OnePlus 12,Consulting fee
TXN_20260815_00054_66bab4,ACC64246741,ACC75385116,19716.88,8.0,False,completed,2026-08-15T13:26:21.887865,"Chennai, IN",iPad Pro (Safari),Rent transfer
TXN_20260815_02068_c8c7f4,ACC64246741,ACC65809811,21282.38,16.0,False,completed,2026-08-15T13:24:32.171408,"Pune, IN",Windows 11 (Edge 128),Urgent remittance
TXN_20260815_01692_35f0ae,ACC57029336,ACC43249524,7512.72,6.0,False,completed,2026-08-15T13:21:03.218959,"Mumbai, IN",Pixel 9 Pro,Online payment
TXN_20260815_00972_56a443,ACC57029336,ACC72717142,21229.94,8.0,False,completed,2026-08-15T13:10:01.503965,"Mumbai, IN",MacBook Pro (Chrome 128),Software subscription
TXN_20260815_01232_b71658,ACC43249524,ACC36297523,6136.63,23.0,False,completed,2026-08-15T12:48:23.936732,"Jaipur, IN",MacBook Pro (Chrome 128),Utility bill
TXN_20260815_02228_ae944e,ACC91181015,ACC10897161,6966.66,15.0,False,completed,2026-08-15T12:47:05.297288,"Ahmedabad, IN",MacBook Pro (Chrome 128),Vendor payment
TXN_20260815_02591_85d522,ACC82456100,ACC50081547,14036.23,23.0,False,completed,2026-08-15T12:42:49.689385,"Pune, IN",Samsung Galaxy S24 Ultra,Software subscription
TXN_20260815_02443_9c2708,ACC66777666,ACC61076366,6654.07,25.0,False,completed,2026-08-15T12:06:49.413788,"Mumbai, IN",iPhone 16 Pro Max,Software subscription
TXN_20260815_02676_1d6cd9,ACC97828025,ACC_RING_A,38753.0,9.0,False,completed,2026-08-15T11:55:47.584358,"Delhi, IN",Windows 11 (Edge 128),Rent transfer
TXN_20260815_03808_563a30,ACC1004,ACC64246741,1430.84,26.0,False,completed,2026-08-15T11:49:52.341332,"Bangalore, IN",OnePlus 12,Vendor payment
TXN_20260815_04552_9aeb78,ACC10897161,ACC43467724,10586.33,26.0,False,completed,2026-08-15T11:36:54.487664,"Mumbai, IN",Samsung Galaxy S24 Ultra,P2P transfer
TXN_20260815_02306_72b162,ACC64246741,ACC16314613,1523.34,26.0,False,completed,2026-08-15T11:19:35.618546,"Ahmedabad, IN",MacBook Pro (Chrome 128),Rent transfer
TXN_20260815_04225_dcccd2,ACC75385116,ACC50081547,16949.83,28.0,False,completed,2026-08-15T11:08:18.059995,"Chennai, IN",MacBook Pro (Chrome 128),Invoice settlement
TXN_20260815_02547_b3c447,ACC97828025,ACC11706152,4435.22,12.0,False,completed,2026-08-15T11:03:35.865525,"Delhi, IN",Pixel 9 Pro,Utility bill
TXN_20260815_04942_921f47,ACC1001,ACC97828025,17506.23,18.0,False,completed,2026-08-15T10:57:31.493666,"Kolkata, IN",OnePlus 12,Urgent remittance
TXN_20260815_00641_3fd221,ACC36297523,ACC16314613,36637.7,13.0,False,completed,2026-08-15T10:51:13.517329,"Jaipur, IN",OnePlus 12,Online payment
TXN_20260815_01825_0808c4,ACC43249524,ACC75311120,18418.87,24.0,False,completed,2026-08-15T10:50:20.353244,"Delhi, IN",iPad Pro (Safari),Invoice settlement
TXN_20260815_02897_6ab9d1,ACC86445636,ACC_RING_A,35846.09,10.0,False,completed,2026-08-15T10:38:43.212442,"Pune, IN",OnePlus 12,Invoice settlement
TXN_20260815_00172_5a8bd6,ACC91181015,ACC40593754,35961.02,12.0,False,completed,2026-08-15T10:36:44.269166,"Delhi, IN",Windows 11 (Edge 128),Software subscription
TXN_20260815_01697_f78ed6,ACC75311120,ACC59760987,32978.72,27.0,False,completed,2026-08-15T10:36:42.771748,"Jaipur, IN",iPad Pro (Safari),Software subscription
TXN_20260815_05096_dd052e,ACC1002,ACC43907404,6679.31,28.0,False,completed,2026-08-15T10:33:28.230011,"Kolkata, IN",Samsung Galaxy S24 Ultra,Grocery purchase
TXN_20260815_02387_382ec2,ACC74473089,ACC91181015,37394.19,17.0,False,completed,2026-08-15T10:15:07.830819,"Kolkata, IN",Samsung Galaxy S24 Ultra,P2P transfer
TXN_20260815_04651_72fb6b,ACC75385116,ACC64246741,9663.64,21.0,False,completed,2026-08-15T10:10:00.735790,"Mumbai, IN",Samsung Galaxy S24 Ultra,Online payment
TXN_20260815_04912_dca709,ACC72717142,ACC_RING_B,37346.91,8.0,False,completed,2026-08-15T10:08:54.368757,"Kolkata, IN",MacBook Pro (Chrome 128),Grocery purchase
TXN_20260815_02406_61fbdb,ACC61076366,ACC57224534,28243.0,5.0,False,completed,2026-08-15T10:04:09.294576,"Delhi, IN",Windows 11 (Edge 128),Grocery purchase
TXN_20260815_00520_673135,ACC92107699,ACC43467724,135829.0,74.0,True,completed,2026-08-15T09:51:30.757181,"Jaipur, IN",MacBook Pro (Chrome 128),Vendor payment
TXN_20260815_01973_bfb37b,ACC57224534,ACC16314613,14777.98,18.0,False,completed,2026-08-15T09:46:18.560388,"Hyderabad, IN",iPad Pro (Safari),Vendor payment
TXN_20260815_04801_7a48b1,ACC91181015,ACC36297523,6985.65,18.0,False,completed,2026-08-15T09:45:01.347725,"Jaipur, IN",iPad Pro (Safari),Vendor payment
TXN_20260815_01615_025413,ACC70103438,ACC15373430,18226.81,27.0,False,completed,2026-08-15T09:44:13.014692,"Bangalore, IN",Pixel 9 Pro,Grocery purchase
TXN_20260815_04295_7f4d42,ACC16314613,ACC59760987,5326.29,8.0,False,completed,2026-08-15T09:34:48.921778,"Jaipur, IN",Pixel 9 Pro,P2P transfer
TXN_20260815_02621_ee1722,ACC1003,ACC92107699,39642.44,10.0,False,completed,2026-08-15T09:22:51.441106,"Pune, IN",OnePlus 12,Invoice settlement
TXN_20260815_04297_94134f,ACC65809811,ACC16314613,23390.41,27.0,False,completed,2026-08-15T08:58:16.284782,"Delhi, IN",iPhone 16 Pro Max,Vendor payment
TXN_20260815_03952_f6a511,ACC92107699,ACC20858654,34391.23,25.0,False,completed,2026-08-15T08:55:46.411219,"Ahmedabad, IN",iPad Pro (Safari),Consulting fee
TXN_20260815_00839_38d17d,ACC1003,ACC1001,24495.97,26.0,False,completed,2026-08-15T08:21:17.847558,"Ahmedabad, IN",MacBook Pro (Chrome 128),P2P transfer
TXN_20260815_01460_225283,ACC82456100,ACC_RING_C,14970.31,9.0,False,completed,2026-08-15T08:16:18.359718,"Pune, IN",OnePlus 12,Utility bill
TXN_20260815_05058_29b029,ACC15373430,ACC36297523,16704.95,15.0,False,completed,2026-08-15T08:12:32.550811,"Jaipur, IN",Pixel 9 Pro,Consulting fee
TXN_20260815_04340_562b4a,ACC_RING_B,ACC20858654,39441.79,23.0,False,completed,2026-08-15T08:05:53.590363,"Hyderabad, IN",iPad Pro (Safari),Vendor payment
TXN_20260815_00473_a6ff63,ACC72717142,ACC57224534,37901.12,8.0,False,completed,2026-08-15T07:57:53.243188,"Delhi, IN",iPhone 16 Pro Max,Rent transfer
TXN_20260815_03126_37622e,ACC57029336,ACC57224534,6579.59,25.0,False,completed,2026-08-15T07:32:51.969581,"Chennai, IN",OnePlus 12,Software subscription
TXN_20260815_03622_f5f308,ACC_RING_A,ACC_RING_C,18255.29,23.0,False,completed,2026-08-15T07:27:53.532396,"Mumbai, IN",iPhone 16 Pro Max,Rent transfer
TXN_20260815_02379_4238ed,ACC57029336,ACC1001,36501.72,16.0,False,completed,2026-08-15T07:23:55.056439,"Mumbai, IN",MacBook Pro (Chrome 128),Utility bill
TXN_20260815_01827_8ff5e1,ACC36297523,ACC_RING_C,19983.85,17.0,False,completed,2026-08-15T07:10:14.827740,"Chennai, IN",iPhone 16 Pro Max,P2P transfer
TXN_20260815_00602_8f2f25,ACC16314613,ACC39727090,26671.38,13.0,False,completed,2026-08-15T07:09:41.608211,"Jaipur, IN",iPad Pro (Safari),Rent transfer
TXN_20260815_04420_0b8e15,ACC82456100,ACC59760987,38333.1,22.0,False,completed,2026-08-15T06:37:08.259150,"Kolkata, IN",iPhone 16 Pro Max,Software subscription
TXN_20260815_04374_c0b102,ACC82456100,ACC43907404,23203.51,14.0,False,completed,2026-08-15T06:11:50.561536,"Bangalore, IN",Pixel 9 Pro,P2P transfer
TXN_20260815_04676_b8af5c,ACC75311120,ACC61076366,29072.62,17.0,False,completed,2026-08-15T06:10:27.188291,"Jaipur, IN",MacBook Pro (Chrome 128),P2P transfer
TXN_20260815_02569_741c32,ACC72717142,ACC1004,2578.59,16.0,False,completed,2026-08-15T06:05:11.561588,"Bangalore, IN",MacBook Pro (Chrome 128),Vendor payment
TXN_20260815_00260_66aa16,ACC36297523,ACC75385116,29711.33,18.0,False,completed,2026-08-15T05:46:18.820213,"Kolkata, IN",Windows 11 (Edge 128),Grocery purchase
TXN_20260815_03670_ad81ab,ACC64246741,ACC11706152,37974.31,17.0,False,completed,2026-08-15T05:40:31.869781,"Jaipur, IN",Windows 11 (Edge 128),Vendor payment
TXN_20260815_02553_8de859,ACC86445636,ACC82456100,15871.08,17.0,False,completed,2026-08-15T05:01:25.364371,"Chennai, IN",iPhone 16 Pro Max,Consulting fee
TXN_20260815_02194_e7f3a7,ACC_RING_A,ACC61076366,3011.15,27.0,False,completed,2026-08-15T04:56:52.528543,"Kolkata, IN",iPad Pro (Safari),Invoice settlement
TXN_20260815_00029_caa32f,ACC70103438,ACC_RING_A,122127.0,73.0,True,completed,2026-08-15T04:56:30.565781,"Jaipur, IN",Windows 11 (Edge 128),Software subscription
TXN_20260815_01887_77bc12,ACC16314613,ACC_RING_C,38176.44,7.0,False,completed,2026-08-15T04:55:55.023133,"Jaipur, IN",Windows 11 (Edge 128),Software subscription
TXN_20260815_04753_7b3a60,ACC82456100,ACC61076366,22752.52,24.0,False,completed,2026-08-15T04:55:35.049027,"Chennai, IN",Pixel 9 Pro,P2P transfer
TXN_20260815_02001_d821e8,ACC61076366,ACC15373430,21988.57,9.0,False,completed,2026-08-15T04:20:22.630667,"Mumbai, IN",iPad Pro (Safari),Online payment
TXN_20260815_03462_fc41f8,ACC92107699,ACC66777666,5997.63,18.0,False,completed,2026-08-15T04:17:09.828854,"Hyderabad, IN",iPhone 16 Pro Max,P2P transfer
TXN_20260815_02629_891f48,ACC39727090,ACC82456100,29339.59,26.0,False,completed,2026-08-15T04:05:57.515742,"Hyderabad, IN",Pixel 9 Pro,Rent transfer
TXN_20260815_02215_74913e,ACC_RING_C,ACC_RING_A,658.85,10.0,False,completed,2026-08-15T03:43:47.552302,"Jaipur, IN",MacBook Pro (Chrome 128),P2P transfer
TXN_20260815_03319_70d694,ACC75385116,ACC64246741,11627.11,10.0,False,completed,2026-08-15T03:43:39.318573,"Pune, IN",iPhone 16 Pro Max,Consulting fee
TXN_20260815_00341_0258ec,ACC36297523,ACC72717142,32317.99,8.0,False,completed,2026-08-15T03:42:47.894453,"Jaipur, IN",MacBook Pro (Chrome 128),P2P transfer
TXN_20260815_01848_423733,ACC39727090,ACC72717142,25103.42,10.0,False,completed,2026-08-15T03:37:26.354657,"Kolkata, IN",OnePlus 12,Vendor payment
TXN_20260815_00013_c5c8c5,ACC57029336,ACC66777666,141450.0,66.0,True,completed,2026-08-15T03:28:49.714997,"Pune, IN",iPhone 16 Pro Max,Utility bill
TXN_20260815_01209_b52d2a,ACC43249524,ACC1004,12889.98,25.0,False,completed,2026-08-15T03:23:46.609811,"Jaipur, IN",Windows 11 (Edge 128),Rent transfer
TXN_20260815_02303_260847,ACC15211290,ACC1001,27361.21,20.0,False,completed,2026-08-15T03:23:00.907962,"Jaipur, IN",iPad Pro (Safari),Grocery purchase
TXN_20260815_01246_87e1de,ACC43467724,ACC1002,11734.12,11.0,False,completed,2026-08-15T03:13:10.144881,"Ahmedabad, IN",OnePlus 12,Consulting fee
TXN_20260815_01599_4b98f7,ACC92107699,ACC43467724,34911.97,13.0,False,completed,2026-08-15T02:46:08.389379,"Delhi, IN",Samsung Galaxy S24 Ultra,Software subscription
TXN_20260815_04668_d73d59,ACC_RING_B,ACC72717142,21548.62,8.0,False,completed,2026-08-15T02:30:18.826824,"Jaipur, IN",iPhone 16 Pro Max,Invoice settlement
TXN_20260815_00410_4483ad,ACC39727090,ACC75311120,22464.55,27.0,False,completed,2026-08-15T02:05:59.070707,"Bangalore, IN",Samsung Galaxy S24 Ultra,Consulting fee
TXN_20260815_04163_0f91ad,ACC39727090,ACC36297523,29318.7,12.0,False,completed,2026-08-15T01:56:52.949414,"Chennai, IN",Samsung Galaxy S24 Ultra,Online payment
TXN_20260815_05164_2898ae,ACC82456100,ACC15211290,26303.51,27.0,False,completed,2026-08-15T01:54:21.459386,"Pune, IN",Pixel 9 Pro,Rent transfer
TXN_20260815_05027_09a384,ACC20858654,ACC39727090,22804.37,7.0,False,completed,2026-08-15T01:10:34.028388,"Mumbai, IN",OnePlus 12,Urgent remittance
TXN_20260815_02545_77e696,ACC43467724,ACC70103438,11228.38,12.0,False,completed,2026-08-15T01:06:43.587657,"Kolkata, IN",Pixel 9 Pro,Grocery purchase
TXN_20260815_03189_a3cfa6,ACC82456100,ACC_RING_A,1047.48,15.0,False,completed,2026-08-15T00:49:43.907736,"Mumbai, IN",iPhone 16 Pro Max,Vendor payment
TXN_20260815_04298_dce848,ACC11706152,ACC1001,35451.17,13.0,False,completed,2026-08-15T00:40:58.955066,"Ahmedabad, IN",Pixel 9 Pro,Utility bill
TXN_20260815_00621_8e8db4,ACC50081547,ACC_RING_C,9706.2,22.0,False,completed,2026-08-15T00:34:38.649284,"Delhi, IN",iPad Pro (Safari),Utility bill
TXN_20260815_03650_ca7273,ACC25189145,ACC39727090,26026.48,10.0,False,completed,2026-08-15T00:31:20.258878,"Kolkata, IN",Windows 11 (Edge 128),P2P transfer
TXN_20260815_03225_e8992e,ACC1001,ACC36297523,29648.91,14.0,False,completed,2026-08-15T00:30:04.285955,"Ahmedabad, IN",Windows 11 (Edge 128),Software subscription
TXN_20260814_00739_542c53,ACC70103438,ACC_RING_C,5373.44,21.0,False,completed,2026-08-14T23:52:30.107577,"Delhi, IN",Pixel 9 Pro,Invoice settlement
TXN_20260814_01357_8fdfa6,ACC91181015,ACC25189145,672.79,20.0,False,completed,2026-08-14T23:37:36.852197,"Chennai, IN",iPhone 16 Pro Max,Urgent remittance
TXN_20260814_00532_049f64,ACC72717142,ACC_RING_A,14060.9,25.0,False,completed,2026-08-14T23:34:08.216746,"Hyderabad, IN",Windows 11 (Edge 128),P2P transfer
TXN_20260814_04139_9ec3e7,ACC97828025,ACC50081547,8628.47,19.0,False,completed,2026-08-14T23:33:12.865996,"Bangalore, IN",MacBook Pro (Chrome 128),Utility bill
TXN_20260814_02252_6d8f1f,ACC65809811,ACC72717142,1691.32,22.0,False,completed,2026-08-14T23:08:39.387030,"Chennai, IN",Samsung Galaxy S24 Ultra,Consulting fee
TXN_20260814_00205_739466,ACC1002,ACC1004,40842.13,15.0,False,completed,2026-08-14T23:00:08.712892,"Chennai, IN",Windows 11 (Edge 128),Rent transfer
TXN_20260814_02265_d57181,ACC20858654,ACC15211290,30661.46,23.0,False,completed,2026-08-14T22:55:48.963086,"Bangalore, IN",Samsung Galaxy S24 Ultra,Online payment
TXN_20260814_03500_8e9690,ACC75311120,ACC39727090,1653.05,14.0,False,completed,2026-08-14T22:42:19.218807,"Delhi, IN",Pixel 9 Pro,Software subscription
TXN_20260814_00716_ce9adc,ACC82456100,ACC43249524,33021.79,9.0,False,completed,2026-08-14T22:15:55.038598,"Mumbai, IN",iPhone 16 Pro Max,Online payment
TXN_20260814_01056_13333a,ACC_RING_C,ACC_RING_B,9547.41,14.0,False,completed,2026-08-14T21:42:23.615759,"Bangalore, IN",Pixel 9 Pro,Consulting fee
TXN_20260814_00419_cfa527,ACC97828025,ACC92107699,26338.01,26.0,False,completed,2026-08-14T21:13:50.112702,"Kolkata, IN",iPhone 16 Pro Max,Consulting fee
TXN_20260814_03055_1c4cf6,ACC15373430,ACC43249524,6496.58,22.0,False,completed,2026-08-14T20:55:36.835997,"Kolkata, IN",iPhone 16 Pro Max,Consulting fee
TXN_20260814_02995_ded022,ACC61076366,ACC10897161,26444.84,27.0,False,completed,2026-08-14T20:50:27.542214,"Chennai, IN",iPad Pro (Safari),Utility bill
TXN_20260814_02445_d27500,ACC97828025,ACC70103438,34943.58,11.0,False,completed,2026-08-14T20:44:36.897740,"Bangalore, IN",OnePlus 12,Software subscription
TXN_20260814_03024_afcc46,ACC_RING_B,ACC20858654,43274.83,6.0,False,completed,2026-08-14T20:44:24.375241,"Ahmedabad, IN",Windows 11 (Edge 128),Rent transfer
TXN_20260814_02802_474da4,ACC1002,ACC25189145,37720.42,25.0,False,completed,2026-08-14T20:32:45.125859,"Chennai, IN",Pixel 9 Pro,Software subscription
TXN_20260814_03323_e5e9b0,ACC15211290,ACC59760987,25543.9,19.0,False,completed,2026-08-14T20:18:54.582397,"Hyderabad, IN",iPhone 16 Pro Max,Software subscription
TXN_20260814_03967_d095d1,ACC10897161,ACC43907404,37776.2,22.0,False,completed,2026-08-14T20:16:40.807794,"Jaipur, IN",Pixel 9 Pro,Vendor payment
TXN_20260814_01476_2d3baa,ACC11706152,ACC43249524,29040.87,13.0,False,completed,2026-08-14T20:04:12.978525,"Kolkata, IN",iPad Pro (Safari),Utility bill
TXN_20260814_04832_1b3a3f,ACC75311120,ACC_RING_B,16832.19,17.0,False,completed,2026-08-14T19:41:29.938771,"Ahmedabad, IN",iPhone 16 Pro Max,Online payment
TXN_20260814_04914_9391d8,ACC91181015,ACC70103438,35339.37,15.0,False,completed,2026-08-14T19:39:35.658673,"Ahmedabad, IN",Pixel 9 Pro,Consulting fee
TXN_20260814_00704_18b28f,ACC97828025,ACC61076366,44208.15,28.0,False,completed,2026-08-14T19:34:27.410234,"Mumbai, IN",MacBook Pro (Chrome 128),Rent transfer
TXN_20260814_00822_680298,ACC74473089,ACC11706152,30157.73,20.0,False,completed,2026-08-14T19:18:42.610510,"Pune, IN",MacBook Pro (Chrome 128),Online payment
TXN_20260814_02803_5ad351,ACC65809811,ACC57224534,32633.12,14.0,False,completed,2026-08-14T19:01:00.411782,"Mumbai, IN",Windows 11 (Edge 128),Consulting fee
TXN_20260814_00900_b34d64,ACC1001,ACC57224534,32029.65,24.0,False,completed,2026-08-14T18:59:40.069964,"Mumbai, IN",Windows 11 (Edge 128),Utility bill
TXN_20260814_03483_87849b,ACC20858654,ACC15373430,35713.6,12.0,False,completed,2026-08-14T18:56:08.178471,"Delhi, IN",iPad Pro (Safari),Vendor payment
TXN_20260814_04764_7cbfa7,ACC50081547,ACC75385116,37031.5,13.0,False,completed,2026-08-14T18:46:05.203711,"Ahmedabad, IN",iPhone 16 Pro Max,Vendor payment
TXN_20260814_01761_2fcb91,ACC1004,ACC97828025,26023.45,10.0,False,completed,2026-08-14T18:45:27.642633,"Pune, IN",Pixel 9 Pro,Invoice settlement
TXN_20260814_04011_4bb7b3,ACC50081547,ACC20858654,30813.8,11.0,False,completed,2026-08-14T18:39:07.367660,"Jaipur, IN",Samsung Galaxy S24 Ultra,P2P transfer
TXN_20260814_04856_b3ae14,ACC82456100,ACC1004,31784.77,28.0,False,completed,2026-08-14T18:32:44.236364,"Chennai, IN",Samsung Galaxy S24 Ultra,Online payment
TXN_20260814_02242_801d55,ACC1004,ACC74473089,21236.48,28.0,False,completed,2026-08-14T18:25:22.450416,"Pune, IN",Pixel 9 Pro,Vendor payment
TXN_20260814_01148_ca466a,ACC40593754,ACC59760987,35535.24,15.0,False,completed,2026-08-14T18:14:02.637099,"Delhi, IN",iPhone 16 Pro Max,Consulting fee
TXN_20260814_03850_a9eab8,ACC61076366,ACC57029336,13101.37,18.0,False,completed,2026-08-14T18:08:06.973401,"Kolkata, IN",MacBook Pro (Chrome 128),P2P transfer
TXN_20260814_04890_1347e5,ACC_RING_C,ACC15211290,12988.38,9.0,False,completed,2026-08-14T17:39:52.245077,"Ahmedabad, IN",MacBook Pro (Chrome 128),Invoice settlement
TXN_20260814_04549_966641,ACC43467724,ACC86445636,37731.38,18.0,False,completed,2026-08-14T17:38:13.708646,"Chennai, IN",iPad Pro (Safari),Utility bill
TXN_20260814_04170_69bb88,ACC82456100,ACC59760987,17643.59,22.0,False,completed,2026-08-14T17:30:36.168324,"Pune, IN",OnePlus 12,Software subscription
TXN_20260814_01560_b52a36,ACC40593754,ACC74473089,108598.0,90.0,True,completed,2026-08-14T17:26:22.677025,"Chennai, IN",Windows 11 (Edge 128),Utility bill
TXN_20260814_04110_bb050a,ACC_RING_C,ACC57224534,4756.87,13.0,False,completed,2026-08-14T17:25:57.118761,"Ahmedabad, IN",Pixel 9 Pro,Urgent remittance
TXN_20260814_00208_493c8e,ACC66777666,ACC57224534,29302.36,18.0,False,completed,2026-08-14T17:08:11.000044,"Chennai, IN",MacBook Pro (Chrome 128),Software subscription
TXN_20260814_01088_055581,ACC16314613,ACC74473089,8416.14,10.0,False,completed,2026-08-14T16:31:09.354579,"Pune, IN",OnePlus 12,Invoice settlement
TXN_20260814_01646_ef35e3,ACC50081547,ACC_RING_C,22691.3,24.0,False,completed,2026-08-14T16:13:48.429243,"Chennai, IN",Samsung Galaxy S24 Ultra,Invoice settlement
TXN_20260814_00792_294738,ACC1003,ACC97828025,2621.4,22.0,False,completed,2026-08-14T16:05:26.378258,"Hyderabad, IN",MacBook Pro (Chrome 128),Grocery purchase
TXN_20260814_03642_7f1800,ACC1004,ACC59760987,38493.76,15.0,False,completed,2026-08-14T15:29:57.204443,"Bangalore, IN",Samsung Galaxy S24 Ultra,Software subscription
TXN_20260814_00926_6cb417,ACC1003,ACC10897161,33821.02,28.0,False,completed,2026-08-14T14:58:59.816569,"Mumbai, IN",OnePlus 12,Online payment
TXN_20260814_02010_748f47,ACC91181015,ACC36297523,1633.39,18.0,False,completed,2026-08-14T14:56:34.357817,"Mumbai, IN",MacBook Pro (Chrome 128),Rent transfer
TXN_20260814_00126_876039,ACC43467724,ACC20858654,39901.04,9.0,False,completed,2026-08-14T14:50:00.442533,"Chennai, IN",Samsung Galaxy S24 Ultra,Online payment
TXN_20260814_04836_c850be,ACC61076366,ACC57224534,34681.23,11.0,False,completed,2026-08-14T14:37:35.299370,"Jaipur, IN",Pixel 9 Pro,Utility bill
TXN_20260814_02190_6cfd18,ACC43907404,ACC82456100,35063.4,20.0,False,completed,2026-08-14T14:03:47.999850,"Pune, IN",Samsung Galaxy S24 Ultra,Online payment
TXN_20260814_02361_633ffd,ACC65809811,ACC57224534,19468.81,5.0,False,completed,2026-08-14T13:57:40.922344,"Ahmedabad, IN",Samsung Galaxy S24 Ultra,P2P transfer
TXN_20260814_01818_9d3755,ACC_RING_B,ACC61076366,26180.8,26.0,False,completed,2026-08-14T13:42:04.942338,"Chennai, IN",iPhone 16 Pro Max,Utility bill
TXN_20260814_04393_a9a888,ACC72717142,ACC1003,41405.83,25.0,False,completed,2026-08-14T13:29:10.105743,"Kolkata, IN",iPhone 16 Pro Max,Utility bill
TXN_20260814_01653_b16cea,ACC65809811,ACC75385116,34838.67,27.0,False,completed,2026-08-14T12:54:47.785147,"Delhi, IN",iPad Pro (Safari),Consulting fee
TXN_20260814_04612_bdbd45,ACC_RING_B,ACC_RING_A,16795.15,14.0,False,completed,2026-08-14T12:51:46.583032,"Kolkata, IN",iPhone 16 Pro Max,Online payment
TXN_20260814_03617_66423d,ACC72717142,ACC86445636,5151.63,21.0,False,completed,2026-08-14T12:29:59.444237,"Ahmedabad, IN",Samsung Galaxy S24 Ultra,Grocery purchase
TXN_20260814_04271_016c8c,ACC_RING_C,ACC59760987,34191.68,15.0,False,completed,2026-08-14T12:15:06.576694,"Pune, IN",Samsung Galaxy S24 Ultra,Consulting fee
TXN_20260814_00580_bf2233,ACC40593754,ACC20858654,11947.5,27.0,False,completed,2026-08-14T11:51:47.734802,"Kolkata, IN",OnePlus 12,Consulting fee
TXN_20260814_02759_dc0075,ACC92107699,ACC36297523,32652.1,14.0,False,completed,2026-08-14T11:48:23.517312,"Ahmedabad, IN",iPhone 16 Pro Max,Software subscription
TXN_20260814_02815_2cc9a7,ACC64246741,ACC15211290,2863.7,27.0,False,completed,2026-08-14T11:47:35.250950,"Ahmedabad, IN",iPhone 16 Pro Max,Rent transfer
TXN_20260814_03616_145a71,ACC1003,ACC39727090,39097.29,27.0,False,completed,2026-08-14T11:45:13.947878,"Jaipur, IN",OnePlus 12,Rent transfer
TXN_20260814_00272_4b7b6b,ACC1001,ACC50081547,2249.17,13.0,False,completed,2026-08-14T11:38:56.107783,"Jaipur, IN",Windows 11 (Edge 128),P2P transfer
TXN_20260814_05110_f5e04c,ACC91181015,ACC43907404,42796.22,22.0,False,completed,2026-08-14T11:28:58.766035,"Pune, IN",iPhone 16 Pro Max,Vendor payment
TXN_20260814_00307_12892c,ACC10897161,ACC39727090,26540.45,16.0,False,completed,2026-08-14T11:27:13.170092,"Ahmedabad, IN",MacBook Pro (Chrome 128),Utility bill
TXN_20260814_00765_913968,ACC25189145,ACC_RING_B,4599.07,20.0,False,completed,2026-08-14T11:22:07.025360,"Hyderabad, IN",MacBook Pro (Chrome 128),Software subscription
TXN_20260814_01136_bbd508,ACC43907404,ACC97828025,14539.79,20.0,False,completed,2026-08-14T11:16:40.701125,"Bangalore, IN",Windows 11 (Edge 128),Grocery purchase
TXN_20260814_01752_4eb256,ACC92107699,ACC66777666,36672.07,17.0,False,completed,2026-08-14T11:16:21.175788,"Bangalore, IN",iPhone 16 Pro Max,Software subscription
TXN_20260814_02667_e1f108,ACC1004,ACC57029336,43544.08,25.0,False,completed,2026-08-14T11:08:37.649900,"Kolkata, IN",MacBook Pro (Chrome 128),P2P transfer
TXN_20260814_04125_3c399e,ACC50081547,ACC65809811,37706.44,8.0,False,completed,2026-08-14T11:06:49.928363,"Kolkata, IN",iPhone 16 Pro Max,Grocery purchase
TXN_20260814_00805_e0e5c7,ACC75311120,ACC74473089,2500.3,22.0,False,completed,2026-08-14T10:58:27.404789,"Pune, IN",Samsung Galaxy S24 Ultra,Vendor payment
TXN_20260814_02181_789fb1,ACC_RING_A,ACC65809811,20163.92,24.0,False,completed,2026-08-14T10:57:18.267433,"Hyderabad, IN",Windows 11 (Edge 128),Grocery purchase
TXN_20260814_01594_83fa91,ACC59760987,ACC_RING_A,18754.69,24.0,False,completed,2026-08-14T10:39:17.253757,"Jaipur, IN",Pixel 9 Pro,Vendor payment
TXN_20260814_00035_2f04bf,ACC_RING_A,ACC15373430,198780.0,82.0,True,completed,2026-08-14T10:21:24.000645,"Chennai, IN",Windows 11 (Edge 128),Rent transfer
TXN_20260814_02231_3dfc36,ACC1001,ACC50081547,39914.52,6.0,False,completed,2026-08-14T10:21:06.742363,"Ahmedabad, IN",OnePlus 12,Software subscription
TXN_20260814_03598_5a54a4,ACC36297523,ACC1002,7033.34,26.0,False,completed,2026-08-14T10:20:42.587362,"Jaipur, IN",OnePlus 12,Vendor payment
TXN_20260814_03263_0ef90c,ACC57029336,ACC1001,32562.3,12.0,False,completed,2026-08-14T09:58:05.594290,"Chennai, IN",Samsung Galaxy S24 Ultra,Vendor payment
TXN_20260814_00852_06d20f,ACC_RING_C,ACC57224534,1169.88,13.0,False,completed,2026-08-14T09:56:25.018331,"Mumbai, IN",MacBook Pro (Chrome 128),Consulting fee
TXN_20260814_03519_0c7b0e,ACC65809811,ACC50081547,6676.72,5.0,False,completed,2026-08-14T09:47:08.202729,"Kolkata, IN",MacBook Pro (Chrome 128),Urgent remittance
TXN_20260814_04662_8e0cbb,ACC66777666,ACC1001,24071.84,24.0,False,completed,2026-08-14T09:45:36.081138,"Bangalore, IN",Samsung Galaxy S24 Ultra,Invoice settlement
TXN_20260814_03530_ec2937,ACC_RING_B,ACC57029336,20594.78,10.0,False,completed,2026-08-14T09:35:42.991274,"Chennai, IN",OnePlus 12,Software subscription
TXN_20260814_04686_75350e,ACC66777666,ACC40593754,30211.3,26.0,False,completed,2026-08-14T09:29:15.612397,"Kolkata, IN",iPad Pro (Safari),Software subscription
TXN_20260814_00976_433ffe,ACC72717142,ACC25189145,25080.2,10.0,False,completed,2026-08-14T09:27:35.197339,"Kolkata, IN",OnePlus 12,Invoice settlement
TXN_20260814_02465_caf862,ACC16314613,ACC65809811,12629.11,9.0,False,completed,2026-08-14T08:53:30.091491,"Kolkata, IN",Samsung Galaxy S24 Ultra,Utility bill
TXN_20260814_00662_28470c,ACC43907404,ACC16314613,18449.21,24.0,False,completed,2026-08-14T08:42:03.737656,"Pune, IN",Samsung Galaxy S24 Ultra,Vendor payment
TXN_20260814_04114_a98e2c,ACC70103438,ACC11706152,36942.77,14.0,False,completed,2026-08-14T08:10:18.872710,"Kolkata, IN",MacBook Pro (Chrome 128),Invoice settlement
TXN_20260814_00448_225b73,ACC65809811,ACC20858654,28663.59,6.0,False,completed,2026-08-14T08:04:58.893895,"Mumbai, IN",OnePlus 12,Online payment
TXN_20260814_01276_c2dcb6,ACC20858654,ACC1002,4882.73,24.0,False,completed,2026-08-14T07:51:37.226464,"Hyderabad, IN",iPad Pro (Safari),Consulting fee
TXN_20260814_02511_1359ab,ACC57224534,ACC40593754,13471.59,21.0,False,completed,2026-08-14T07:49:50.452812,"Mumbai, IN",Pixel 9 Pro,Utility bill
TXN_20260814_03771_cdef4b,ACC1001,ACC66777666,14937.12,6.0,False,completed,2026-08-14T07:30:04.507018,"Delhi, IN",iPhone 16 Pro Max,Grocery purchase
TXN_20260814_04653_ba68bd,ACC1003,ACC57224534,20798.66,6.0,False,completed,2026-08-14T06:55:54.931489,"Mumbai, IN",Pixel 9 Pro,Vendor payment
TXN_20260814_03445_01e9cb,ACC43249524,ACC_RING_C,41702.43,15.0,False,completed,2026-08-14T06:38:21.642468,"Jaipur, IN",MacBook Pro (Chrome 128),Utility bill
TXN_20260814_02784_b91abe,ACC70103438,ACC1003,24419.18,14.0,False,completed,2026-08-14T06:32:10.314288,"Delhi, IN",iPad Pro (Safari),Utility bill
TXN_20260814_01921_4aef32,ACC1001,ACC92107699,1976.94,18.0,False,completed,2026-08-14T06:16:35.642522,"Delhi, IN",Pixel 9 Pro,Vendor payment
TXN_20260814_02121_ba3f94,ACC91181015,ACC36297523,1636.92,25.0,False,completed,2026-08-14T06:07:57.171986,"Chennai, IN",OnePlus 12,Urgent remittance
TXN_20260814_03327_1e698d,ACC1003,ACC91181015,21486.09,27.0,False,completed,2026-08-14T06:05:28.348689,"Mumbai, IN",Samsung Galaxy S24 Ultra,P2P transfer
TXN_20260814_01593_e02ce3,ACC57224534,ACC15211290,7027.15,5.0,False,completed,2026-08-14T05:57:37.993658,"Jaipur, IN",iPad Pro (Safari),Grocery purchase
TXN_20260814_00361_9582ba,ACC10897161,ACC_RING_A,2575.04,14.0,False,completed,2026-08-14T05:47:47.851109,"Hyderabad, IN",Pixel 9 Pro,Vendor payment
TXN_20260814_00576_3bc59f,ACC15211290,ACC25189145,25735.87,22.0,False,completed,2026-08-14T05:43:48.133020,"Pune, IN",MacBook Pro (Chrome 128),Vendor payment
TXN_20260814_00991_683f79,ACC75311120,ACC15373430,38587.35,7.0,False,completed,2026-08-14T05:43:23.309592,"Chennai, IN",iPhone 16 Pro Max,Grocery purchase
TXN_20260814_04823_02cb74,ACC91181015,ACC1003,1831.52,18.0,False,completed,2026-08-14T05:40:27.977527,"Kolkata, IN",Pixel 9 Pro,Vendor payment
TXN_20260814_04536_f345ab,ACC72717142,ACC25189145,24358.84,18.0,False,completed,2026-08-14T05:37:49.933483,"Chennai, IN",Samsung Galaxy S24 Ultra,Software subscription
TXN_20260814_02469_001fe0,ACC1001,ACC36297523,39427.28,16.0,False,completed,2026-08-14T05:13:33.328720,"Hyderabad, IN",iPad Pro (Safari),Invoice settlement
TXN_20260814_03156_7f352a,ACC66777666,ACC57224534,44145.32,23.0,False,completed,2026-08-14T05:12:58.541409,"Delhi, IN",Pixel 9 Pro,Software subscription
TXN_20260814_01889_a5e66b,ACC74473089,ACC1004,26790.82,8.0,False,completed,2026-08-14T05:11:12.389257,"Hyderabad, IN",MacBook Pro (Chrome 128),Utility bill
TXN_20260814_02134_d64a5b,ACC75385116,ACC36297523,35991.39,9.0,False,completed,2026-08-14T05:04:27.617604,"Chennai, IN",Pixel 9 Pro,Online payment
TXN_20260814_00313_522886,ACC40593754,ACC10897161,32102.36,18.0,False,completed,2026-08-14T04:57:29.864785,"Kolkata, IN",Samsung Galaxy S24 Ultra,Urgent remittance
TXN_20260814_04049_f48717,ACC72717142,ACC66777666,24646.21,16.0,False,completed,2026-08-14T04:53:15.731353,"Chennai, IN",Windows 11 (Edge 128),Rent transfer
TXN_20260814_03716_73427e,ACC36297523,ACC65809811,27854.1,21.0,False,completed,2026-08-14T04:33:25.759255,"Chennai, IN",iPad Pro (Safari),Urgent remittance
TXN_20260814_04861_48d86b,ACC59760987,ACC70103438,4364.47,28.0,False,completed,2026-08-14T04:22:49.711142,"Bangalore, IN",MacBook Pro (Chrome 128),Online payment
TXN_20260814_01313_9ed9b2,ACC36297523,ACC11706152,29144.07,17.0,False,completed,2026-08-14T04:13:58.572879,"Mumbai, IN",OnePlus 12,Utility bill
TXN_20260814_04372_0b94c9,ACC43467724,ACC11706152,21435.74,10.0,False,completed,2026-08-14T04:00:59.350937,"Bangalore, IN",iPad Pro (Safari),Vendor payment
TXN_20260814_04144_c12a71,ACC_RING_C,ACC16314613,27367.97,20.0,False,completed,2026-08-14T03:57:19.026320,"Mumbai, IN",OnePlus 12,Utility bill
TXN_20260814_02391_c9259f,ACC1003,ACC97828025,3751.33,19.0,False,completed,2026-08-14T03:56:17.048450,"Hyderabad, IN",Pixel 9 Pro,Vendor payment
TXN_20260814_04716_ebdb21,ACC57224534,ACC75385116,24292.12,10.0,False,completed,2026-08-14T03:55:12.229840,"Delhi, IN",Samsung Galaxy S24 Ultra,Online payment
TXN_20260814_02753_11d8ab,ACC20858654,ACC97828025,4000.48,17.0,False,completed,2026-08-14T03:32:13.417240,"Chennai, IN",iPhone 16 Pro Max,Online payment
TXN_20260814_04943_1a081a,ACC61076366,ACC50081547,25326.69,17.0,False,completed,2026-08-14T03:15:05.481491,"Ahmedabad, IN",iPad Pro (Safari),Vendor payment
TXN_20260814_04232_a47476,ACC1004,ACC57029336,18736.12,6.0,False,completed,2026-08-14T03:05:33.388561,"Kolkata, IN",OnePlus 12,Invoice settlement
TXN_20260814_02223_640a34,ACC97828025,ACC61076366,9527.59,7.0,False,completed,2026-08-14T02:55:21.809452,"Pune, IN",Windows 11 (Edge 128),Online payment
TXN_20260814_01526_19c740,ACC65809811,ACC70103438,43638.46,13.0,False,completed,2026-08-14T02:53:33.707344,"Bangalore, IN",iPad Pro (Safari),Utility bill
TXN_20260814_00728_a3015a,ACC1002,ACC70103438,21465.02,22.0,False,completed,2026-08-14T02:43:14.291044,"Ahmedabad, IN",MacBook Pro (Chrome 128),Rent transfer
TXN_20260814_04554_1f22b0,ACC91181015,ACC72717142,2079.45,6.0,False,completed,2026-08-14T02:37:22.379034,"Kolkata, IN",OnePlus 12,Utility bill
TXN_20260814_01870_de31db,ACC57224534,ACC75311120,41395.16,23.0,False,completed,2026-08-14T02:27:41.163263,"Kolkata, IN",iPad Pro (Safari),Grocery purchase
TXN_20260814_04623_6e3f00,ACC74473089,ACC43249524,13568.99,25.0,False,completed,2026-08-14T02:21:25.462355,"Mumbai, IN",Pixel 9 Pro,Consulting fee
TXN_20260814_01504_cf1573,ACC_RING_C,ACC74473089,34024.96,18.0,False,completed,2026-08-14T02:17:23.497402,"Delhi, IN",iPad Pro (Safari),Rent transfer
TXN_20260814_01874_b4dd48,ACC_RING_A,ACC50081547,31406.12,15.0,False,completed,2026-08-14T01:58:14.602531,"Delhi, IN",OnePlus 12,Utility bill
TXN_20260814_03784_1e5701,ACC50081547,ACC11706152,40799.67,11.0,False,completed,2026-08-14T01:44:56.301385,"Ahmedabad, IN",iPad Pro (Safari),P2P transfer
TXN_20260814_00928_2b7d8f,ACC20858654,ACC86445636,29789.39,9.0,False,completed,2026-08-14T01:39:01.409678,"Ahmedabad, IN",iPad Pro (Safari),Invoice settlement
TXN_20260814_01932_81e1e3,ACC75311120,ACC_RING_C,36457.98,10.0,False,completed,2026-08-14T01:27:30.343861,"Pune, IN",MacBook Pro (Chrome 128),Vendor payment
TXN_20260814_00825_a1c816,ACC61076366,ACC25189145,10433.96,5.0,False,completed,2026-08-14T01:14:28.956313,"Hyderabad, IN",Windows 11 (Edge 128),Utility bill
TXN_20260814_01856_07b0eb,ACC86445636,ACC61076366,690.9,25.0,False,completed,2026-08-14T01:14:10.545403,"Mumbai, IN",iPhone 16 Pro Max,Consulting fee
TXN_20260814_00747_54e28a,ACC_RING_A,ACC61076366,20149.4,15.0,False,completed,2026-08-14T01:12:49.938543,"Delhi, IN",OnePlus 12,Software subscription
TXN_20260814_03988_e70a5c,ACC61076366,ACC92107699,38156.39,27.0,False,completed,2026-08-14T01:03:11.705404,"Hyderabad, IN",iPhone 16 Pro Max,Consulting fee
TXN_20260814_03965_0e08e7,ACC15373430,ACC11706152,34687.85,18.0,False,completed,2026-08-14T01:01:30.929601,"Jaipur, IN",Samsung Galaxy S24 Ultra,Grocery purchase
TXN_20260814_00679_003f03,ACC50081547,ACC40593754,2422.16,25.0,False,completed,2026-08-14T01:01:13.131484,"Hyderabad, IN",Pixel 9 Pro,Consulting fee
TXN_20260814_03203_36a77a,ACC36297523,ACC61076366,40184.4,15.0,False,completed,2026-08-14T00:45:45.074478,"Pune, IN",iPhone 16 Pro Max,Vendor payment
TXN_20260814_00300_d1f10f,ACC11706152,ACC43249524,1512.12,20.0,False,completed,2026-08-14T00:39:48.221803,"Mumbai, IN",OnePlus 12,Utility bill
TXN_20260814_00248_c48d31,ACC91181015,ACC75385116,7679.86,18.0,False,completed,2026-08-14T00:35:52.486346,"Hyderabad, IN",OnePlus 12,Online payment
TXN_20260814_04368_4ac9dd,ACC57224534,ACC_RING_A,13974.75,24.0,False,completed,2026-08-14T00:34:30.509657,"Delhi, IN",OnePlus 12,Grocery purchase
TXN_20260814_00453_24720e,ACC43907404,ACC97828025,34407.89,28.0,False,completed,2026-08-14T00:27:15.294593,"Delhi, IN",OnePlus 12,Software subscription
TXN_20260814_02532_55358a,ACC20858654,ACC1002,9436.96,13.0,False,completed,2026-08-14T00:22:00.669861,"Delhi, IN",iPhone 16 Pro Max,Urgent remittance
TXN_20260814_02716_b1c8f7,ACC1004,ACC1003,1720.17,9.0,False,completed,2026-08-14T00:18:01.710877,"Delhi, IN",Pixel 9 Pro,Software subscription
TXN_20260814_02434_9e56f1,ACC86445636,ACC64246741,10745.2,28.0,False,completed,2026-08-14T00:15:54.670201,"Pune, IN",iPhone 16 Pro Max,Utility bill
TXN_20260814_03662_a31d88,ACC_RING_A,ACC66777666,17546.3,18.0,False,completed,2026-08-14T00:11:48.797279,"Mumbai, IN",Windows 11 (Edge 128),Software subscription
TXN_20260813_02875_93cc28,ACC92107699,ACC86445636,31651.23,7.0,False,completed,2026-08-13T23:59:05.011795,"Chennai, IN",Pixel 9 Pro,Online payment
TXN_20260813_00128_6f715b,ACC10897161,ACC25189145,3690.88,22.0,False,completed,2026-08-13T23:52:50.047343,"Mumbai, IN",MacBook Pro (Chrome 128),Utility bill
TXN_20260813_02616_86d295,ACC1004,ACC1001,11505.43,12.0,False,completed,2026-08-13T23:43:08.492503,"Mumbai, IN",OnePlus 12,Vendor payment
TXN_20260813_02236_97f788,ACC65809811,ACC15373430,22582.98,22.0,False,completed,2026-08-13T23:40:44.724829,"Kolkata, IN",OnePlus 12,Invoice settlement
TXN_20260813_01315_c62505,ACC1004,ACC16314613,43597.07,23.0,False,completed,2026-08-13T22:46:38.684319,"Kolkata, IN",iPhone 16 Pro Max,Consulting fee
TXN_20260813_03893_45f745,ACC82456100,ACC70103438,18858.27,9.0,False,completed,2026-08-13T22:29:38.411638,"Mumbai, IN",iPad Pro (Safari),Software subscription
TXN_20260813_02715_a56340,ACC61076366,ACC43467724,6029.7,20.0,False,completed,2026-08-13T22:22:41.533692,"Chennai, IN",Windows 11 (Edge 128),Online payment
TXN_20260813_04776_579a01,ACC20858654,ACC64246741,20008.1,9.0,False,completed,2026-08-13T22:01:35.581622,"Delhi, IN",Samsung Galaxy S24 Ultra,Grocery purchase
TXN_20260813_01891_540197,ACC20858654,ACC_RING_C,44250.1,26.0,False,completed,2026-08-13T22:00:28.742383,"Chennai, IN",OnePlus 12,Utility bill
TXN_20260813_04568_57792d,ACC43249524,ACC57224534,16399.12,21.0,False,completed,2026-08-13T21:51:25.798554,"Hyderabad, IN",MacBook Pro (Chrome 128),Grocery purchase
TXN_20260813_03473_43203d,ACC57224534,ACC50081547,8453.05,20.0,False,completed,2026-08-13T21:45:42.600031,"Jaipur, IN",OnePlus 12,Online payment
TXN_20260813_04649_ff88df,ACC75311120,ACC43249524,19601.04,21.0,False,completed,2026-08-13T21:38:28.586736,"Mumbai, IN",iPhone 16 Pro Max,Rent transfer
TXN_20260813_00184_42920f,ACC39727090,ACC43467724,35523.28,10.0,False,completed,2026-08-13T21:04:35.720510,"Pune, IN",MacBook Pro (Chrome 128),Vendor payment
TXN_20260813_00821_20748c,ACC1002,ACC82456100,16121.84,17.0,False,completed,2026-08-13T20:33:06.186073,"Ahmedabad, IN",Pixel 9 Pro,Urgent remittance
TXN_20260813_05131_0448d2,ACC72717142,ACC70103438,18628.46,23.0,False,completed,2026-08-13T20:23:54.423060,"Delhi, IN",Windows 11 (Edge 128),Software subscription
TXN_20260813_02329_9d249f,ACC36297523,ACC1004,37957.02,8.0,False,completed,2026-08-13T20:17:53.124276,"Delhi, IN",MacBook Pro (Chrome 128),P2P transfer
TXN_20260813_03588_aac554,ACC59760987,ACC25189145,17765.91,28.0,False,completed,2026-08-13T20:12:54.821966,"Jaipur, IN",Samsung Galaxy S24 Ultra,Software subscription
TXN_20260813_03584_eb30de,ACC43907404,ACC92107699,13385.72,5.0,False,completed,2026-08-13T20:10:12.758947,"Chennai, IN",iPhone 16 Pro Max,Urgent remittance
TXN_20260813_04064_b32c38,ACC15373430,ACC75311120,36915.0,7.0,False,completed,2026-08-13T20:04:58.870746,"Mumbai, IN",iPad Pro (Safari),Rent transfer
TXN_20260813_01755_b99103,ACC_RING_C,ACC43907404,39654.48,8.0,False,completed,2026-08-13T20:01:41.836385,"Chennai, IN",iPad Pro (Safari),Rent transfer
TXN_20260813_04042_0e15e3,ACC86445636,ACC74473089,22682.76,19.0,False,completed,2026-08-13T19:47:18.539920,"Delhi, IN",Windows 11 (Edge 128),Rent transfer
TXN_20260813_02525_0065c5,ACC92107699,ACC43907404,8345.09,8.0,False,completed,2026-08-13T19:39:01.104978,"Kolkata, IN",Pixel 9 Pro,P2P transfer
TXN_20260813_01797_bfc4bc,ACC1004,ACC75311120,19336.29,26.0,False,completed,2026-08-13T19:19:18.105627,"Jaipur, IN",Pixel 9 Pro,Rent transfer
TXN_20260813_01906_5e7e46,ACC43467724,ACC40593754,2410.06,21.0,False,completed,2026-08-13T19:02:49.499947,"Chennai, IN",iPad Pro (Safari),Utility bill
TXN_20260813_04423_06b647,ACC_RING_C,ACC65809811,16734.03,14.0,False,completed,2026-08-13T18:57:30.741202,"Pune, IN",OnePlus 12,Online payment
TXN_20260813_01197_aa54c9,ACC43467724,ACC11706152,12913.61,17.0,False,completed,2026-08-13T18:50:22.966197,"Delhi, IN",iPad Pro (Safari),Software subscription
TXN_20260813_00468_19653b,ACC15211290,ACC1004,9722.71,19.0,False,completed,2026-08-13T18:49:49.906382,"Delhi, IN",MacBook Pro (Chrome 128),Urgent remittance
TXN_20260813_00396_dbb1e6,ACC11706152,ACC36297523,401.27,12.0,False,completed,2026-08-13T18:40:10.362861,"Mumbai, IN",Windows 11 (Edge 128),Invoice settlement
TXN_20260813_01307_3b52b2,ACC82456100,ACC70103438,15449.84,23.0,False,completed,2026-08-13T18:18:59.538358,"Mumbai, IN",iPad Pro (Safari),Urgent remittance
TXN_20260813_03161_4b31d8,ACC_RING_C,ACC72717142,5071.88,12.0,False,completed,2026-08-13T18:18:37.664174,"Pune, IN",MacBook Pro (Chrome 128),Consulting fee
TXN_20260813_02272_994864,ACC1003,ACC70103438,13016.95,25.0,False,completed,2026-08-13T18:06:37.855680,"Kolkata, IN",Windows 11 (Edge 128),Software subscription
TXN_20260813_04939_3907fe,ACC59760987,ACC97828025,10400.11,11.0,False,completed,2026-08-13T17:56:01.153552,"Kolkata, IN",iPad Pro (Safari),Consulting fee
TXN_20260813_02772_a4795f,ACC1002,ACC86445636,42202.08,21.0,False,completed,2026-08-13T17:54:50.807652,"Delhi, IN",iPhone 16 Pro Max,Software subscription
TXN_20260813_02946_867b0c,ACC57029336,ACC1004,24939.92,27.0,False,completed,2026-08-13T17:39:47.973174,"Kolkata, IN",iPad Pro (Safari),Online payment
TXN_20260813_03848_e2c0c9,ACC75311120,ACC57224534,8938.83,16.0,False,completed,2026-08-13T17:10:23.744233,"Hyderabad, IN",Samsung Galaxy S24 Ultra,Urgent remittance
TXN_20260813_01015_25bd01,ACC_RING_B,ACC86445636,23255.56,26.0,False,completed,2026-08-13T17:00:27.873301,"Ahmedabad, IN",iPhone 16 Pro Max,Consulting fee
TXN_20260813_04737_5554c7,ACC1001,ACC_RING_C,6541.36,7.0,False,completed,2026-08-13T16:55:32.662651,"Jaipur, IN",Pixel 9 Pro,Vendor payment
TXN_20260813_03812_03fc08,ACC65809811,ACC64246741,43298.9,5.0,False,completed,2026-08-13T16:42:37.694386,"Delhi, IN",iPad Pro (Safari),Consulting fee
TXN_20260813_03368_bce188,ACC72717142,ACC15211290,15471.84,21.0,False,completed,2026-08-13T16:42:12.343537,"Ahmedabad, IN",Windows 11 (Edge 128),Software subscription
TXN_20260813_00670_60f498,ACC66777666,ACC57029336,16061.71,5.0,False,completed,2026-08-13T16:40:08.754087,"Mumbai, IN",Windows 11 (Edge 128),Utility bill
TXN_20260813_04262_6e30b1,ACC72717142,ACC50081547,27435.5,23.0,False,completed,2026-08-13T16:33:13.548735,"Chennai, IN",iPhone 16 Pro Max,Software subscription
TXN_20260813_03322_123a43,ACC70103438,ACC_RING_B,28342.68,14.0,False,completed,2026-08-13T16:26:03.832638,"Jaipur, IN",Pixel 9 Pro,Rent transfer
TXN_20260813_00531_1fa5e3,ACC15373430,ACC1002,22764.0,20.0,False,completed,2026-08-13T16:24:45.061005,"Mumbai, IN",Samsung Galaxy S24 Ultra,Utility bill
TXN_20260813_02020_f19ea4,ACC70103438,ACC86445636,42834.92,28.0,False,completed,2026-08-13T15:59:50.410730,"Hyderabad, IN",iPhone 16 Pro Max,Rent transfer
TXN_20260813_03565_75b6d1,ACC25189145,ACC_RING_B,43556.02,24.0,False,completed,2026-08-13T15:49:56.978529,"Hyderabad, IN",Windows 11 (Edge 128),Consulting fee
TXN_20260813_04021_7bcf73,ACC65809811,ACC15373430,17486.54,7.0,False,completed,2026-08-13T15:35:02.607655,"Jaipur, IN",iPad Pro (Safari),Grocery purchase
TXN_20260813_01165_740634,ACC15211290,ACC43907404,39620.66,20.0,False,completed,2026-08-13T15:34:12.576500,"Delhi, IN",iPad Pro (Safari),Grocery purchase
TXN_20260813_04644_8a1950,ACC97828025,ACC61076366,8876.0,24.0,False,completed,2026-08-13T15:13:38.700713,"Kolkata, IN",Samsung Galaxy S24 Ultra,Software subscription
TXN_20260813_00548_e69f2e,ACC70103438,ACC75311120,36818.75,7.0,False,completed,2026-08-13T15:09:49.838619,"Pune, IN",MacBook Pro (Chrome 128),Vendor payment
TXN_20260813_01573_126146,ACC74473089,ACC92107699,32948.86,22.0,False,completed,2026-08-13T15:08:53.823304,"Mumbai, IN",MacBook Pro (Chrome 128),Rent transfer
TXN_20260813_03668_fdc93d,ACC1004,ACC57029336,12308.1,11.0,False,completed,2026-08-13T15:06:09.567116,"Ahmedabad, IN",iPhone 16 Pro Max,Rent transfer
TXN_20260813_02827_e9497c,ACC75311120,ACC20858654,37660.5,27.0,False,completed,2026-08-13T14:32:18.873480,"Jaipur, IN",iPhone 16 Pro Max,Utility bill
TXN_20260813_04002_78314f,ACC15211290,ACC40593754,27494.53,7.0,False,completed,2026-08-13T14:15:40.727730,"Hyderabad, IN",iPad Pro (Safari),Consulting fee
TXN_20260813_02610_aae122,ACC82456100,ACC_RING_B,16746.19,21.0,False,completed,2026-08-13T14:13:27.170290,"Bangalore, IN",iPad Pro (Safari),Urgent remittance
TXN_20260813_01895_089279,ACC11706152,ACC43467724,24846.29,20.0,False,completed,2026-08-13T14:09:14.327669,"Bangalore, IN",Windows 11 (Edge 128),Software subscription
TXN_20260813_03675_8fc59b,ACC43907404,ACC72717142,21378.63,25.0,False,completed,2026-08-13T14:05:40.848459,"Kolkata, IN",iPad Pro (Safari),Invoice settlement
TXN_20260813_04109_cdc302,ACC40593754,ACC50081547,3908.78,8.0,False,completed,2026-08-13T13:55:13.089356,"Hyderabad, IN",iPhone 16 Pro Max,Rent transfer
TXN_20260813_00376_86c8d3,ACC1002,ACC97828025,16786.67,13.0,False,completed,2026-08-13T13:43:08.388781,"Chennai, IN",Samsung Galaxy S24 Ultra,Rent transfer
TXN_20260813_01212_dbb0b5,ACC57029336,ACC25189145,44959.5,21.0,False,completed,2026-08-13T13:39:00.873814,"Mumbai, IN",iPad Pro (Safari),Utility bill
TXN_20260813_01225_a3c8d3,ACC16314613,ACC25189145,31243.29,23.0,False,completed,2026-08-13T13:34:57.844364,"Chennai, IN",iPhone 16 Pro Max,P2P transfer
TXN_20260813_00903_d0b2a3,ACC61076366,ACC92107699,14475.71,17.0,False,completed,2026-08-13T13:27:07.845794,"Delhi, IN",iPad Pro (Safari),Rent transfer
TXN_20260813_00383_ae7324,ACC11706152,ACC16314613,43898.22,16.0,False,completed,2026-08-13T13:07:34.189056,"Jaipur, IN",iPhone 16 Pro Max,P2P transfer
TXN_20260813_04433_326a6e,ACC16314613,ACC43907404,31337.12,5.0,False,completed,2026-08-13T13:05:32.259512,"Kolkata, IN",iPhone 16 Pro Max,Grocery purchase
TXN_20260813_00897_464363,ACC74473089,ACC43907404,21492.92,25.0,False,completed,2026-08-13T12:53:26.667106,"Hyderabad, IN",iPad Pro (Safari),Invoice settlement
TXN_20260813_02726_5123a6,ACC64246741,ACC75385116,41097.24,24.0,False,completed,2026-08-13T12:25:23.347063,"Jaipur, IN",OnePlus 12,Software subscription
TXN_20260813_00521_6e5324,ACC25189145,ACC91181015,15595.4,7.0,False,completed,2026-08-13T12:13:19.285763,"Bangalore, IN",Windows 11 (Edge 128),Utility bill
TXN_20260813_02150_fdea84,ACC16314613,ACC43249524,39316.2,17.0,False,completed,2026-08-13T12:07:48.837586,"Delhi, IN",Samsung Galaxy S24 Ultra,Rent transfer
TXN_20260813_01496_cfe4d1,ACC92107699,ACC20858654,42737.0,24.0,False,completed,2026-08-13T12:04:26.126385,"Jaipur, IN",OnePlus 12,Urgent remittance
TXN_20260813_03108_c08957,ACC1003,ACC_RING_A,18817.41,7.0,False,completed,2026-08-13T11:40:46.885665,"Pune, IN",Pixel 9 Pro,Grocery purchase
TXN_20260813_04456_bbb2a2,ACC57029336,ACC11706152,43446.43,22.0,False,completed,2026-08-13T11:29:53.568929,"Hyderabad, IN",iPhone 16 Pro Max,Utility bill
TXN_20260813_03796_164f8b,ACC66777666,ACC39727090,35013.59,23.0,False,completed,2026-08-13T11:16:46.436676,"Kolkata, IN",Samsung Galaxy S24 Ultra,P2P transfer
TXN_20260813_01089_96376e,ACC65809811,ACC43249524,44412.17,10.0,False,completed,2026-08-13T11:08:07.834003,"Ahmedabad, IN",iPhone 16 Pro Max,P2P transfer
TXN_20260813_01128_d83e74,ACC82456100,ACC43467724,6659.97,8.0,False,completed,2026-08-13T11:05:04.807933,"Chennai, IN",Windows 11 (Edge 128),Software subscription
TXN_20260813_00182_107292,ACC43467724,ACC_RING_C,29732.62,15.0,False,completed,2026-08-13T10:56:34.897029,"Mumbai, IN",Windows 11 (Edge 128),Online payment
TXN_20260813_01881_8a6cd8,ACC82456100,ACC1003,21740.6,7.0,False,completed,2026-08-13T10:56:14.535595,"Ahmedabad, IN",MacBook Pro (Chrome 128),Software subscription
TXN_20260813_02807_06f942,ACC36297523,ACC43467724,7982.49,25.0,False,completed,2026-08-13T10:28:02.689893,"Pune, IN",Pixel 9 Pro,Rent transfer
TXN_20260813_01012_89db2e,ACC11706152,ACC36297523,36309.74,23.0,False,completed,2026-08-13T10:24:36.944939,"Kolkata, IN",Pixel 9 Pro,P2P transfer
TXN_20260813_00524_d31cde,ACC57029336,ACC11706152,36642.41,26.0,False,completed,2026-08-13T10:19:30.117422,"Delhi, IN",Windows 11 (Edge 128),Utility bill
TXN_20260813_01628_fbaa92,ACC36297523,ACC15211290,20923.47,25.0,False,completed,2026-08-13T09:58:41.018105,"Bangalore, IN",OnePlus 12,Online payment
TXN_20260813_02320_8196ec,ACC15373430,ACC57224534,138989.0,72.0,True,completed,2026-08-13T09:35:05.633503,"Pune, IN",Samsung Galaxy S24 Ultra,Consulting fee
TXN_20260813_02850_1d9685,ACC25189145,ACC_RING_A,2837.14,14.0,False,completed,2026-08-13T09:34:29.909345,"Bangalore, IN",OnePlus 12,Consulting fee
TXN_20260813_00115_1673e7,ACC65809811,ACC75311120,25930.67,16.0,False,completed,2026-08-13T09:12:52.901854,"Pune, IN",Pixel 9 Pro,Rent transfer
TXN_20260813_04361_7395f9,ACC72717142,ACC66777666,38305.83,21.0,False,completed,2026-08-13T09:09:24.296950,"Bangalore, IN",Windows 11 (Edge 128),Software subscription
TXN_20260813_03036_a0060c,ACC40593754,ACC66777666,16355.17,5.0,False,completed,2026-08-13T08:51:53.975214,"Kolkata, IN",OnePlus 12,Vendor payment
TXN_20260813_00010_bcb7cc,ACC91181015,ACC97828025,112523.0,83.0,True,completed,2026-08-13T08:44:37.095971,"Mumbai, IN",iPad Pro (Safari),Online payment
TXN_20260813_00632_a4f37a,ACC59760987,ACC43467724,33585.22,19.0,False,completed,2026-08-13T08:43:02.228216,"Kolkata, IN",iPad Pro (Safari),Grocery purchase
TXN_20260813_03769_23f8f5,ACC15373430,ACC25189145,38872.72,26.0,False,completed,2026-08-13T07:57:18.525296,"Bangalore, IN",MacBook Pro (Chrome 128),Invoice settlement
TXN_20260813_02041_2d3ba0,ACC_RING_A,ACC15211290,40372.06,10.0,False,completed,2026-08-13T07:56:28.797855,"Kolkata, IN",Samsung Galaxy S24 Ultra,Software subscription
TXN_20260813_04403_09328b,ACC40593754,ACC11706152,15430.32,27.0,False,completed,2026-08-13T07:44:55.544224,"Chennai, IN",Samsung Galaxy S24 Ultra,Utility bill
TXN_20260813_01065_540d7d,ACC75385116,ACC86445636,23329.26,23.0,False,completed,2026-08-13T07:39:30.629189,"Jaipur, IN",Samsung Galaxy S24 Ultra,Vendor payment
TXN_20260813_04366_6eac94,ACC43907404,ACC92107699,33327.28,26.0,False,completed,2026-08-13T07:21:11.124409,"Hyderabad, IN",Samsung Galaxy S24 Ultra,Grocery purchase
TXN_20260813_02195_408ffb,ACC11706152,ACC57029336,3487.53,25.0,False,completed,2026-08-13T07:15:57.245740,"Hyderabad, IN",Windows 11 (Edge 128),Invoice settlement
TXN_20260813_01912_aa15ca,ACC75385116,ACC65809811,15511.82,13.0,False,completed,2026-08-13T07:02:30.115187,"Mumbai, IN",Windows 11 (Edge 128),Consulting fee
TXN_20260813_02137_061f69,ACC97828025,ACC43907404,35745.73,9.0,False,completed,2026-08-13T06:56:25.349108,"Delhi, IN",OnePlus 12,P2P transfer
TXN_20260813_05047_b13e34,ACC40593754,ACC1004,2083.42,19.0,False,completed,2026-08-13T06:50:18.138949,"Chennai, IN",MacBook Pro (Chrome 128),P2P transfer
TXN_20260813_03548_733c58,ACC15373430,ACC10897161,13377.17,15.0,False,completed,2026-08-13T06:46:53.862695,"Hyderabad, IN",MacBook Pro (Chrome 128),Consulting fee
TXN_20260813_03532_ed73ab,ACC57029336,ACC57224534,33188.3,8.0,False,completed,2026-08-13T06:44:06.692119,"Kolkata, IN",Samsung Galaxy S24 Ultra,Rent transfer
TXN_20260813_01038_f757c6,ACC59760987,ACC1003,6577.44,22.0,False,completed,2026-08-13T06:35:58.593096,"Mumbai, IN",MacBook Pro (Chrome 128),Online payment
TXN_20260813_03464_c3831b,ACC25189145,ACC_RING_A,36793.68,17.0,False,completed,2026-08-13T06:22:30.996176,"Ahmedabad, IN",Pixel 9 Pro,Software subscription
TXN_20260813_03510_d138d6,ACC92107699,ACC40593754,25164.63,26.0,False,completed,2026-08-13T06:21:53.244103,"Jaipur, IN",Pixel 9 Pro,Software subscription
TXN_20260813_00584_b6d528,ACC43907404,ACC57029336,31774.18,15.0,False,completed,2026-08-13T06:06:31.822990,"Delhi, IN",OnePlus 12,Consulting fee
TXN_20260813_01090_12cce4,ACC_RING_C,ACC1002,439.27,7.0,False,completed,2026-08-13T05:45:15.988204,"Delhi, IN",iPad Pro (Safari),P2P transfer
TXN_20260813_00683_de4630,ACC1001,ACC10897161,21622.03,8.0,False,completed,2026-08-13T05:41:29.809935,"Mumbai, IN",iPad Pro (Safari),Consulting fee
TXN_20260813_04812_308692,ACC1002,ACC97828025,35093.47,5.0,False,completed,2026-08-13T05:38:03.767763,"Bangalore, IN",iPad Pro (Safari),Software subscription
TXN_20260813_04096_d3b882,ACC20858654,ACC40593754,41534.58,19.0,False,completed,2026-08-13T05:34:42.349069,"Bangalore, IN",Pixel 9 Pro,Software subscription
TXN_20260813_03105_f40510,ACC70103438,ACC82456100,43972.71,26.0,False,completed,2026-08-13T05:07:38.703063,"Chennai, IN",Windows 11 (Edge 128),Urgent remittance
TXN_20260813_02510_6e6e2a,ACC40593754,ACC_RING_A,38939.24,25.0,False,completed,2026-08-13T04:55:05.194138,"Pune, IN",Windows 11 (Edge 128),Consulting fee
TXN_20260813_02146_0840a6,ACC15373430,ACC57224534,40170.84,15.0,False,completed,2026-08-13T04:54:33.466129,"Mumbai, IN",iPhone 16 Pro Max,P2P transfer
TXN_20260813_01110_345e90,ACC82456100,ACC43907404,12061.44,10.0,False,completed,2026-08-13T04:52:41.434609,"Ahmedabad, IN",iPhone 16 Pro Max,P2P transfer
TXN_20260813_00844_a32e98,ACC16314613,ACC57224534,31626.78,14.0,False,completed,2026-08-13T04:32:49.620993,"Chennai, IN",OnePlus 12,P2P transfer
TXN_20260813_00876_71964a,ACC57029336,ACC65809811,12809.75,18.0,False,completed,2026-08-13T04:23:42.470831,"Mumbai, IN",iPhone 16 Pro Max,Rent transfer
TXN_20260813_02840_c8ad13,ACC97828025,ACC1002,72983.0,88.0,True,completed,2026-08-13T04:15:24.404081,"Mumbai, IN",iPhone 16 Pro Max,Online payment
TXN_20260813_03243_80ec19,ACC65809811,ACC39727090,41489.24,8.0,False,completed,2026-08-13T04:12:27.685836,"Chennai, IN",MacBook Pro (Chrome 128),P2P transfer
TXN_20260813_02771_d61310,ACC65809811,ACC15373430,28224.93,25.0,False,completed,2026-08-13T03:14:49.956205,"Pune, IN",Samsung Galaxy S24 Ultra,Grocery purchase
TXN_20260813_04199_32bff4,ACC39727090,ACC15211290,27449.36,20.0,False,completed,2026-08-13T03:10:35.161491,"Pune, IN",iPhone 16 Pro Max,Rent transfer
TXN_20260813_04605_bfbe0a,ACC70103438,ACC_RING_C,5825.62,15.0,False,completed,2026-08-13T03:06:58.744733,"Delhi, IN",iPad Pro (Safari),Vendor payment
TXN_20260813_02589_188c47,ACC36297523,ACC43249524,12685.41,5.0,False,completed,2026-08-13T03:02:31.117214,"Ahmedabad, IN",iPhone 16 Pro Max,Urgent remittance
TXN_20260813_04097_3ba5ea,ACC75385116,ACC91181015,10345.78,6.0,False,completed,2026-08-13T02:38:40.474337,"Chennai, IN",iPad Pro (Safari),Invoice settlement
TXN_20260813_04738_e6a409,ACC10897161,ACC11706152,1289.65,8.0,False,completed,2026-08-13T02:32:16.364398,"Hyderabad, IN",Pixel 9 Pro,Grocery purchase
TXN_20260813_02456_4c265b,ACC57029336,ACC16314613,22422.63,12.0,False,completed,2026-08-13T02:21:13.357962,"Chennai, IN",OnePlus 12,Utility bill
TXN_20260813_04442_dcda38,ACC57029336,ACC_RING_B,5693.06,11.0,False,completed,2026-08-13T02:18:02.642777,"Jaipur, IN",MacBook Pro (Chrome 128),Grocery purchase
TXN_20260813_01161_c2c1d4,ACC43467724,ACC92107699,27462.94,8.0,False,completed,2026-08-13T02:13:37.769348,"Ahmedabad, IN",Pixel 9 Pro,Invoice settlement
TXN_20260813_01028_f9bb39,ACC75311120,ACC_RING_B,4632.03,21.0,False,completed,2026-08-13T01:50:37.256838,"Chennai, IN",MacBook Pro (Chrome 128),Online payment
TXN_20260813_02865_4efff2,ACC72717142,ACC15373430,15480.39,17.0,False,completed,2026-08-13T01:33:46.294467,"Bangalore, IN",Samsung Galaxy S24 Ultra,Software subscription
TXN_20260813_02774_830370,ACC82456100,ACC59760987,16141.59,8.0,False,completed,2026-08-13T01:12:09.697531,"Kolkata, IN",iPad Pro (Safari),Grocery purchase
TXN_20260813_00745_3d1b0c,ACC16314613,ACC64246741,26788.38,5.0,False,completed,2026-08-13T01:09:22.276262,"Hyderabad, IN",OnePlus 12,Consulting fee
TXN_20260813_01643_4a1df4,ACC10897161,ACC43907404,39760.75,7.0,False,completed,2026-08-13T00:48:36.775711,"Hyderabad, IN",Samsung Galaxy S24 Ultra,Software subscription
TXN_20260813_01588_fe24fc,ACC_RING_B,ACC97828025,20715.35,19.0,False,completed,2026-08-13T00:41:27.262085,"Bangalore, IN",Windows 11 (Edge 128),Utility bill
TXN_20260813_03661_3cefd8,ACC50081547,ACC64246741,44741.34,9.0,False,completed,2026-08-13T00:38:39.759694,"Chennai, IN",Pixel 9 Pro,Consulting fee
TXN_20260813_03847_9c31d8,ACC1002,ACC66777666,1318.98,16.0,False,completed,2026-08-13T00:10:33.905906,"Delhi, IN",Pixel 9 Pro,Online payment
TXN_20260812_02029_f0df3a,ACC_RING_C,ACC39727090,11942.65,26.0,False,completed,2026-08-12T23:44:28.029839,"Delhi, IN",MacBook Pro (Chrome 128),Consulting fee
TXN_20260812_02374_38d770,ACC39727090,ACC15211290,19992.86,5.0,False,completed,2026-08-12T23:39:26.337535,"Kolkata, IN",Windows 11 (Edge 128),Utility bill
TXN_20260812_00360_27dd5c,ACC91181015,ACC57224534,233834.0,76.0,True,completed,2026-08-12T23:33:00.919661,"Chennai, IN",iPad Pro (Safari),P2P transfer
TXN_20260812_00757_ab2f34,ACC75385116,ACC91181015,40468.01,19.0,False,completed,2026-08-12T23:28:29.211037,"Jaipur, IN",OnePlus 12,Software subscription
TXN_20260812_01519_ac1df5,ACC97828025,ACC65809811,3543.74,23.0,False,completed,2026-08-12T23:21:25.708410,"Jaipur, IN",iPad Pro (Safari),Invoice settlement
TXN_20260812_01359_d9bd4f,ACC75385116,ACC59760987,22294.93,28.0,False,completed,2026-08-12T23:15:22.339457,"Hyderabad, IN",OnePlus 12,Rent transfer
TXN_20260812_00638_26415b,ACC66777666,ACC43467724,13616.42,5.0,False,completed,2026-08-12T23:10:49.782194,"Kolkata, IN",iPhone 16 Pro Max,Vendor payment
TXN_20260812_03820_8f659d,ACC43467724,ACC20858654,27717.8,20.0,False,completed,2026-08-12T23:10:37.158528,"Kolkata, IN",OnePlus 12,Vendor payment
TXN_20260812_04190_2921d2,ACC91181015,ACC36297523,33258.25,9.0,False,completed,2026-08-12T23:10:04.926314,"Mumbai, IN",OnePlus 12,Rent transfer
TXN_20260812_01705_7510c1,ACC91181015,ACC20858654,8439.6,22.0,False,completed,2026-08-12T23:05:31.199108,"Bangalore, IN",iPhone 16 Pro Max,Rent transfer
TXN_20260812_04589_5c19e8,ACC74473089,ACC1002,31134.63,21.0,False,completed,2026-08-12T22:53:49.674017,"Delhi, IN",Pixel 9 Pro,Grocery purchase
TXN_20260812_04521_13abb8,ACC59760987,ACC65809811,32852.96,22.0,False,completed,2026-08-12T22:47:53.740088,"Kolkata, IN",OnePlus 12,P2P transfer
TXN_20260812_00352_bfa212,ACC43907404,ACC_RING_B,15798.88,13.0,False,completed,2026-08-12T22:47:00.170569,"Chennai, IN",Windows 11 (Edge 128),Urgent remittance
TXN_20260812_00435_dbce05,ACC92107699,ACC39727090,12912.61,24.0,False,completed,2026-08-12T22:46:15.060913,"Pune, IN",OnePlus 12,P2P transfer
TXN_20260812_02732_50b41a,ACC20858654,ACC65809811,19786.51,18.0,False,completed,2026-08-12T22:40:23.583616,"Mumbai, IN",MacBook Pro (Chrome 128),Invoice settlement
TXN_20260812_04161_df53b6,ACC75385116,ACC82456100,43792.85,8.0,False,completed,2026-08-12T22:25:54.618234,"Delhi, IN",iPhone 16 Pro Max,Grocery purchase
TXN_20260812_00658_64e093,ACC40593754,ACC15211290,2398.33,16.0,False,completed,2026-08-12T22:20:28.403735,"Delhi, IN",Pixel 9 Pro,Urgent remittance
TXN_20260812_00986_dec9d4,ACC43467724,ACC15211290,43783.46,21.0,False,completed,2026-08-12T22:16:43.948280,"Ahmedabad, IN",MacBook Pro (Chrome 128),Urgent remittance
TXN_20260812_04394_1279c1,ACC_RING_B,ACC70103438,32388.91,27.0,False,completed,2026-08-12T22:05:08.052507,"Mumbai, IN",OnePlus 12,Vendor payment
TXN_20260812_04577_7382bb,ACC92107699,ACC43467724,19273.99,22.0,False,completed,2026-08-12T21:57:28.935294,"Ahmedabad, IN",iPad Pro (Safari),Vendor payment
TXN_20260812_01020_3ff03a,ACC43249524,ACC70103438,7114.71,25.0,False,completed,2026-08-12T21:56:38.465169,"Ahmedabad, IN",iPad Pro (Safari),Consulting fee
TXN_20260812_00786_c35297,ACC91181015,ACC_RING_C,37808.79,19.0,False,completed,2026-08-12T21:51:25.157619,"Mumbai, IN",iPad Pro (Safari),Urgent remittance
TXN_20260812_02314_37bae0,ACC25189145,ACC39727090,1201.79,8.0,False,completed,2026-08-12T21:27:24.655033,"Delhi, IN",Samsung Galaxy S24 Ultra,Online payment
TXN_20260812_01472_81d4dd,ACC70103438,ACC92107699,17487.74,11.0,False,completed,2026-08-12T21:24:28.377945,"Chennai, IN",Samsung Galaxy S24 Ultra,P2P transfer
TXN_20260812_02890_78a469,ACC1001,ACC70103438,26249.28,19.0,False,completed,2026-08-12T21:19:12.620273,"Chennai, IN",Samsung Galaxy S24 Ultra,Utility bill
TXN_20260812_00841_11fdec,ACC1002,ACC57224534,24113.9,11.0,False,completed,2026-08-12T21:11:04.561182,"Jaipur, IN",Pixel 9 Pro,Consulting fee
TXN_20260812_04708_6c2f47,ACC70103438,ACC72717142,43498.75,13.0,False,completed,2026-08-12T21:09:25.338232,"Chennai, IN",iPad Pro (Safari),Consulting fee
TXN_20260812_00045_05c815,ACC1004,ACC66777666,206910.0,75.0,True,completed,2026-08-12T21:01:51.069339,"Hyderabad, IN",OnePlus 12,Rent transfer
TXN_20260812_00769_f6656f,ACC16314613,ACC15211290,37479.89,24.0,False,completed,2026-08-12T20:32:44.325092,"Mumbai, IN",OnePlus 12,Utility bill
TXN_20260812_04157_5be91e,ACC1002,ACC10897161,495.87,12.0,False,completed,2026-08-12T20:21:11.548932,"Bangalore, IN",MacBook Pro (Chrome 128),Invoice settlement
TXN_20260812_04082_d64e2f,ACC1003,ACC97828025,8502.51,24.0,False,completed,2026-08-12T19:57:36.129701,"Jaipur, IN",Samsung Galaxy S24 Ultra,Utility bill
TXN_20260812_02126_9ecba2,ACC61076366,ACC65809811,2536.72,22.0,False,completed,2026-08-12T19:48:31.948728,"Ahmedabad, IN",Pixel 9 Pro,Consulting fee
TXN_20260812_03312_0b9fb4,ACC64246741,ACC_RING_C,34704.82,12.0,False,completed,2026-08-12T19:25:42.592905,"Bangalore, IN",MacBook Pro (Chrome 128),Software subscription
TXN_20260812_02755_2e6a31,ACC1002,ACC97828025,6908.31,27.0,False,completed,2026-08-12T19:12:43.382697,"Kolkata, IN",Windows 11 (Edge 128),Urgent remittance
TXN_20260812_04332_a1cc20,ACC57224534,ACC1001,21892.93,27.0,False,completed,2026-08-12T19:07:00.626455,"Pune, IN",iPhone 16 Pro Max,Utility bill
TXN_20260812_03349_354d25,ACC75385116,ACC_RING_B,15638.51,10.0,False,completed,2026-08-12T19:05:16.080237,"Pune, IN",MacBook Pro (Chrome 128),Invoice settlement
TXN_20260812_02593_4ae3bf,ACC57029336,ACC70103438,30821.01,19.0,False,completed,2026-08-12T18:57:41.075940,"Jaipur, IN",Samsung Galaxy S24 Ultra,Urgent remittance
TXN_20260812_00403_0d826d,ACC11706152,ACC36297523,31338.15,25.0,False,completed,2026-08-12T18:54:40.178262,"Delhi, IN",iPad Pro (Safari),Urgent remittance
TXN_20260812_00425_190207,ACC_RING_C,ACC61076366,737.44,20.0,False,completed,2026-08-12T18:48:50.315082,"Kolkata, IN",iPhone 16 Pro Max,Consulting fee
TXN_20260812_04966_9d4c7f,ACC1003,ACC43907404,19903.22,23.0,False,completed,2026-08-12T18:44:15.849387,"Kolkata, IN",Windows 11 (Edge 128),Online payment
TXN_20260812_03073_7f896e,ACC16314613,ACC40593754,23986.92,17.0,False,completed,2026-08-12T18:24:26.381933,"Delhi, IN",Windows 11 (Edge 128),Invoice settlement
TXN_20260812_00059_ccb7bf,ACC1002,ACC43249524,37196.06,24.0,False,completed,2026-08-12T18:20:26.050978,"Jaipur, IN",Windows 11 (Edge 128),Software subscription
TXN_20260812_03432_4b99c5,ACC15211290,ACC86445636,28762.8,15.0,False,completed,2026-08-12T18:18:08.979478,"Pune, IN",iPad Pro (Safari),Urgent remittance
TXN_20260812_02408_409808,ACC59760987,ACC_RING_A,14826.0,21.0,False,completed,2026-08-12T18:10:37.151094,"Pune, IN",MacBook Pro (Chrome 128),Online payment
TXN_20260812_01327_ac171a,ACC66777666,ACC1002,13372.78,24.0,False,completed,2026-08-12T17:32:03.348663,"Bangalore, IN",iPad Pro (Safari),Vendor payment
TXN_20260812_01022_5085b1,ACC1004,ACC57224534,1112.89,11.0,False,completed,2026-08-12T17:29:54.027877,"Hyderabad, IN",iPad Pro (Safari),Invoice settlement
TXN_20260812_00476_87feda,ACC_RING_A,ACC50081547,35803.44,17.0,False,completed,2026-08-12T17:15:38.286396,"Chennai, IN",OnePlus 12,Software subscription
TXN_20260812_01421_7711d9,ACC1001,ACC97828025,34051.18,21.0,False,completed,2026-08-12T17:04:22.563961,"Mumbai, IN",Samsung Galaxy S24 Ultra,Grocery purchase
TXN_20260812_02151_76e7bf,ACC57029336,ACC64246741,18236.48,8.0,False,completed,2026-08-12T16:55:30.525171,"Delhi, IN",Pixel 9 Pro,Software subscription
TXN_20260812_03719_75d59c,ACC97828025,ACC72717142,31622.53,12.0,False,completed,2026-08-12T16:32:04.078512,"Mumbai, IN",OnePlus 12,P2P transfer
TXN_20260812_02820_029bdf,ACC57224534,ACC59760987,1381.39,26.0,False,completed,2026-08-12T16:26:10.080194,"Ahmedabad, IN",Samsung Galaxy S24 Ultra,Invoice settlement
TXN_20260812_00768_73da51,ACC92107699,ACC97828025,10364.37,11.0,False,completed,2026-08-12T16:14:19.139034,"Hyderabad, IN",Samsung Galaxy S24 Ultra,Consulting fee
TXN_20260812_03726_08d677,ACC15373430,ACC1001,29333.25,13.0,False,completed,2026-08-12T16:12:27.891751,"Kolkata, IN",Pixel 9 Pro,Consulting fee
TXN_20260812_00058_d2f61e,ACC64246741,ACC57224534,12003.59,10.0,False,completed,2026-08-12T16:05:40.405368,"Bangalore, IN",Samsung Galaxy S24 Ultra,Online payment
TXN_20260812_04205_a469b1,ACC40593754,ACC_RING_B,2171.34,17.0,False,completed,2026-08-12T16:01:01.373555,"Kolkata, IN",Windows 11 (Edge 128),Utility bill
TXN_20260812_00103_81e9e0,ACC72717142,ACC15373430,412.12,5.0,False,completed,2026-08-12T15:57:16.611545,"Jaipur, IN",Samsung Galaxy S24 Ultra,P2P transfer
TXN_20260812_02212_4bccf2,ACC75385116,ACC57029336,13178.92,13.0,False,completed,2026-08-12T15:51:24.422976,"Delhi, IN",OnePlus 12,Online payment
TXN_20260812_04189_0b926d,ACC40593754,ACC1004,32070.76,22.0,False,completed,2026-08-12T15:51:04.199351,"Mumbai, IN",MacBook Pro (Chrome 128),Software subscription
TXN_20260812_02276_6d1e45,ACC16314613,ACC75385116,26556.08,14.0,False,completed,2026-08-12T15:25:58.532008,"Jaipur, IN",iPhone 16 Pro Max,Online payment
TXN_20260812_05144_744af4,ACC1002,ACC70103438,13122.67,5.0,False,completed,2026-08-12T14:34:00.128540,"Kolkata, IN",iPad Pro (Safari),Consulting fee
TXN_20260812_01670_e02662,ACC64246741,ACC59760987,25670.99,15.0,False,completed,2026-08-12T14:28:29.622424,"Jaipur, IN",iPad Pro (Safari),Grocery purchase
TXN_20260812_01403_d7323c,ACC11706152,ACC61076366,23429.45,28.0,False,completed,2026-08-12T14:13:05.132234,"Delhi, IN",iPad Pro (Safari),Consulting fee
TXN_20260812_02367_3cdca5,ACC15373430,ACC72717142,27380.91,19.0,False,completed,2026-08-12T14:04:40.782435,"Hyderabad, IN",Windows 11 (Edge 128),Consulting fee
TXN_20260812_00049_93614e,ACC1004,ACC15211290,119824.0,79.0,True,completed,2026-08-12T13:51:02.031599,"Ahmedabad, IN",iPhone 16 Pro Max,Utility bill
TXN_20260812_01397_4d5c5e,ACC64246741,ACC25189145,21171.04,7.0,False,completed,2026-08-12T13:44:20.970130,"Jaipur, IN",iPad Pro (Safari),P2P transfer
TXN_20260812_01365_c83352,ACC43907404,ACC65809811,14798.77,10.0,False,completed,2026-08-12T13:37:32.209944,"Ahmedabad, IN",iPad Pro (Safari),P2P transfer
TXN_20260812_04037_d789fa,ACC75385116,ACC16314613,35430.13,6.0,False,completed,2026-08-12T13:30:19.395118,"Mumbai, IN",iPad Pro (Safari),Urgent remittance
TXN_20260812_00088_5db3a9,ACC43249524,ACC20858654,13340.3,12.0,False,completed,2026-08-12T13:26:28.406891,"Jaipur, IN",MacBook Pro (Chrome 128),Urgent remittance
TXN_20260812_01956_81c44e,ACC70103438,ACC_RING_B,24407.97,28.0,False,completed,2026-08-12T13:22:03.332244,"Bangalore, IN",OnePlus 12,Online payment
TXN_20260812_05012_ab3e17,ACC16314613,ACC57029336,26167.88,25.0,False,completed,2026-08-12T13:17:59.366771,"Bangalore, IN",Samsung Galaxy S24 Ultra,Utility bill
TXN_20260812_02101_f0295d,ACC65809811,ACC75311120,6396.7,16.0,False,completed,2026-08-12T13:17:18.827547,"Jaipur, IN",Windows 11 (Edge 128),Rent transfer
TXN_20260812_01766_5ac57d,ACC64246741,ACC92107699,42525.06,8.0,False,completed,2026-08-12T13:02:41.696942,"Chennai, IN",iPhone 16 Pro Max,P2P transfer
TXN_20260812_02094_4772c0,ACC10897161,ACC86445636,7207.99,26.0,False,completed,2026-08-12T12:44:31.328298,"Kolkata, IN",iPhone 16 Pro Max,Software subscription
TXN_20260812_01405_d1b6f4,ACC92107699,ACC1001,38155.53,7.0,False,completed,2026-08-12T12:17:43.844078,"Chennai, IN",iPhone 16 Pro Max,Vendor payment
TXN_20260812_00762_339ee6,ACC70103438,ACC50081547,9028.99,5.0,False,completed,2026-08-12T12:15:29.217552,"Chennai, IN",Pixel 9 Pro,Software subscription
TXN_20260812_02549_0a0b81,ACC1001,ACC_RING_A,2825.8,18.0,False,completed,2026-08-12T12:01:46.093075,"Jaipur, IN",Samsung Galaxy S24 Ultra,Software subscription
TXN_20260812_03151_b6e65b,ACC1001,ACC1003,8324.89,27.0,False,completed,2026-08-12T12:00:14.479396,"Ahmedabad, IN",iPhone 16 Pro Max,Online payment
TXN_20260812_03979_07ee7e,ACC72717142,ACC43467724,16768.47,23.0,False,completed,2026-08-12T11:50:21.600936,"Chennai, IN",Samsung Galaxy S24 Ultra,Software subscription
TXN_20260812_02256_a86ff5,ACC1004,ACC1001,13683.67,15.0,False,completed,2026-08-12T11:48:28.950186,"Delhi, IN",OnePlus 12,Utility bill
TXN_20260812_03886_643190,ACC57224534,ACC25189145,35215.32,12.0,False,completed,2026-08-12T11:42:08.389626,"Mumbai, IN",Pixel 9 Pro,P2P transfer
TXN_20260812_03079_f6c48c,ACC20858654,ACC_RING_C,40466.22,18.0,False,completed,2026-08-12T11:40:21.245967,"Pune, IN",Windows 11 (Edge 128),Software subscription
TXN_20260812_02780_c36281,ACC1001,ACC66777666,4274.77,23.0,False,completed,2026-08-12T11:21:18.641167,"Hyderabad, IN",iPhone 16 Pro Max,Consulting fee
TXN_20260812_04886_894618,ACC70103438,ACC39727090,26014.59,11.0,False,completed,2026-08-12T11:15:39.831503,"Ahmedabad, IN",Samsung Galaxy S24 Ultra,Software subscription
TXN_20260812_02424_0c4eb3,ACC43467724,ACC64246741,30585.18,12.0,False,completed,2026-08-12T11:06:22.321384,"Chennai, IN",MacBook Pro (Chrome 128),Utility bill
TXN_20260812_03260_6e8ef3,ACC40593754,ACC66777666,8335.81,8.0,False,completed,2026-08-12T10:41:53.007376,"Chennai, IN",Windows 11 (Edge 128),Invoice settlement
TXN_20260812_02011_f0ec6d,ACC1004,ACC1001,3251.98,6.0,False,completed,2026-08-12T10:34:32.630090,"Delhi, IN",OnePlus 12,Vendor payment
TXN_20260812_00449_8e7012,ACC66777666,ACC15211290,6635.63,24.0,False,completed,2026-08-12T10:16:15.580466,"Pune, IN",OnePlus 12,Urgent remittance
TXN_20260812_00087_d05516,ACC_RING_B,ACC57224534,36967.11,12.0,False,completed,2026-08-12T10:07:06.472363,"Chennai, IN",iPad Pro (Safari),Urgent remittance
TXN_20260812_01101_3e23f4,ACC_RING_A,ACC43907404,41993.08,24.0,False,completed,2026-08-12T10:02:44.366182,"Chennai, IN",OnePlus 12,Consulting fee
TXN_20260812_00874_05bd80,ACC39727090,ACC1004,2413.3,23.0,False,completed,2026-08-12T09:44:44.663040,"Delhi, IN",OnePlus 12,Online payment
TXN_20260812_01351_9d0a20,ACC_RING_A,ACC70103438,36741.18,10.0,False,completed,2026-08-12T09:35:38.714736,"Delhi, IN",MacBook Pro (Chrome 128),Online payment
TXN_20260812_01025_08c4a2,ACC10897161,ACC1004,42973.23,26.0,False,completed,2026-08-12T09:30:38.280343,"Pune, IN",iPhone 16 Pro Max,Grocery purchase
TXN_20260812_02918_d385a0,ACC74473089,ACC92107699,14247.04,10.0,False,completed,2026-08-12T09:29:28.735454,"Jaipur, IN",Samsung Galaxy S24 Ultra,Grocery purchase
TXN_20260812_01696_1f5028,ACC70103438,ACC1004,44129.5,12.0,False,completed,2026-08-12T09:25:34.675958,"Hyderabad, IN",Samsung Galaxy S24 Ultra,Rent transfer
TXN_20260812_01388_1239a6,ACC86445636,ACC64246741,33776.66,28.0,False,completed,2026-08-12T09:24:23.366836,"Jaipur, IN",iPad Pro (Safari),Online payment
TXN_20260812_00114_de1080,ACC75385116,ACC64246741,13126.55,17.0,False,completed,2026-08-12T09:18:58.995230,"Bangalore, IN",Windows 11 (Edge 128),P2P transfer
TXN_20260812_03058_59f0e7,ACC86445636,ACC40593754,23951.68,5.0,False,completed,2026-08-12T09:04:34.378035,"Jaipur, IN",iPad Pro (Safari),Rent transfer
TXN_20260812_00653_9c025d,ACC82456100,ACC92107699,13498.16,26.0,False,completed,2026-08-12T09:02:22.111075,"Ahmedabad, IN",Pixel 9 Pro,Rent transfer
TXN_20260812_00418_720c6e,ACC1002,ACC43249524,17494.18,16.0,False,completed,2026-08-12T08:48:26.285117,"Mumbai, IN",OnePlus 12,Vendor payment
TXN_20260812_03758_77ca7e,ACC43467724,ACC20858654,24132.7,15.0,False,completed,2026-08-12T08:48:16.760670,"Ahmedabad, IN",Pixel 9 Pro,Consulting fee
TXN_20260812_01803_44d276,ACC59760987,ACC25189145,31660.69,10.0,False,completed,2026-08-12T08:38:07.168085,"Chennai, IN",OnePlus 12,Urgent remittance
TXN_20260812_02666_9a7ff1,ACC91181015,ACC65809811,38220.81,10.0,False,completed,2026-08-12T08:11:51.976037,"Delhi, IN",iPad Pro (Safari),Invoice settlement
TXN_20260812_01229_1cea1a,ACC39727090,ACC15373430,6020.01,17.0,False,completed,2026-08-12T08:11:21.229022,"Bangalore, IN",Windows 11 (Edge 128),Invoice settlement
TXN_20260812_03336_02c2d7,ACC25189145,ACC39727090,12710.73,26.0,False,completed,2026-08-12T08:09:52.819230,"Bangalore, IN",OnePlus 12,Utility bill
TXN_20260812_02307_5938a4,ACC57224534,ACC20858654,16321.53,24.0,False,completed,2026-08-12T08:06:35.837006,"Kolkata, IN",Pixel 9 Pro,Consulting fee
TXN_20260812_03777_0826c7,ACC70103438,ACC65809811,32380.41,27.0,False,completed,2026-08-12T07:56:14.083248,"Kolkata, IN",iPad Pro (Safari),Urgent remittance
TXN_20260812_00789_099880,ACC16314613,ACC_RING_B,13061.45,20.0,False,completed,2026-08-12T07:51:00.255020,"Jaipur, IN",Windows 11 (Edge 128),Urgent remittance
TXN_20260812_03181_375fb5,ACC50081547,ACC_RING_C,1582.28,17.0,False,completed,2026-08-12T07:41:33.935919,"Mumbai, IN",Windows 11 (Edge 128),Vendor payment
TXN_20260812_02765_9070c4,ACC20858654,ACC16314613,32231.31,20.0,False,completed,2026-08-12T07:26:14.645316,"Bangalore, IN",iPad Pro (Safari),Consulting fee
TXN_20260812_03776_9a7b14,ACC43907404,ACC50081547,25802.38,17.0,False,completed,2026-08-12T07:24:00.568792,"Mumbai, IN",Pixel 9 Pro,Consulting fee
TXN_20260812_00872_dc19be,ACC1003,ACC11706152,28670.23,9.0,False,completed,2026-08-12T07:08:11.171238,"Ahmedabad, IN",MacBook Pro (Chrome 128),Vendor payment
TXN_20260812_02841_f8dfd8,ACC36297523,ACC15373430,28149.59,13.0,False,completed,2026-08-12T07:02:03.755887,"Kolkata, IN",iPad Pro (Safari),Consulting fee
TXN_20260812_00016_6b2347,ACC75385116,ACC43467724,194407.0,84.0,True,completed,2026-08-12T06:55:43.004545,"Hyderabad, IN",Samsung Galaxy S24 Ultra,Rent transfer
TXN_20260812_01256_0121d2,ACC15211290,ACC57029336,40492.17,12.0,False,completed,2026-08-12T06:52:02.073448,"Pune, IN",Samsung Galaxy S24 Ultra,P2P transfer
TXN_20260812_03729_d69670,ACC64246741,ACC11706152,41722.47,26.0,False,completed,2026-08-12T06:46:13.094735,"Chennai, IN",iPhone 16 Pro Max,Rent transfer
TXN_20260812_00183_b98ebe,ACC1003,ACC64246741,31308.91,23.0,False,completed,2026-08-12T06:24:09.737465,"Delhi, IN",iPad Pro (Safari),Consulting fee
TXN_20260812_00009_4c1f47,ACC25189145,ACC57224534,75126.0,66.0,True,completed,2026-08-12T06:18:03.694217,"Pune, IN",Samsung Galaxy S24 Ultra,Consulting fee
TXN_20260812_03404_3d039f,ACC1004,ACC74473089,28341.92,25.0,False,completed,2026-08-12T06:13:06.876795,"Jaipur, IN",OnePlus 12,Utility bill
TXN_20260812_02293_20cc87,ACC59760987,ACC25189145,9083.34,5.0,False,completed,2026-08-12T06:11:08.699348,"Delhi, IN",iPhone 16 Pro Max,Consulting fee
TXN_20260812_05134_3d882e,ACC1003,ACC59760987,44869.33,20.0,False,completed,2026-08-12T06:08:59.852707,"Jaipur, IN",Pixel 9 Pro,Software subscription
TXN_20260812_04153_4b57be,ACC57029336,ACC86445636,22356.47,13.0,False,completed,2026-08-12T05:53:29.401799,"Hyderabad, IN",Samsung Galaxy S24 Ultra,Consulting fee
TXN_20260812_02844_66645b,ACC25189145,ACC82456100,33271.61,25.0,False,completed,2026-08-12T05:17:25.737396,"Hyderabad, IN",iPhone 16 Pro Max,P2P transfer
TXN_20260812_00251_d98983,ACC61076366,ACC1001,26989.98,24.0,False,completed,2026-08-12T05:12:00.121410,"Bangalore, IN",Samsung Galaxy S24 Ultra,Rent transfer
TXN_20260812_00577_ec42f6,ACC75311120,ACC11706152,40953.39,10.0,False,completed,2026-08-12T04:57:23.082445,"Jaipur, IN",Windows 11 (Edge 128),Invoice settlement
TXN_20260812_00501_936df1,ACC57224534,ACC16314613,14240.97,13.0,False,completed,2026-08-12T04:51:20.729043,"Hyderabad, IN",MacBook Pro (Chrome 128),Rent transfer
TXN_20260812_04916_dfc98b,ACC15211290,ACC1001,30834.07,12.0,False,completed,2026-08-12T04:49:07.591288,"Ahmedabad, IN",MacBook Pro (Chrome 128),Rent transfer
TXN_20260812_03904_0bc6eb,ACC1004,ACC57224534,37587.79,13.0,False,completed,2026-08-12T04:31:04.266315,"Chennai, IN",OnePlus 12,Vendor payment
TXN_20260812_00550_047e73,ACC70103438,ACC74473089,20335.84,17.0,False,completed,2026-08-12T04:19:58.357109,"Jaipur, IN",OnePlus 12,Urgent remittance
TXN_20260812_00840_737131,ACC36297523,ACC20858654,168977.0,85.0,True,completed,2026-08-12T04:17:08.829771,"Delhi, IN",MacBook Pro (Chrome 128),P2P transfer
TXN_20260812_03942_99e8f1,ACC43907404,ACC61076366,30318.2,28.0,False,completed,2026-08-12T04:12:03.611976,"Pune, IN",OnePlus 12,Grocery purchase
TXN_20260812_02540_14a070,ACC75311120,ACC66777666,12746.28,28.0,False,completed,2026-08-12T04:01:00.368422,"Jaipur, IN",iPhone 16 Pro Max,Invoice settlement
TXN_20260812_01173_2f43d8,ACC1002,ACC_RING_A,5795.32,27.0,False,completed,2026-08-12T04:00:19.508847,"Jaipur, IN",MacBook Pro (Chrome 128),Software subscription
TXN_20260812_00196_2890c7,ACC40593754,ACC16314613,4030.43,27.0,False,completed,2026-08-12T03:50:16.569016,"Hyderabad, IN",Pixel 9 Pro,Invoice settlement
TXN_20260812_05194_8b565c,ACC92107699,ACC64246741,29965.08,9.0,False,completed,2026-08-12T03:47:53.674054,"Mumbai, IN",OnePlus 12,Utility bill
TXN_20260812_02172_2acc4b,ACC50081547,ACC97828025,21019.96,20.0,False,completed,2026-08-12T03:14:19.461587,"Bangalore, IN",MacBook Pro (Chrome 128),P2P transfer
TXN_20260812_04636_04cb8c,ACC70103438,ACC15373430,37521.93,19.0,False,completed,2026-08-12T03:10:48.502154,"Pune, IN",Samsung Galaxy S24 Ultra,Urgent remittance
TXN_20260812_04996_4d9943,ACC75311120,ACC65809811,19304.53,18.0,False,completed,2026-08-12T03:08:39.192474,"Kolkata, IN",OnePlus 12,Invoice settlement
TXN_20260812_00571_c145fc,ACC65809811,ACC1004,5223.82,17.0,False,completed,2026-08-12T02:55:10.705111,"Pune, IN",OnePlus 12,Online payment
TXN_20260812_00946_ee81b0,ACC57029336,ACC20858654,1744.42,5.0,False,completed,2026-08-12T02:46:57.883539,"Jaipur, IN",Windows 11 (Edge 128),Vendor payment
TXN_20260812_02016_5cd794,ACC74473089,ACC61076366,13956.38,26.0,False,completed,2026-08-12T02:17:20.321332,"Hyderabad, IN",OnePlus 12,Utility bill
TXN_20260812_05013_a47662,ACC75311120,ACC43907404,5582.68,25.0,False,completed,2026-08-12T01:33:42.841667,"Delhi, IN",OnePlus 12,Grocery purchase
TXN_20260812_01292_f6d2da,ACC74473089,ACC1001,23922.53,15.0,False,completed,2026-08-12T01:31:13.441739,"Kolkata, IN",MacBook Pro (Chrome 128),P2P transfer
TXN_20260812_03641_31e395,ACC1004,ACC92107699,5328.42,15.0,False,completed,2026-08-12T01:21:56.681891,"Delhi, IN",iPad Pro (Safari),Vendor payment
TXN_20260812_03531_9fe1b0,ACC1002,ACC75385116,22130.66,15.0,False,completed,2026-08-12T01:12:44.489846,"Hyderabad, IN",Pixel 9 Pro,Consulting fee
TXN_20260812_01469_d482f6,ACC59760987,ACC15373430,44825.92,6.0,False,completed,2026-08-12T00:48:16.848240,"Delhi, IN",Pixel 9 Pro,Urgent remittance
TXN_20260812_01954_39dd5e,ACC11706152,ACC_RING_A,38324.96,10.0,False,completed,2026-08-12T00:42:45.502297,"Pune, IN",iPhone 16 Pro Max,Urgent remittance
TXN_20260811_02519_a37d14,ACC1003,ACC70103438,9826.74,24.0,False,completed,2026-08-11T23:46:20.922717,"Hyderabad, IN",Samsung Galaxy S24 Ultra,Software subscription
TXN_20260811_03708_fa808b,ACC43249524,ACC74473089,29686.15,12.0,False,completed,2026-08-11T23:35:59.354590,"Mumbai, IN",MacBook Pro (Chrome 128),Online payment
TXN_20260811_02965_090e6b,ACC1004,ACC43907404,9596.21,25.0,False,completed,2026-08-11T23:27:34.803670,"Hyderabad, IN",Pixel 9 Pro,Invoice settlement
TXN_20260811_00386_028cce,ACC74473089,ACC1001,6871.05,13.0,False,completed,2026-08-11T23:24:58.441917,"Chennai, IN",Pixel 9 Pro,Vendor payment
TXN_20260811_01195_80cf36,ACC64246741,ACC66777666,33950.56,18.0,False,completed,2026-08-11T23:19:22.805658,"Mumbai, IN",MacBook Pro (Chrome 128),Rent transfer
TXN_20260811_00266_8e5f90,ACC40593754,ACC1003,20426.03,10.0,False,completed,2026-08-11T23:11:50.800912,"Delhi, IN",MacBook Pro (Chrome 128),Online payment
TXN_20260811_03636_9c2c68,ACC59760987,ACC97828025,14786.48,18.0,False,completed,2026-08-11T23:03:32.680971,"Jaipur, IN",MacBook Pro (Chrome 128),Online payment
TXN_20260811_01289_60a606,ACC43249524,ACC74473089,6153.12,12.0,False,completed,2026-08-11T23:00:40.420574,"Ahmedabad, IN",MacBook Pro (Chrome 128),Invoice settlement
TXN_20260811_00305_77ed28,ACC_RING_C,ACC86445636,7928.92,26.0,False,completed,2026-08-11T22:56:49.802982,"Bangalore, IN",Pixel 9 Pro,P2P transfer
TXN_20260811_00898_6fea3f,ACC50081547,ACC59760987,22876.16,26.0,False,completed,2026-08-11T22:55:48.290688,"Kolkata, IN",OnePlus 12,Online payment
TXN_20260811_00701_05d5fa,ACC61076366,ACC70103438,44107.79,28.0,False,completed,2026-08-11T22:34:28.551973,"Chennai, IN",OnePlus 12,Invoice settlement
TXN_20260811_01516_06023a,ACC_RING_C,ACC91181015,18700.08,7.0,False,completed,2026-08-11T22:29:36.381794,"Jaipur, IN",Pixel 9 Pro,Grocery purchase
TXN_20260811_03795_6aeef2,ACC70103438,ACC65809811,35457.05,18.0,False,completed,2026-08-11T22:29:21.604354,"Ahmedabad, IN",Samsung Galaxy S24 Ultra,Utility bill
TXN_20260811_04979_b7a608,ACC40593754,ACC25189145,28086.06,9.0,False,completed,2026-08-11T22:06:27.674454,"Hyderabad, IN",MacBook Pro (Chrome 128),Grocery purchase
TXN_20260811_03506_0f4364,ACC15211290,ACC16314613,5947.34,6.0,False,completed,2026-08-11T22:00:36.578553,"Kolkata, IN",Windows 11 (Edge 128),Utility bill
TXN_20260811_00636_083b3c,ACC82456100,ACC50081547,28019.37,19.0,False,completed,2026-08-11T21:54:33.139453,"Pune, IN",MacBook Pro (Chrome 128),Grocery purchase
TXN_20260811_01401_bc459d,ACC43467724,ACC65809811,15910.55,23.0,False,completed,2026-08-11T21:53:18.104670,"Hyderabad, IN",iPhone 16 Pro Max,Invoice settlement
TXN_20260811_00324_28de8f,ACC86445636,ACC43467724,20179.98,15.0,False,completed,2026-08-11T21:39:06.335440,"Hyderabad, IN",iPhone 16 Pro Max,Urgent remittance
TXN_20260811_03667_7b0641,ACC1004,ACC_RING_C,37113.07,14.0,False,completed,2026-08-11T21:26:09.271720,"Delhi, IN",MacBook Pro (Chrome 128),Grocery purchase
TXN_20260811_03867_94723a,ACC43249524,ACC1001,37079.35,14.0,False,completed,2026-08-11T21:24:10.585556,"Mumbai, IN",MacBook Pro (Chrome 128),Vendor payment
TXN_20260811_01115_7ee396,ACC50081547,ACC61076366,33567.81,14.0,False,completed,2026-08-11T20:47:05.578157,"Ahmedabad, IN",Pixel 9 Pro,Software subscription
TXN_20260811_01154_dbbfa1,ACC15373430,ACC97828025,13399.14,16.0,False,completed,2026-08-11T20:44:27.472035,"Mumbai, IN",Samsung Galaxy S24 Ultra,Urgent remittance
TXN_20260811_00371_71fe61,ACC75385116,ACC82456100,19599.62,22.0,False,completed,2026-08-11T20:39:54.592697,"Bangalore, IN",iPhone 16 Pro Max,Rent transfer
TXN_20260811_04884_7c4098,ACC_RING_C,ACC1002,22264.23,18.0,False,completed,2026-08-11T20:33:52.305474,"Ahmedabad, IN",iPhone 16 Pro Max,Invoice settlement
TXN_20260811_03125_4a52dc,ACC75311120,ACC50081547,11502.17,21.0,False,completed,2026-08-11T20:29:10.767761,"Ahmedabad, IN",iPhone 16 Pro Max,Grocery purchase
TXN_20260811_02296_1a13dc,ACC75385116,ACC66777666,1948.62,10.0,False,completed,2026-08-11T20:22:33.378561,"Jaipur, IN",Samsung Galaxy S24 Ultra,Urgent remittance
TXN_20260811_02644_e1b511,ACC86445636,ACC1004,36582.52,21.0,False,completed,2026-08-11T20:22:17.974415,"Ahmedabad, IN",OnePlus 12,Consulting fee
TXN_20260811_05173_ce16ee,ACC_RING_B,ACC92107699,9458.23,16.0,False,completed,2026-08-11T20:07:48.783997,"Ahmedabad, IN",iPhone 16 Pro Max,Software subscription
TXN_20260811_02163_688e2e,ACC15373430,ACC15211290,39180.77,5.0,False,completed,2026-08-11T20:03:08.811567,"Ahmedabad, IN",Windows 11 (Edge 128),Utility bill
TXN_20260811_03253_759c4c,ACC10897161,ACC40593754,40726.24,24.0,False,completed,2026-08-11T19:58:57.610304,"Bangalore, IN",iPhone 16 Pro Max,Urgent remittance
TXN_20260811_01541_2b24cc,ACC82456100,ACC25189145,36208.09,18.0,False,completed,2026-08-11T19:56:20.545982,"Ahmedabad, IN",iPad Pro (Safari),Grocery purchase
TXN_20260811_03078_7573ca,ACC16314613,ACC11706152,22687.89,26.0,False,completed,2026-08-11T19:27:05.779507,"Jaipur, IN",Pixel 9 Pro,P2P transfer
TXN_20260811_03022_67add1,ACC1002,ACC10897161,8232.83,25.0,False,completed,2026-08-11T19:22:03.672119,"Ahmedabad, IN",Pixel 9 Pro,Urgent remittance
TXN_20260811_02000_c2a159,ACC43907404,ACC82456100,128714.0,86.0,True,completed,2026-08-11T19:15:50.352027,"Pune, IN",MacBook Pro (Chrome 128),Urgent remittance
TXN_20260811_00942_d820da,ACC86445636,ACC59760987,32831.0,12.0,False,completed,2026-08-11T19:10:15.873359,"Kolkata, IN",iPhone 16 Pro Max,P2P transfer
TXN_20260811_02102_a2d715,ACC10897161,ACC91181015,27603.7,6.0,False,completed,2026-08-11T18:54:53.826549,"Jaipur, IN",MacBook Pro (Chrome 128),Consulting fee
TXN_20260811_04579_f533bd,ACC57029336,ACC15373430,15040.35,24.0,False,completed,2026-08-11T18:54:31.806681,"Kolkata, IN",iPad Pro (Safari),Grocery purchase
TXN_20260811_00290_d92877,ACC1002,ACC10897161,14307.19,11.0,False,completed,2026-08-11T18:39:01.802708,"Pune, IN",iPhone 16 Pro Max,Consulting fee
TXN_20260811_05105_d9a0c1,ACC43907404,ACC74473089,35608.32,15.0,False,completed,2026-08-11T18:26:54.093713,"Pune, IN",Pixel 9 Pro,Urgent remittance
TXN_20260811_01858_589c30,ACC25189145,ACC43249524,505.06,5.0,False,completed,2026-08-11T18:25:00.202108,"Bangalore, IN",iPad Pro (Safari),Vendor payment
TXN_20260811_02335_ed4b04,ACC70103438,ACC40593754,25180.63,19.0,False,completed,2026-08-11T18:16:53.387701,"Hyderabad, IN",MacBook Pro (Chrome 128),Rent transfer
TXN_20260811_04146_a2fce9,ACC74473089,ACC57029336,9626.29,18.0,False,completed,2026-08-11T18:03:06.932170,"Hyderabad, IN",MacBook Pro (Chrome 128),Urgent remittance
TXN_20260811_05002_684d94,ACC65809811,ACC92107699,1973.12,16.0,False,completed,2026-08-11T17:56:05.553835,"Jaipur, IN",Pixel 9 Pro,Rent transfer
TXN_20260811_02075_301968,ACC16314613,ACC65809811,36075.38,5.0,False,completed,2026-08-11T17:53:05.139290,"Kolkata, IN",Samsung Galaxy S24 Ultra,Rent transfer
TXN_20260811_00356_dbf6e3,ACC65809811,ACC57029336,39558.73,17.0,False,completed,2026-08-11T17:48:45.425148,"Pune, IN",iPad Pro (Safari),Utility bill
TXN_20260811_04952_35e9f6,ACC40593754,ACC16314613,27530.55,22.0,False,completed,2026-08-11T17:46:37.605570,"Bangalore, IN",Pixel 9 Pro,Urgent remittance
TXN_20260811_00381_94d033,ACC92107699,ACC_RING_A,26742.56,10.0,False,completed,2026-08-11T17:23:57.132166,"Jaipur, IN",iPhone 16 Pro Max,Utility bill
TXN_20260811_01728_d35223,ACC10897161,ACC64246741,30647.72,25.0,False,completed,2026-08-11T17:15:36.796307,"Hyderabad, IN",Pixel 9 Pro,Utility bill
TXN_20260811_02660_7115ae,ACC1003,ACC97828025,41817.76,21.0,False,completed,2026-08-11T17:12:59.664261,"Jaipur, IN",OnePlus 12,Grocery purchase
TXN_20260811_04452_431e42,ACC40593754,ACC1002,994.32,16.0,False,completed,2026-08-11T16:55:31.319540,"Chennai, IN",Samsung Galaxy S24 Ultra,Rent transfer
TXN_20260811_01552_2c9c8b,ACC61076366,ACC50081547,16559.5,20.0,False,completed,2026-08-11T16:37:32.769871,"Mumbai, IN",OnePlus 12,Rent transfer
TXN_20260811_04743_40310b,ACC10897161,ACC91181015,4167.06,28.0,False,completed,2026-08-11T16:08:27.780751,"Mumbai, IN",Pixel 9 Pro,P2P transfer
TXN_20260811_03188_3cd182,ACC_RING_C,ACC_RING_A,34690.76,14.0,False,completed,2026-08-11T15:31:33.348771,"Chennai, IN",Pixel 9 Pro,Consulting fee
TXN_20260811_03063_14dc12,ACC15373430,ACC66777666,44503.66,25.0,False,completed,2026-08-11T15:29:53.150005,"Hyderabad, IN",OnePlus 12,Rent transfer
TXN_20260811_00791_144e8f,ACC57029336,ACC11706152,1688.27,11.0,False,completed,2026-08-11T15:19:27.667217,"Delhi, IN",Pixel 9 Pro,Rent transfer
TXN_20260811_02709_76c6f6,ACC25189145,ACC10897161,9505.46,16.0,False,completed,2026-08-11T15:13:10.760746,"Kolkata, IN",OnePlus 12,Consulting fee
TXN_20260811_00141_5574a2,ACC65809811,ACC39727090,19116.4,17.0,False,completed,2026-08-11T15:12:06.798960,"Bangalore, IN",Pixel 9 Pro,Grocery purchase
TXN_20260811_03557_f619f9,ACC16314613,ACC86445636,25923.51,20.0,False,completed,2026-08-11T15:06:00.288818,"Chennai, IN",iPad Pro (Safari),Vendor payment
TXN_20260811_02291_e75287,ACC61076366,ACC74473089,40031.75,14.0,False,completed,2026-08-11T15:05:50.768246,"Bangalore, IN",MacBook Pro (Chrome 128),Consulting fee
TXN_20260811_03038_528a5b,ACC_RING_C,ACC15211290,24745.59,15.0,False,completed,2026-08-11T15:02:10.365410,"Chennai, IN",MacBook Pro (Chrome 128),Utility bill
TXN_20260811_00412_2535a0,ACC92107699,ACC91181015,26457.0,20.0,False,completed,2026-08-11T14:54:57.251225,"Kolkata, IN",Pixel 9 Pro,Urgent remittance
TXN_20260811_03209_c0224a,ACC91181015,ACC36297523,33255.08,23.0,False,completed,2026-08-11T14:45:49.727667,"Mumbai, IN",Windows 11 (Edge 128),P2P transfer
TXN_20260811_02186_cf611f,ACC_RING_B,ACC64246741,6120.71,18.0,False,completed,2026-08-11T14:40:53.302299,"Delhi, IN",Pixel 9 Pro,Utility bill
TXN_20260811_04235_0bae48,ACC91181015,ACC57224534,37684.67,6.0,False,completed,2026-08-11T14:39:26.664458,"Delhi, IN",Windows 11 (Edge 128),Grocery purchase
TXN_20260811_02756_4fc904,ACC1003,ACC92107699,38998.94,12.0,False,completed,2026-08-11T14:09:21.431045,"Hyderabad, IN",MacBook Pro (Chrome 128),Utility bill
TXN_20260811_00730_e1f860,ACC61076366,ACC97828025,40479.35,27.0,False,completed,2026-08-11T14:05:38.191690,"Jaipur, IN",MacBook Pro (Chrome 128),Vendor payment
TXN_20260811_00622_5a6b43,ACC91181015,ACC_RING_B,4075.5,15.0,False,completed,2026-08-11T14:02:06.765114,"Pune, IN",iPhone 16 Pro Max,Utility bill
TXN_20260811_05179_22a21a,ACC1002,ACC40593754,24338.32,20.0,False,completed,2026-08-11T14:01:40.773633,"Kolkata, IN",iPad Pro (Safari),Software subscription
TXN_20260811_04842_77352a,ACC74473089,ACC75385116,26085.73,18.0,False,completed,2026-08-11T13:51:14.467107,"Mumbai, IN",Windows 11 (Edge 128),Consulting fee
TXN_20260811_02204_69083a,ACC75311120,ACC1002,41953.02,18.0,False,completed,2026-08-11T13:45:43.997249,"Jaipur, IN",Pixel 9 Pro,Grocery purchase
TXN_20260811_03035_28ba54,ACC1003,ACC43249524,815.76,24.0,False,completed,2026-08-11T13:38:41.030173,"Hyderabad, IN",Pixel 9 Pro,P2P transfer
TXN_20260811_01322_80413e,ACC1002,ACC39727090,2297.52,7.0,False,completed,2026-08-11T13:14:10.305549,"Hyderabad, IN",Pixel 9 Pro,Urgent remittance
TXN_20260811_02764_be1c29,ACC43467724,ACC75311120,6768.67,26.0,False,completed,2026-08-11T13:09:12.990513,"Pune, IN",Windows 11 (Edge 128),Urgent remittance
TXN_20260811_03514_c8e176,ACC15373430,ACC1004,2859.36,11.0,False,completed,2026-08-11T12:58:19.953199,"Mumbai, IN",iPhone 16 Pro Max,Rent transfer
TXN_20260811_03412_e401e4,ACC_RING_C,ACC20858654,11702.32,14.0,False,completed,2026-08-11T12:49:43.758432,"Hyderabad, IN",Windows 11 (Edge 128),Vendor payment
TXN_20260811_03945_262c39,ACC40593754,ACC61076366,8925.3,21.0,False,completed,2026-08-11T12:33:15.801555,"Ahmedabad, IN",iPhone 16 Pro Max,Invoice settlement
TXN_20260811_04255_e5fbeb,ACC64246741,ACC15373430,29125.32,18.0,False,completed,2026-08-11T12:24:49.876054,"Bangalore, IN",iPad Pro (Safari),Rent transfer
TXN_20260811_00143_c69853,ACC1004,ACC86445636,30748.29,26.0,False,completed,2026-08-11T12:03:02.871173,"Hyderabad, IN",OnePlus 12,Online payment
TXN_20260811_03633_7c6a13,ACC15373430,ACC50081547,41556.69,16.0,False,completed,2026-08-11T11:46:23.285859,"Kolkata, IN",MacBook Pro (Chrome 128),Software subscription
TXN_20260811_02981_ac93ea,ACC_RING_A,ACC70103438,38327.8,21.0,False,completed,2026-08-11T11:30:43.248090,"Hyderabad, IN",MacBook Pro (Chrome 128),P2P transfer
TXN_20260811_04043_576faa,ACC1003,ACC16314613,3715.18,18.0,False,completed,2026-08-11T11:21:58.229661,"Chennai, IN",iPhone 16 Pro Max,Grocery purchase
TXN_20260811_01488_a93c68,ACC59760987,ACC75385116,3404.32,12.0,False,completed,2026-08-11T11:20:35.426460,"Ahmedabad, IN",Windows 11 (Edge 128),Utility bill
TXN_20260811_04558_dbec30,ACC57224534,ACC75385116,26629.65,20.0,False,completed,2026-08-11T11:19:22.420222,"Delhi, IN",Samsung Galaxy S24 Ultra,Consulting fee
TXN_20260811_03877_33b54f,ACC20858654,ACC74473089,8460.38,26.0,False,completed,2026-08-11T11:11:48.927616,"Ahmedabad, IN",MacBook Pro (Chrome 128),Urgent remittance
TXN_20260811_05119_e3f481,ACC70103438,ACC10897161,17433.87,11.0,False,completed,2026-08-11T11:00:34.103580,"Pune, IN",iPhone 16 Pro Max,P2P transfer
TXN_20260811_03691_14cb0d,ACC36297523,ACC11706152,21627.34,11.0,False,completed,2026-08-11T10:58:43.972786,"Bangalore, IN",Pixel 9 Pro,Grocery purchase
TXN_20260811_04704_0ff291,ACC11706152,ACC20858654,27228.95,19.0,False,completed,2026-08-11T10:44:25.002507,"Delhi, IN",iPad Pro (Safari),Software subscription
TXN_20260811_03915_99914a,ACC74473089,ACC91181015,32440.75,16.0,False,completed,2026-08-11T10:26:38.489306,"Hyderabad, IN",Pixel 9 Pro,Consulting fee
TXN_20260811_00438_83d748,ACC61076366,ACC65809811,37739.27,7.0,False,completed,2026-08-11T10:21:36.557121,"Ahmedabad, IN",Windows 11 (Edge 128),Utility bill
TXN_20260811_00815_34027b,ACC57029336,ACC_RING_B,17320.24,23.0,False,completed,2026-08-11T10:21:19.651343,"Hyderabad, IN",MacBook Pro (Chrome 128),Consulting fee
TXN_20260811_01282_4baf10,ACC92107699,ACC64246741,8483.07,5.0,False,completed,2026-08-11T10:13:08.680936,"Mumbai, IN",Samsung Galaxy S24 Ultra,Rent transfer
TXN_20260811_04466_3f37b1,ACC70103438,ACC91181015,21025.3,5.0,False,completed,2026-08-11T10:11:57.063132,"Bangalore, IN",Windows 11 (Edge 128),Grocery purchase
TXN_20260811_00808_e0eb8a,ACC72717142,ACC20858654,2440.16,6.0,False,completed,2026-08-11T10:01:35.789278,"Bangalore, IN",iPad Pro (Safari),Online payment
TXN_20260811_01826_dc849b,ACC43249524,ACC92107699,19991.02,26.0,False,completed,2026-08-11T09:52:50.319766,"Hyderabad, IN",iPhone 16 Pro Max,Online payment
TXN_20260811_04155_4129fd,ACC70103438,ACC39727090,31789.69,6.0,False,completed,2026-08-11T09:47:47.100444,"Pune, IN",iPhone 16 Pro Max,Invoice settlement
TXN_20260811_05041_ade9be,ACC11706152,ACC64246741,37376.36,21.0,False,completed,2026-08-11T09:46:47.425445,"Ahmedabad, IN",Pixel 9 Pro,Urgent remittance
TXN_20260811_02583_4a697c,ACC43249524,ACC66777666,2015.51,7.0,False,completed,2026-08-11T09:44:50.700582,"Ahmedabad, IN",OnePlus 12,Grocery purchase
TXN_20260811_03195_ea5db1,ACC75311120,ACC_RING_A,20144.56,28.0,False,completed,2026-08-11T09:35:02.146651,"Chennai, IN",iPad Pro (Safari),Grocery purchase
TXN_20260811_03269_69c899,ACC91181015,ACC15373430,18149.78,24.0,False,completed,2026-08-11T09:32:13.645557,"Chennai, IN",iPhone 16 Pro Max,Urgent remittance
TXN_20260811_04501_ffde53,ACC72717142,ACC92107699,15385.15,23.0,False,completed,2026-08-11T09:09:26.547445,"Pune, IN",iPhone 16 Pro Max,Grocery purchase
TXN_20260811_00773_4aa813,ACC15373430,ACC82456100,7043.93,26.0,False,completed,2026-08-11T08:52:12.146970,"Kolkata, IN",Windows 11 (Edge 128),Consulting fee
TXN_20260811_03422_9c4742,ACC11706152,ACC_RING_C,15030.12,20.0,False,completed,2026-08-11T08:45:28.962954,"Jaipur, IN",iPhone 16 Pro Max,Vendor payment
TXN_20260811_03870_b3b9ba,ACC74473089,ACC72717142,30495.22,25.0,False,completed,2026-08-11T08:28:22.067502,"Chennai, IN",MacBook Pro (Chrome 128),Invoice settlement
TXN_20260811_01529_22762c,ACC_RING_A,ACC25189145,3546.12,9.0,False,completed,2026-08-11T08:21:58.618514,"Ahmedabad, IN",OnePlus 12,Utility bill
TXN_20260811_02678_d7cacb,ACC39727090,ACC61076366,43480.33,17.0,False,completed,2026-08-11T08:03:52.043409,"Bangalore, IN",iPhone 16 Pro Max,Utility bill
TXN_20260811_01900_a3d6e0,ACC74473089,ACC75311120,22008.01,27.0,False,completed,2026-08-11T07:56:57.197022,"Jaipur, IN",Samsung Galaxy S24 Ultra,P2P transfer
TXN_20260811_02295_2f6001,ACC82456100,ACC92107699,39170.99,13.0,False,completed,2026-08-11T07:54:29.874422,"Mumbai, IN",MacBook Pro (Chrome 128),Online payment
TXN_20260811_04622_5c42c8,ACC43467724,ACC91181015,12161.78,5.0,False,completed,2026-08-11T07:52:01.946345,"Jaipur, IN",OnePlus 12,Urgent remittance
TXN_20260811_00471_a5defc,ACC66777666,ACC25189145,18646.57,21.0,False,completed,2026-08-11T07:46:40.087829,"Bangalore, IN",iPad Pro (Safari),Grocery purchase
TXN_20260811_03177_9750ca,ACC72717142,ACC66777666,31511.62,25.0,False,completed,2026-08-11T07:20:26.705181,"Delhi, IN",Windows 11 (Edge 128),Online payment
TXN_20260811_03512_2ce736,ACC43467724,ACC61076366,29222.85,17.0,False,completed,2026-08-11T07:15:30.192871,"Bangalore, IN",iPad Pro (Safari),Online payment
TXN_20260811_03630_6fbe61,ACC11706152,ACC_RING_A,33752.16,13.0,False,completed,2026-08-11T07:08:33.801739,"Jaipur, IN",OnePlus 12,Invoice settlement
TXN_20260811_05091_3deddd,ACC92107699,ACC57029336,13750.18,17.0,False,completed,2026-08-11T07:06:32.005141,"Ahmedabad, IN",OnePlus 12,Consulting fee
TXN_20260811_02062_f149bb,ACC72717142,ACC1002,9923.34,18.0,False,completed,2026-08-11T06:56:21.909596,"Pune, IN",iPad Pro (Safari),Invoice settlement
TXN_20260811_00990_93b02f,ACC1002,ACC70103438,39553.27,16.0,False,completed,2026-08-11T06:47:10.630540,"Delhi, IN",iPad Pro (Safari),Urgent remittance
TXN_20260811_03912_da590c,ACC97828025,ACC75311120,9222.25,22.0,False,completed,2026-08-11T06:45:04.426122,"Mumbai, IN",iPhone 16 Pro Max,Online payment
TXN_20260811_04343_c8c8f8,ACC50081547,ACC66777666,6360.9,13.0,False,completed,2026-08-11T06:42:07.790133,"Mumbai, IN",Pixel 9 Pro,Invoice settlement
TXN_20260811_00118_9149cf,ACC40593754,ACC_RING_A,40955.98,26.0,False,completed,2026-08-11T06:34:05.765187,"Bangalore, IN",OnePlus 12,P2P transfer
TXN_20260811_03978_5980f4,ACC36297523,ACC50081547,24861.66,15.0,False,completed,2026-08-11T06:32:52.587545,"Ahmedabad, IN",iPhone 16 Pro Max,P2P transfer
TXN_20260811_01031_2a2f58,ACC74473089,ACC11706152,12610.38,16.0,False,completed,2026-08-11T06:14:00.872911,"Bangalore, IN",Windows 11 (Edge 128),Vendor payment
TXN_20260811_02273_36dbcf,ACC57029336,ACC1002,32248.76,19.0,False,completed,2026-08-11T06:09:30.852665,"Delhi, IN",Windows 11 (Edge 128),Online payment
TXN_20260811_01871_ea2a10,ACC43467724,ACC65809811,5206.86,14.0,False,completed,2026-08-11T06:05:51.799236,"Mumbai, IN",iPhone 16 Pro Max,Rent transfer
TXN_20260811_04360_5947c6,ACC_RING_B,ACC72717142,66264.0,86.0,True,completed,2026-08-11T05:59:06.023873,"Bangalore, IN",iPad Pro (Safari),Consulting fee
TXN_20260811_01340_e46700,ACC92107699,ACC72717142,34096.61,7.0,False,completed,2026-08-11T05:58:13.991285,"Delhi, IN",iPhone 16 Pro Max,Online payment
TXN_20260811_03343_6370c1,ACC1003,ACC25189145,31042.94,10.0,False,completed,2026-08-11T05:55:24.213772,"Bangalore, IN",Windows 11 (Edge 128),Online payment
TXN_20260811_01502_1171ec,ACC16314613,ACC39727090,38466.37,5.0,False,completed,2026-08-11T05:44:33.563919,"Mumbai, IN",iPad Pro (Safari),Vendor payment
TXN_20260811_04688_aa296a,ACC91181015,ACC43249524,23167.59,8.0,False,completed,2026-08-11T05:37:46.665749,"Chennai, IN",iPad Pro (Safari),Grocery purchase
TXN_20260811_01491_9267c5,ACC61076366,ACC57029336,1494.58,9.0,False,completed,2026-08-11T05:24:11.518413,"Pune, IN",Pixel 9 Pro,Online payment
TXN_20260811_04003_d296be,ACC97828025,ACC92107699,27077.86,24.0,False,completed,2026-08-11T05:18:25.749347,"Jaipur, IN",Windows 11 (Edge 128),Vendor payment
TXN_20260811_00688_449ec1,ACC97828025,ACC1002,2428.49,28.0,False,completed,2026-08-11T05:03:59.278401,"Ahmedabad, IN",iPhone 16 Pro Max,Online payment
TXN_20260811_04615_6fd954,ACC57029336,ACC92107699,16799.69,16.0,False,completed,2026-08-11T05:03:04.762655,"Bangalore, IN",Samsung Galaxy S24 Ultra,Software subscription
TXN_20260811_00851_9cbc86,ACC15373430,ACC92107699,20323.89,14.0,False,completed,2026-08-11T04:49:31.578739,"Bangalore, IN",Samsung Galaxy S24 Ultra,Software subscription
TXN_20260811_02378_4b7a22,ACC61076366,ACC36297523,5911.21,18.0,False,completed,2026-08-11T04:45:54.870396,"Chennai, IN",Pixel 9 Pro,Consulting fee
TXN_20260811_03836_e3cb10,ACC15211290,ACC43467724,6766.97,15.0,False,completed,2026-08-11T04:37:21.324815,"Pune, IN",iPhone 16 Pro Max,Utility bill
TXN_20260811_04728_b6b4a4,ACC72717142,ACC1003,3161.82,10.0,False,completed,2026-08-11T04:36:02.960497,"Mumbai, IN",iPhone 16 Pro Max,Grocery purchase
TXN_20260811_03235_833396,ACC74473089,ACC43467724,42872.27,18.0,False,completed,2026-08-11T04:23:02.845564,"Bangalore, IN",Pixel 9 Pro,Grocery purchase
TXN_20260811_00749_c6fd21,ACC57224534,ACC65809811,3223.36,25.0,False,completed,2026-08-11T04:19:49.584227,"Hyderabad, IN",Windows 11 (Edge 128),Online payment
TXN_20260811_00835_aa2dbc,ACC_RING_C,ACC1001,37154.8,5.0,False,completed,2026-08-11T04:09:58.183788,"Kolkata, IN",Windows 11 (Edge 128),Urgent remittance
TXN_20260811_02012_e9a55b,ACC1004,ACC59760987,34872.28,28.0,False,completed,2026-08-11T03:37:01.484955,"Chennai, IN",MacBook Pro (Chrome 128),Utility bill
TXN_20260811_01903_e693d0,ACC75385116,ACC1002,26336.96,27.0,False,completed,2026-08-11T03:34:45.430301,"Hyderabad, IN",Pixel 9 Pro,Urgent remittance
TXN_20260811_04288_57541f,ACC36297523,ACC97828025,35433.22,27.0,False,completed,2026-08-11T03:20:14.601124,"Hyderabad, IN",Samsung Galaxy S24 Ultra,Grocery purchase
TXN_20260811_02624_a7ed67,ACC74473089,ACC50081547,28293.11,23.0,False,completed,2026-08-11T03:17:47.424324,"Bangalore, IN",iPad Pro (Safari),Rent transfer
TXN_20260811_03184_8402ef,ACC15373430,ACC82456100,33921.99,16.0,False,completed,2026-08-11T03:06:41.547731,"Pune, IN",iPad Pro (Safari),Urgent remittance
TXN_20260811_01570_9e9255,ACC43467724,ACC66777666,13684.65,14.0,False,completed,2026-08-11T03:05:24.276646,"Jaipur, IN",OnePlus 12,Online payment
TXN_20260811_01748_402c66,ACC1004,ACC57029336,10126.53,13.0,False,completed,2026-08-11T03:03:39.482724,"Kolkata, IN",MacBook Pro (Chrome 128),Urgent remittance
TXN_20260811_00510_047304,ACC1003,ACC59760987,1771.36,25.0,False,completed,2026-08-11T02:49:11.280490,"Ahmedabad, IN",Samsung Galaxy S24 Ultra,Rent transfer
TXN_20260811_02227_2739db,ACC16314613,ACC1001,22464.18,7.0,False,completed,2026-08-11T02:42:55.363057,"Mumbai, IN",Pixel 9 Pro,Urgent remittance
TXN_20260811_00408_a44956,ACC10897161,ACC91181015,4473.17,13.0,False,completed,2026-08-11T02:38:59.291178,"Kolkata, IN",MacBook Pro (Chrome 128),P2P transfer
TXN_20260811_01332_1efe26,ACC10897161,ACC15373430,12659.6,23.0,False,completed,2026-08-11T02:03:00.278287,"Hyderabad, IN",iPad Pro (Safari),Rent transfer
TXN_20260811_00675_f4b8c3,ACC92107699,ACC66777666,37604.15,16.0,False,completed,2026-08-11T01:58:30.745908,"Ahmedabad, IN",Windows 11 (Edge 128),P2P transfer
TXN_20260811_04449_ae8702,ACC75311120,ACC91181015,22361.98,13.0,False,completed,2026-08-11T01:57:11.258499,"Hyderabad, IN",Pixel 9 Pro,Invoice settlement
TXN_20260811_01471_150e98,ACC16314613,ACC_RING_A,36896.5,25.0,False,completed,2026-08-11T01:57:01.497120,"Hyderabad, IN",Pixel 9 Pro,Online payment
TXN_20260811_00085_ed0b8e,ACC25189145,ACC16314613,15596.57,7.0,False,completed,2026-08-11T01:50:09.069192,"Pune, IN",OnePlus 12,Online payment
TXN_20260811_02561_946f69,ACC75385116,ACC_RING_B,36803.79,19.0,False,completed,2026-08-11T01:46:12.939495,"Ahmedabad, IN",Pixel 9 Pro,Invoice settlement
TXN_20260811_04835_e066b4,ACC82456100,ACC1002,33359.26,23.0,False,completed,2026-08-11T01:44:30.660924,"Chennai, IN",iPhone 16 Pro Max,Consulting fee
TXN_20260811_02948_3fa1c0,ACC43467724,ACC40593754,36366.12,15.0,False,completed,2026-08-11T01:36:55.320305,"Jaipur, IN",iPad Pro (Safari),Grocery purchase
TXN_20260811_03006_d78fc7,ACC1001,ACC43907404,19521.66,18.0,False,completed,2026-08-11T00:55:14.491832,"Kolkata, IN",MacBook Pro (Chrome 128),Rent transfer
TXN_20260811_03485_1be7f4,ACC1002,ACC_RING_C,21190.84,26.0,False,completed,2026-08-11T00:46:20.704260,"Delhi, IN",MacBook Pro (Chrome 128),P2P transfer
TXN_20260811_03296_de1750,ACC25189145,ACC_RING_B,30278.72,6.0,False,completed,2026-08-11T00:46:15.298372,"Chennai, IN",Samsung Galaxy S24 Ultra,Grocery purchase
TXN_20260811_02685_f245ac,ACC_RING_A,ACC70103438,550.49,6.0,False,completed,2026-08-11T00:36:28.660394,"Hyderabad, IN",iPad Pro (Safari),Invoice settlement
TXN_20260811_03516_8296b2,ACC61076366,ACC43249524,3137.03,20.0,False,completed,2026-08-11T00:35:06.503227,"Bangalore, IN",MacBook Pro (Chrome 128),Software subscription
TXN_20260811_02646_460ed3,ACC_RING_C,ACC59760987,12203.65,17.0,False,completed,2026-08-11T00:20:37.324702,"Kolkata, IN",Samsung Galaxy S24 Ultra,Urgent remittance
TXN_20260811_01668_a41107,ACC36297523,ACC64246741,21011.42,13.0,False,completed,2026-08-11T00:11:55.906992,"Bangalore, IN",OnePlus 12,Grocery purchase
TXN_20260810_04654_e252f7,ACC92107699,ACC97828025,14983.41,25.0,False,completed,2026-08-10T23:56:46.659891,"Bangalore, IN",Windows 11 (Edge 128),Utility bill
TXN_20260810_04229_838b08,ACC_RING_B,ACC25189145,304.85,26.0,False,completed,2026-08-10T23:46:28.917013,"Chennai, IN",iPhone 16 Pro Max,Rent transfer
TXN_20260810_03831_58aca6,ACC70103438,ACC39727090,32781.16,13.0,False,completed,2026-08-10T23:33:18.027148,"Chennai, IN",iPad Pro (Safari),Software subscription
TXN_20260810_01590_546a48,ACC11706152,ACC25189145,16862.24,6.0,False,completed,2026-08-10T23:19:35.114206,"Kolkata, IN",Samsung Galaxy S24 Ultra,Grocery purchase
TXN_20260810_02915_43085d,ACC15373430,ACC1003,13737.69,6.0,False,completed,2026-08-10T23:18:11.977454,"Bangalore, IN",Pixel 9 Pro,Utility bill
TXN_20260810_00697_04228b,ACC61076366,ACC57224534,4654.07,21.0,False,completed,2026-08-10T23:15:14.651774,"Mumbai, IN",iPhone 16 Pro Max,Online payment
TXN_20260810_03284_32a89b,ACC97828025,ACC72717142,5229.23,20.0,False,completed,2026-08-10T22:40:57.413103,"Mumbai, IN",MacBook Pro (Chrome 128),Invoice settlement
TXN_20260810_01279_bf967e,ACC97828025,ACC_RING_A,25754.44,24.0,False,completed,2026-08-10T22:32:21.736680,"Chennai, IN",iPhone 16 Pro Max,Grocery purchase
TXN_20260810_00496_e204b4,ACC66777666,ACC75385116,22897.56,26.0,False,completed,2026-08-10T22:29:44.612761,"Mumbai, IN",iPhone 16 Pro Max,Vendor payment
TXN_20260810_04076_240d94,ACC66777666,ACC39727090,27043.93,10.0,False,completed,2026-08-10T22:28:21.854400,"Pune, IN",iPhone 16 Pro Max,Invoice settlement
TXN_20260810_00588_c1752f,ACC64246741,ACC91181015,30093.75,18.0,False,completed,2026-08-10T22:22:03.365411,"Kolkata, IN",iPhone 16 Pro Max,Vendor payment
TXN_20260810_04338_005f6b,ACC25189145,ACC1001,36917.22,23.0,False,completed,2026-08-10T22:18:16.074018,"Mumbai, IN",OnePlus 12,Software subscription
TXN_20260810_05154_3f52c9,ACC1004,ACC75311120,18903.8,13.0,False,completed,2026-08-10T22:05:13.797319,"Jaipur, IN",iPhone 16 Pro Max,Consulting fee
TXN_20260810_04511_96cf4b,ACC43249524,ACC39727090,42075.27,27.0,False,completed,2026-08-10T21:58:04.065494,"Ahmedabad, IN",MacBook Pro (Chrome 128),Online payment
TXN_20260810_00590_9174f1,ACC65809811,ACC82456100,34982.13,24.0,False,completed,2026-08-10T21:50:11.046217,"Ahmedabad, IN",OnePlus 12,Invoice settlement
TXN_20260810_05190_17e601,ACC70103438,ACC1003,6561.05,5.0,False,completed,2026-08-10T21:36:17.398593,"Mumbai, IN",MacBook Pro (Chrome 128),Vendor payment
TXN_20260810_03648_11d12d,ACC75311120,ACC1001,27424.93,11.0,False,completed,2026-08-10T21:32:41.945051,"Bangalore, IN",Pixel 9 Pro,Vendor payment
TXN_20260810_02464_daf970,ACC92107699,ACC36297523,33325.45,6.0,False,completed,2026-08-10T21:14:42.166344,"Pune, IN",iPad Pro (Safari),Consulting fee
TXN_20260810_01003_6dbe0d,ACC57224534,ACC36297523,22769.69,12.0,False,completed,2026-08-10T20:52:59.400601,"Ahmedabad, IN",MacBook Pro (Chrome 128),P2P transfer
TXN_20260810_01395_66dc8e,ACC15373430,ACC1001,19518.73,18.0,False,completed,2026-08-10T20:25:01.574972,"Jaipur, IN",OnePlus 12,Software subscription
TXN_20260810_03511_966113,ACC11706152,ACC82456100,3709.25,5.0,False,completed,2026-08-10T20:19:29.011291,"Mumbai, IN",Samsung Galaxy S24 Ultra,Vendor payment
TXN_20260810_04197_c731fc,ACC70103438,ACC43249524,44661.06,19.0,False,completed,2026-08-10T20:18:20.289393,"Delhi, IN",iPhone 16 Pro Max,P2P transfer
TXN_20260810_04388_b41f74,ACC75311120,ACC86445636,26914.99,18.0,False,completed,2026-08-10T20:03:36.784698,"Ahmedabad, IN",iPhone 16 Pro Max,Vendor payment
TXN_20260810_01406_a57331,ACC97828025,ACC66777666,5250.97,22.0,False,completed,2026-08-10T19:45:43.320743,"Chennai, IN",MacBook Pro (Chrome 128),Software subscription
TXN_20260810_03983_040b6d,ACC57029336,ACC91181015,21058.43,17.0,False,completed,2026-08-10T19:30:01.890780,"Hyderabad, IN",iPhone 16 Pro Max,Rent transfer
TXN_20260810_04455_79e527,ACC43249524,ACC72717142,37495.25,6.0,False,completed,2026-08-10T18:54:23.485064,"Delhi, IN",Windows 11 (Edge 128),Grocery purchase
TXN_20260810_04714_f7ea89,ACC25189145,ACC1001,22402.96,8.0,False,completed,2026-08-10T18:45:18.347818,"Delhi, IN",iPhone 16 Pro Max,Consulting fee
TXN_20260810_03778_5e65c8,ACC25189145,ACC57029336,18279.5,24.0,False,completed,2026-08-10T18:14:02.719927,"Ahmedabad, IN",Windows 11 (Edge 128),P2P transfer
TXN_20260810_01384_908f2f,ACC92107699,ACC91181015,17991.75,22.0,False,completed,2026-08-10T17:59:49.639773,"Kolkata, IN",iPhone 16 Pro Max,Grocery purchase
TXN_20260810_00950_40cd65,ACC66777666,ACC75385116,12603.89,21.0,False,completed,2026-08-10T17:34:42.738445,"Kolkata, IN",iPad Pro (Safari),Utility bill
TXN_20260810_00421_24c73a,ACC1001,ACC92107699,5752.17,20.0,False,completed,2026-08-10T16:54:02.824782,"Hyderabad, IN",Samsung Galaxy S24 Ultra,Software subscription
TXN_20260810_00546_5000f3,ACC86445636,ACC66777666,42632.7,8.0,False,completed,2026-08-10T16:40:59.315893,"Chennai, IN",Windows 11 (Edge 128),Vendor payment
TXN_20260810_00687_ee0716,ACC75385116,ACC_RING_B,11088.88,10.0,False,completed,2026-08-10T16:30:50.901419,"Hyderabad, IN",Windows 11 (Edge 128),Grocery purchase
TXN_20260810_04407_d37125,ACC_RING_B,ACC59760987,33365.72,11.0,False,completed,2026-08-10T16:20:23.087700,"Bangalore, IN",MacBook Pro (Chrome 128),Online payment
TXN_20260810_05197_29d545,ACC75385116,ACC75311120,2688.42,19.0,False,completed,2026-08-10T16:06:10.747893,"Bangalore, IN",Pixel 9 Pro,Online payment
TXN_20260810_02352_06b727,ACC43249524,ACC10897161,31200.66,7.0,False,completed,2026-08-10T15:59:39.363019,"Kolkata, IN",OnePlus 12,Consulting fee
TXN_20260810_03152_973a97,ACC97828025,ACC57029336,2826.24,6.0,False,completed,2026-08-10T15:58:51.489409,"Bangalore, IN",Samsung Galaxy S24 Ultra,Urgent remittance
TXN_20260810_03442_11935b,ACC43907404,ACC57224534,8803.01,8.0,False,completed,2026-08-10T15:55:03.521897,"Pune, IN",iPhone 16 Pro Max,Vendor payment
TXN_20260810_04083_e55b88,ACC57224534,ACC66777666,16079.71,10.0,False,completed,2026-08-10T15:51:29.366447,"Bangalore, IN",Samsung Galaxy S24 Ultra,Urgent remittance
TXN_20260810_03857_72e5fb,ACC39727090,ACC43249524,32987.84,13.0,False,completed,2026-08-10T15:42:37.407494,"Hyderabad, IN",MacBook Pro (Chrome 128),Urgent remittance
TXN_20260810_03556_594549,ACC25189145,ACC64246741,19687.62,18.0,False,completed,2026-08-10T15:22:59.213649,"Bangalore, IN",iPhone 16 Pro Max,Rent transfer
TXN_20260810_01415_5946fa,ACC57224534,ACC74473089,4660.95,25.0,False,completed,2026-08-10T15:11:50.192468,"Delhi, IN",iPhone 16 Pro Max,Invoice settlement
TXN_20260810_01283_d6ba3a,ACC57224534,ACC15211290,5878.41,26.0,False,completed,2026-08-10T15:10:21.742813,"Bangalore, IN",Windows 11 (Edge 128),Consulting fee
TXN_20260810_02491_2ddcfd,ACC70103438,ACC_RING_C,38635.04,21.0,False,completed,2026-08-10T14:58:26.746954,"Delhi, IN",Pixel 9 Pro,Rent transfer
TXN_20260810_02520_ebc2b8,ACC10897161,ACC64246741,218511.0,79.0,True,completed,2026-08-10T14:56:43.923939,"Delhi, IN",Samsung Galaxy S24 Ultra,Online payment
TXN_20260810_00517_46d87d,ACC40593754,ACC15373430,5831.52,8.0,False,completed,2026-08-10T14:55:51.388263,"Hyderabad, IN",MacBook Pro (Chrome 128),Rent transfer
TXN_20260810_04369_57d9d9,ACC64246741,ACC74473089,9335.63,21.0,False,completed,2026-08-10T14:48:29.719718,"Hyderabad, IN",MacBook Pro (Chrome 128),Vendor payment
TXN_20260810_05180_106aff,ACC74473089,ACC70103438,41466.28,15.0,False,completed,2026-08-10T14:47:27.602091,"Jaipur, IN",iPad Pro (Safari),Urgent remittance
TXN_20260810_04117_4bd1f7,ACC72717142,ACC92107699,11917.2,11.0,False,completed,2026-08-10T14:46:49.879835,"Jaipur, IN",OnePlus 12,Vendor payment
TXN_20260810_01441_1c51d9,ACC97828025,ACC70103438,24969.16,28.0,False,completed,2026-08-10T14:38:11.060633,"Chennai, IN",Windows 11 (Edge 128),Rent transfer
TXN_20260810_04278_4f86e2,ACC25189145,ACC64246741,24233.37,25.0,False,completed,2026-08-10T14:24:39.304688,"Delhi, IN",Pixel 9 Pro,Consulting fee
TXN_20260810_04201_05dabc,ACC57029336,ACC43907404,24502.89,18.0,False,completed,2026-08-10T14:22:46.550123,"Ahmedabad, IN",Windows 11 (Edge 128),P2P transfer
TXN_20260810_03053_57b6a5,ACC86445636,ACC15211290,22110.93,17.0,False,completed,2026-08-10T14:18:23.742785,"Ahmedabad, IN",Windows 11 (Edge 128),Urgent remittance
TXN_20260810_02104_22c20f,ACC50081547,ACC1001,11552.39,12.0,False,completed,2026-08-10T14:16:45.227357,"Hyderabad, IN",Pixel 9 Pro,P2P transfer
TXN_20260810_03939_ffd12f,ACC91181015,ACC50081547,2781.98,20.0,False,completed,2026-08-10T14:16:02.184656,"Jaipur, IN",iPad Pro (Safari),Invoice settlement
TXN_20260810_04459_d516e9,ACC15211290,ACC20858654,40117.02,20.0,False,completed,2026-08-10T14:12:36.677316,"Mumbai, IN",Samsung Galaxy S24 Ultra,Consulting fee
TXN_20260810_02872_ff7b0e,ACC86445636,ACC64246741,38485.26,25.0,False,completed,2026-08-10T14:08:27.591157,"Chennai, IN",OnePlus 12,Vendor payment
TXN_20260810_00715_fc0cc9,ACC1002,ACC43467724,39468.97,5.0,False,completed,2026-08-10T13:58:47.789365,"Pune, IN",iPhone 16 Pro Max,Online payment
TXN_20260810_01688_7a3c43,ACC74473089,ACC70103438,39302.6,27.0,False,completed,2026-08-10T13:49:19.749372,"Ahmedabad, IN",Samsung Galaxy S24 Ultra,Vendor payment
TXN_20260810_00783_e6876f,ACC64246741,ACC10897161,3704.2,24.0,False,completed,2026-08-10T13:23:39.596232,"Pune, IN",iPad Pro (Safari),Online payment
TXN_20260810_05015_732319,ACC57224534,ACC40593754,14335.06,17.0,False,completed,2026-08-10T12:44:28.393151,"Hyderabad, IN",iPhone 16 Pro Max,Urgent remittance
TXN_20260810_03859_c8ea2c,ACC74473089,ACC20858654,5982.04,28.0,False,completed,2026-08-10T12:37:25.886104,"Chennai, IN",Samsung Galaxy S24 Ultra,Invoice settlement
TXN_20260810_00407_2df66c,ACC75385116,ACC72717142,34967.46,26.0,False,completed,2026-08-10T12:25:01.125014,"Jaipur, IN",iPad Pro (Safari),Software subscription
TXN_20260810_00195_f2d2e2,ACC74473089,ACC_RING_C,21283.88,17.0,False,completed,2026-08-10T12:20:25.433567,"Chennai, IN",iPhone 16 Pro Max,Rent transfer
TXN_20260810_00020_8d4583,ACC75385116,ACC39727090,225224.0,77.0,True,completed,2026-08-10T11:59:07.313418,"Ahmedabad, IN",Samsung Galaxy S24 Ultra,Urgent remittance
TXN_20260810_01217_afafb3,ACC20858654,ACC57224534,5332.88,8.0,False,completed,2026-08-10T11:04:21.411005,"Jaipur, IN",Samsung Galaxy S24 Ultra,Utility bill
TXN_20260810_00711_00faab,ACC11706152,ACC_RING_B,10334.11,9.0,False,completed,2026-08-10T10:59:42.983465,"Ahmedabad, IN",Windows 11 (Edge 128),P2P transfer
TXN_20260810_00944_147181,ACC86445636,ACC11706152,18090.88,28.0,False,completed,2026-08-10T10:54:31.716207,"Jaipur, IN",iPad Pro (Safari),Rent transfer
TXN_20260810_04978_da8880,ACC97828025,ACC11706152,28475.06,18.0,False,completed,2026-08-10T10:00:59.284614,"Bangalore, IN",Windows 11 (Edge 128),Grocery purchase
TXN_20260810_03299_a3bc63,ACC66777666,ACC65809811,23989.03,21.0,False,completed,2026-08-10T09:58:12.100107,"Jaipur, IN",iPhone 16 Pro Max,Online payment
TXN_20260810_04216_f9579d,ACC92107699,ACC74473089,27666.8,5.0,False,completed,2026-08-10T09:44:02.427449,"Mumbai, IN",OnePlus 12,Invoice settlement
TXN_20260810_02113_0a32d5,ACC70103438,ACC86445636,42132.87,14.0,False,completed,2026-08-10T09:41:23.657387,"Kolkata, IN",Windows 11 (Edge 128),Online payment
TXN_20260810_01009_ea3a03,ACC40593754,ACC61076366,40672.85,7.0,False,completed,2026-08-10T09:31:59.689345,"Delhi, IN",Samsung Galaxy S24 Ultra,Online payment
TXN_20260810_02044_a0530f,ACC72717142,ACC25189145,22061.82,18.0,False,completed,2026-08-10T09:27:26.464071,"Hyderabad, IN",MacBook Pro (Chrome 128),Online payment
TXN_20260810_00157_08e02f,ACC25189145,ACC1001,9880.79,15.0,False,completed,2026-08-10T09:23:37.861675,"Chennai, IN",iPhone 16 Pro Max,Invoice settlement
TXN_20260810_03727_8d4a5c,ACC_RING_B,ACC36297523,36907.26,6.0,False,completed,2026-08-10T09:17:24.359155,"Ahmedabad, IN",OnePlus 12,Software subscription
TXN_20260810_05026_654634,ACC92107699,ACC15373430,16895.76,23.0,False,completed,2026-08-10T08:59:23.728766,"Bangalore, IN",Samsung Galaxy S24 Ultra,P2P transfer
TXN_20260810_03700_0643f8,ACC43907404,ACC1001,25357.35,26.0,False,completed,2026-08-10T08:53:25.653777,"Delhi, IN",iPad Pro (Safari),Software subscription
TXN_20260810_02261_6c6f0d,ACC10897161,ACC50081547,42468.38,9.0,False,completed,2026-08-10T08:50:09.869523,"Mumbai, IN",iPhone 16 Pro Max,Urgent remittance
TXN_20260810_01013_100b7f,ACC1001,ACC40593754,39776.94,11.0,False,completed,2026-08-10T08:45:35.078106,"Pune, IN",Windows 11 (Edge 128),Rent transfer
TXN_20260810_03288_7e9ecd,ACC92107699,ACC91181015,20182.92,23.0,False,completed,2026-08-10T08:44:04.514042,"Pune, IN",Samsung Galaxy S24 Ultra,Vendor payment
TXN_20260810_01436_8eb1bb,ACC15373430,ACC39727090,39760.73,19.0,False,completed,2026-08-10T08:38:47.823789,"Jaipur, IN",iPad Pro (Safari),Consulting fee
TXN_20260810_03170_38892c,ACC1003,ACC20858654,37076.4,16.0,False,completed,2026-08-10T08:36:50.422777,"Kolkata, IN",OnePlus 12,Grocery purchase
TXN_20260810_04810_82872c,ACC1001,ACC15211290,19222.12,7.0,False,completed,2026-08-10T08:34:38.124612,"Mumbai, IN",OnePlus 12,Rent transfer
TXN_20260810_01831_b4cea3,ACC_RING_B,ACC75385116,2230.85,20.0,False,completed,2026-08-10T08:33:10.865412,"Delhi, IN",MacBook Pro (Chrome 128),Consulting fee
TXN_20260810_01226_ac8ff7,ACC16314613,ACC57224534,2638.59,13.0,False,completed,2026-08-10T07:54:00.108324,"Delhi, IN",OnePlus 12,Software subscription
TXN_20260810_02970_185be2,ACC_RING_C,ACC15211290,22748.62,15.0,False,completed,2026-08-10T07:43:51.725110,"Ahmedabad, IN",OnePlus 12,Consulting fee
TXN_20260810_00355_4a1cef,ACC92107699,ACC82456100,10686.58,23.0,False,completed,2026-08-10T07:36:38.351815,"Chennai, IN",OnePlus 12,P2P transfer
TXN_20260810_03640_896994,ACC1003,ACC16314613,115954.0,75.0,True,completed,2026-08-10T07:29:12.555713,"Pune, IN",Samsung Galaxy S24 Ultra,Rent transfer
TXN_20260810_00076_938090,ACC57224534,ACC39727090,12115.5,20.0,False,completed,2026-08-10T07:18:29.985879,"Chennai, IN",OnePlus 12,Software subscription
TXN_20260810_04697_151798,ACC15373430,ACC11706152,6919.36,9.0,False,completed,2026-08-10T07:14:44.086243,"Mumbai, IN",iPhone 16 Pro Max,Software subscription
TXN_20260810_00630_0c5707,ACC92107699,ACC11706152,32053.51,23.0,False,completed,2026-08-10T07:11:59.037493,"Pune, IN",MacBook Pro (Chrome 128),Grocery purchase
TXN_20260810_00362_8874f9,ACC75311120,ACC91181015,26123.09,22.0,False,completed,2026-08-10T07:02:51.327689,"Ahmedabad, IN",Windows 11 (Edge 128),Vendor payment
TXN_20260810_03365_9fa332,ACC39727090,ACC1001,33904.07,8.0,False,completed,2026-08-10T06:49:19.834312,"Jaipur, IN",Pixel 9 Pro,Online payment
TXN_20260810_02926_ade133,ACC40593754,ACC1004,33365.48,11.0,False,completed,2026-08-10T06:48:14.202039,"Hyderabad, IN",iPhone 16 Pro Max,Vendor payment
TXN_20260810_00422_ac1bba,ACC64246741,ACC57224534,20487.96,13.0,False,completed,2026-08-10T06:42:52.724946,"Kolkata, IN",MacBook Pro (Chrome 128),Online payment
TXN_20260810_03780_0c5d80,ACC20858654,ACC86445636,21221.31,7.0,False,completed,2026-08-10T06:29:04.974721,"Delhi, IN",OnePlus 12,Urgent remittance
TXN_20260810_00466_690c4b,ACC43249524,ACC1004,12684.2,6.0,False,completed,2026-08-10T06:28:21.958149,"Mumbai, IN",MacBook Pro (Chrome 128),Invoice settlement
TXN_20260810_03127_2bb2c4,ACC36297523,ACC1002,10725.65,11.0,False,completed,2026-08-10T06:26:21.312980,"Mumbai, IN",iPhone 16 Pro Max,Grocery purchase
TXN_20260810_04355_be5175,ACC75311120,ACC75385116,18663.52,16.0,False,completed,2026-08-10T06:23:32.202468,"Hyderabad, IN",Windows 11 (Edge 128),Consulting fee
TXN_20260810_01191_98e900,ACC97828025,ACC82456100,35806.68,18.0,False,completed,2026-08-10T06:03:15.712061,"Jaipur, IN",MacBook Pro (Chrome 128),Vendor payment
TXN_20260810_02867_142b59,ACC43907404,ACC_RING_B,41980.62,12.0,False,completed,2026-08-10T05:53:12.304005,"Delhi, IN",iPhone 16 Pro Max,Grocery purchase
TXN_20260810_02554_96b6bb,ACC86445636,ACC91181015,18645.6,27.0,False,completed,2026-08-10T05:44:36.411232,"Pune, IN",Pixel 9 Pro,Rent transfer
TXN_20260810_02160_e0f897,ACC39727090,ACC66777666,94213.0,92.0,True,completed,2026-08-10T05:39:42.294232,"Jaipur, IN",MacBook Pro (Chrome 128),Software subscription
TXN_20260810_04046_c31aaa,ACC65809811,ACC16314613,24052.04,8.0,False,completed,2026-08-10T05:22:26.623643,"Kolkata, IN",MacBook Pro (Chrome 128),Utility bill
TXN_20260810_04673_1aac62,ACC36297523,ACC_RING_C,7070.09,28.0,False,completed,2026-08-10T05:19:56.376238,"Mumbai, IN",Windows 11 (Edge 128),P2P transfer
TXN_20260810_01330_efb9d3,ACC36297523,ACC15373430,8944.47,15.0,False,completed,2026-08-10T04:54:59.236946,"Hyderabad, IN",iPhone 16 Pro Max,Software subscription
TXN_20260810_00709_bb991d,ACC82456100,ACC43467724,39625.97,6.0,False,completed,2026-08-10T04:50:36.357496,"Mumbai, IN",MacBook Pro (Chrome 128),Urgent remittance
TXN_20260810_01899_bc1f89,ACC86445636,ACC39727090,39577.77,14.0,False,completed,2026-08-10T04:30:41.621584,"Pune, IN",Pixel 9 Pro,Rent transfer
TXN_20260810_05066_18a21e,ACC25189145,ACC92107699,6423.71,20.0,False,completed,2026-08-10T04:26:48.719920,"Mumbai, IN",OnePlus 12,Urgent remittance
TXN_20260810_02999_a0968f,ACC15373430,ACC57029336,11925.33,9.0,False,completed,2026-08-10T04:09:03.655118,"Mumbai, IN",MacBook Pro (Chrome 128),Grocery purchase
TXN_20260810_01408_3cf965,ACC64246741,ACC20858654,43236.92,7.0,False,completed,2026-08-10T03:51:15.357557,"Ahmedabad, IN",MacBook Pro (Chrome 128),Grocery purchase
TXN_20260810_04860_325ebc,ACC75311120,ACC57029336,34371.91,16.0,False,completed,2026-08-10T03:49:16.151912,"Mumbai, IN",iPhone 16 Pro Max,Rent transfer
TXN_20260810_03823_f071af,ACC75385116,ACC64246741,30032.59,16.0,False,completed,2026-08-10T03:44:22.852137,"Pune, IN",OnePlus 12,Grocery purchase
TXN_20260810_02921_46aef3,ACC65809811,ACC_RING_C,9180.05,27.0,False,completed,2026-08-10T03:27:28.992408,"Jaipur, IN",iPad Pro (Safari),Software subscription
TXN_20260810_02938_d7942d,ACC43907404,ACC82456100,14811.52,10.0,False,completed,2026-08-10T03:14:53.183245,"Mumbai, IN",iPad Pro (Safari),Software subscription
TXN_20260810_00508_2c50c3,ACC10897161,ACC1004,27508.24,19.0,False,completed,2026-08-10T03:13:03.448625,"Mumbai, IN",Pixel 9 Pro,Software subscription
TXN_20260810_04009_4b8a2f,ACC86445636,ACC1001,7721.68,16.0,False,completed,2026-08-10T03:10:51.927588,"Hyderabad, IN",iPhone 16 Pro Max,Invoice settlement
TXN_20260810_02063_a9479f,ACC75311120,ACC72717142,31479.72,7.0,False,completed,2026-08-10T03:04:19.964576,"Hyderabad, IN",iPhone 16 Pro Max,Urgent remittance
TXN_20260810_04258_1320b6,ACC65809811,ACC40593754,20667.15,25.0,False,completed,2026-08-10T02:03:47.114016,"Kolkata, IN",Windows 11 (Edge 128),Vendor payment
TXN_20260810_00832_304508,ACC43249524,ACC75311120,19604.07,21.0,False,completed,2026-08-10T02:02:26.927714,"Mumbai, IN",Pixel 9 Pro,Consulting fee
TXN_20260810_01700_373eb5,ACC70103438,ACC65809811,10348.15,20.0,False,completed,2026-08-10T01:22:07.341936,"Chennai, IN",Windows 11 (Edge 128),Rent transfer
TXN_20260810_04435_e9517c,ACC97828025,ACC70103438,4736.99,19.0,False,completed,2026-08-10T01:03:38.498130,"Delhi, IN",Windows 11 (Edge 128),Utility bill
TXN_20260810_01979_12c34f,ACC74473089,ACC1003,14591.28,23.0,False,completed,2026-08-10T00:58:37.894080,"Jaipur, IN",Pixel 9 Pro,Grocery purchase
TXN_20260810_03435_c08408,ACC59760987,ACC64246741,6576.2,17.0,False,completed,2026-08-10T00:54:58.583327,"Mumbai, IN",OnePlus 12,Utility bill
TXN_20260810_01950_580ec6,ACC64246741,ACC15373430,26207.63,19.0,False,completed,2026-08-10T00:53:35.288161,"Delhi, IN",iPhone 16 Pro Max,Rent transfer
TXN_20260810_02176_309888,ACC15373430,ACC72717142,8843.04,24.0,False,completed,2026-08-10T00:39:42.102578,"Mumbai, IN",iPhone 16 Pro Max,Online payment
TXN_20260810_02988_38e96d,ACC39727090,ACC15211290,3877.8,11.0,False,completed,2026-08-10T00:21:04.925685,"Jaipur, IN",MacBook Pro (Chrome 128),Online payment
TXN_20260810_00614_06865e,ACC15211290,ACC92107699,33959.89,8.0,False,completed,2026-08-10T00:15:09.238734,"Kolkata, IN",Samsung Galaxy S24 Ultra,Urgent remittance
TXN_20260810_02495_908c77,ACC64246741,ACC40593754,26017.66,19.0,False,completed,2026-08-10T00:14:13.423296,"Mumbai, IN",MacBook Pro (Chrome 128),Online payment
TXN_20260810_00923_e642f6,ACC74473089,ACC16314613,15175.22,28.0,False,completed,2026-08-10T00:14:07.985943,"Ahmedabad, IN",Pixel 9 Pro,Software subscription
TXN_20260810_03964_a14426,ACC16314613,ACC_RING_A,22018.58,20.0,False,completed,2026-08-10T00:04:09.837083,"Jaipur, IN",Windows 11 (Edge 128),Invoice settlement
TXN_20260810_01309_2b063c,ACC92107699,ACC75385116,8154.82,25.0,False,completed,2026-08-10T00:01:56.281698,"Hyderabad, IN",MacBook Pro (Chrome 128),Rent transfer
TXN_20260809_02856_6a7a93,ACC57029336,ACC_RING_A,14810.19,9.0,False,completed,2026-08-09T23:50:23.622775,"Hyderabad, IN",OnePlus 12,Consulting fee
TXN_20260809_01917_c4a458,ACC91181015,ACC1003,19926.08,21.0,False,completed,2026-08-09T23:39:12.748788,"Jaipur, IN",Windows 11 (Edge 128),Utility bill
TXN_20260809_01853_620be9,ACC97828025,ACC_RING_A,41829.27,25.0,False,completed,2026-08-09T23:37:37.549669,"Pune, IN",Samsung Galaxy S24 Ultra,Invoice settlement
TXN_20260809_04085_084d9e,ACC59760987,ACC86445636,10379.75,15.0,False,completed,2026-08-09T23:33:42.308318,"Ahmedabad, IN",Windows 11 (Edge 128),Consulting fee
TXN_20260809_01245_42ce50,ACC75385116,ACC86445636,8599.36,6.0,False,completed,2026-08-09T23:27:47.157799,"Mumbai, IN",MacBook Pro (Chrome 128),P2P transfer
TXN_20260809_02809_68ced8,ACC86445636,ACC20858654,13534.94,16.0,False,completed,2026-08-09T23:26:34.772114,"Mumbai, IN",MacBook Pro (Chrome 128),Grocery purchase
TXN_20260809_00154_579460,ACC_RING_C,ACC75311120,24101.24,15.0,False,completed,2026-08-09T23:18:00.397474,"Mumbai, IN",Windows 11 (Edge 128),Online payment
TXN_20260809_04446_a1f7ef,ACC64246741,ACC_RING_B,2027.66,12.0,False,completed,2026-08-09T23:16:28.856061,"Delhi, IN",Pixel 9 Pro,P2P transfer
TXN_20260809_03094_e03402,ACC11706152,ACC97828025,21330.49,15.0,False,completed,2026-08-09T22:59:55.766133,"Chennai, IN",Pixel 9 Pro,Online payment
TXN_20260809_01124_f3baaa,ACC43249524,ACC86445636,14797.57,6.0,False,completed,2026-08-09T22:59:04.795425,"Delhi, IN",MacBook Pro (Chrome 128),Grocery purchase
TXN_20260809_05124_00148f,ACC92107699,ACC15211290,18762.86,6.0,False,completed,2026-08-09T22:47:09.110657,"Delhi, IN",iPhone 16 Pro Max,P2P transfer
TXN_20260809_02781_6d8a90,ACC10897161,ACC91181015,16827.13,9.0,False,completed,2026-08-09T22:25:20.258683,"Pune, IN",Pixel 9 Pro,P2P transfer
TXN_20260809_02517_d17e89,ACC15373430,ACC59760987,6290.45,6.0,False,completed,2026-08-09T22:19:11.026909,"Delhi, IN",OnePlus 12,Vendor payment
TXN_20260809_04035_49b414,ACC_RING_B,ACC20858654,6824.54,6.0,False,completed,2026-08-09T22:16:09.273801,"Delhi, IN",Windows 11 (Edge 128),Software subscription
TXN_20260809_00603_bd6def,ACC25189145,ACC_RING_A,24322.81,14.0,False,completed,2026-08-09T22:12:50.788506,"Bangalore, IN",MacBook Pro (Chrome 128),Urgent remittance
TXN_20260809_03883_d1e515,ACC64246741,ACC15211290,11407.34,26.0,False,completed,2026-08-09T21:53:13.146269,"Mumbai, IN",Samsung Galaxy S24 Ultra,Invoice settlement
TXN_20260809_00751_4b81bb,ACC61076366,ACC39727090,482.54,17.0,False,completed,2026-08-09T21:41:00.324329,"Ahmedabad, IN",iPad Pro (Safari),Utility bill
TXN_20260809_01377_3974af,ACC66777666,ACC10897161,30713.93,28.0,False,completed,2026-08-09T21:20:00.182961,"Jaipur, IN",Windows 11 (Edge 128),Urgent remittance
TXN_20260809_02625_ece028,ACC97828025,ACC91181015,44422.14,25.0,False,completed,2026-08-09T21:19:43.235555,"Chennai, IN",Pixel 9 Pro,Utility bill
TXN_20260809_04194_b3efbb,ACC65809811,ACC_RING_A,43489.04,24.0,False,completed,2026-08-09T20:53:26.878131,"Mumbai, IN",OnePlus 12,Software subscription
TXN_20260809_04282_cf4b55,ACC25189145,ACC61076366,21693.59,15.0,False,completed,2026-08-09T20:48:15.850225,"Chennai, IN",iPhone 16 Pro Max,Software subscription
TXN_20260809_02073_be1364,ACC43467724,ACC20858654,7370.51,5.0,False,completed,2026-08-09T20:44:05.334901,"Mumbai, IN",OnePlus 12,Vendor payment
TXN_20260809_04535_482115,ACC70103438,ACC57224534,5931.76,17.0,False,completed,2026-08-09T20:17:15.508523,"Delhi, IN",Windows 11 (Edge 128),Online payment
TXN_20260809_00152_3c1325,ACC25189145,ACC74473089,21788.05,6.0,False,completed,2026-08-09T20:02:09.416952,"Delhi, IN",MacBook Pro (Chrome 128),Consulting fee
TXN_20260809_02572_851d1b,ACC64246741,ACC61076366,8427.8,18.0,False,completed,2026-08-09T19:56:31.482798,"Ahmedabad, IN",iPhone 16 Pro Max,Grocery purchase
TXN_20260809_03742_11396c,ACC1002,ACC61076366,32093.4,12.0,False,completed,2026-08-09T19:38:43.288975,"Delhi, IN",OnePlus 12,Rent transfer
TXN_20260809_03465_f68598,ACC65809811,ACC40593754,28824.82,6.0,False,completed,2026-08-09T19:17:25.078391,"Ahmedabad, IN",OnePlus 12,Grocery purchase
TXN_20260809_01159_d39c6e,ACC1001,ACC20858654,18014.26,28.0,False,completed,2026-08-09T19:07:04.355663,"Chennai, IN",iPad Pro (Safari),Consulting fee
TXN_20260809_00526_f3fbfa,ACC74473089,ACC57029336,28637.37,5.0,False,completed,2026-08-09T19:01:30.821096,"Mumbai, IN",MacBook Pro (Chrome 128),Online payment
TXN_20260809_00629_df2296,ACC59760987,ACC1001,1324.84,11.0,False,completed,2026-08-09T18:56:29.932142,"Pune, IN",Samsung Galaxy S24 Ultra,Software subscription
TXN_20260809_00889_c54e8b,ACC1004,ACC59760987,3937.03,8.0,False,completed,2026-08-09T18:51:43.760184,"Bangalore, IN",iPad Pro (Safari),Online payment
TXN_20260809_02396_98b16a,ACC40593754,ACC72717142,5216.62,12.0,False,completed,2026-08-09T18:50:14.717534,"Ahmedabad, IN",Samsung Galaxy S24 Ultra,Rent transfer
TXN_20260809_02092_4acc89,ACC72717142,ACC66777666,3990.03,24.0,False,completed,2026-08-09T18:44:55.896221,"Mumbai, IN",Windows 11 (Edge 128),Rent transfer
TXN_20260809_04088_822d71,ACC72717142,ACC11706152,30609.82,10.0,False,completed,2026-08-09T18:43:42.555944,"Ahmedabad, IN",Pixel 9 Pro,Online payment
TXN_20260809_02034_e48c63,ACC16314613,ACC25189145,42767.88,8.0,False,completed,2026-08-09T18:40:04.899025,"Chennai, IN",Pixel 9 Pro,Utility bill
TXN_20260809_04462_cc6921,ACC66777666,ACC97828025,20509.94,17.0,False,completed,2026-08-09T18:37:46.329385,"Mumbai, IN",Samsung Galaxy S24 Ultra,Invoice settlement
TXN_20260809_02524_0b6d8d,ACC20858654,ACC97828025,9373.24,16.0,False,completed,2026-08-09T18:36:48.649542,"Mumbai, IN",iPad Pro (Safari),Grocery purchase
TXN_20260809_05107_66f041,ACC70103438,ACC59760987,17156.47,17.0,False,completed,2026-08-09T18:33:09.476883,"Hyderabad, IN",Samsung Galaxy S24 Ultra,Vendor payment
TXN_20260809_04451_3064df,ACC39727090,ACC15373430,35726.47,6.0,False,completed,2026-08-09T18:31:20.642274,"Delhi, IN",Windows 11 (Edge 128),Invoice settlement
TXN_20260809_02642_b82d3a,ACC1002,ACC92107699,7384.81,11.0,False,completed,2026-08-09T18:30:51.079646,"Hyderabad, IN",iPhone 16 Pro Max,Urgent remittance
TXN_20260809_02025_d76c15,ACC72717142,ACC_RING_B,29300.38,5.0,False,completed,2026-08-09T18:29:49.495138,"Chennai, IN",Pixel 9 Pro,Vendor payment
TXN_20260809_00156_496eb1,ACC40593754,ACC10897161,41904.5,6.0,False,completed,2026-08-09T18:22:51.978543,"Bangalore, IN",Windows 11 (Edge 128),P2P transfer
TXN_20260809_01927_81eee4,ACC97828025,ACC57224534,5643.0,20.0,False,completed,2026-08-09T18:05:17.315574,"Pune, IN",Samsung Galaxy S24 Ultra,Utility bill
TXN_20260809_00500_2d21a9,ACC43467724,ACC25189145,41862.36,23.0,False,completed,2026-08-09T18:03:01.198165,"Pune, IN",MacBook Pro (Chrome 128),Invoice settlement
TXN_20260809_02579_8a6236,ACC1004,ACC40593754,32057.23,12.0,False,completed,2026-08-09T17:46:24.828033,"Chennai, IN",OnePlus 12,P2P transfer
TXN_20260809_01878_618962,ACC36297523,ACC20858654,29149.77,18.0,False,completed,2026-08-09T17:36:58.368910,"Chennai, IN",Windows 11 (Edge 128),Invoice settlement
TXN_20260809_02490_a25ec4,ACC11706152,ACC43467724,44909.45,11.0,False,completed,2026-08-09T17:32:43.945695,"Bangalore, IN",iPhone 16 Pro Max,Vendor payment
TXN_20260809_00308_0ce364,ACC74473089,ACC25189145,29512.32,5.0,False,completed,2026-08-09T17:25:34.143040,"Ahmedabad, IN",Windows 11 (Edge 128),Urgent remittance
TXN_20260809_05034_3ec504,ACC10897161,ACC1001,15406.01,26.0,False,completed,2026-08-09T17:13:26.414699,"Bangalore, IN",OnePlus 12,Grocery purchase
TXN_20260809_04152_9c5712,ACC43249524,ACC1004,23491.38,26.0,False,completed,2026-08-09T16:58:14.242290,"Ahmedabad, IN",Windows 11 (Edge 128),Urgent remittance
TXN_20260809_04503_466539,ACC1002,ACC66777666,22134.87,28.0,False,completed,2026-08-09T16:55:27.615067,"Mumbai, IN",Windows 11 (Edge 128),Invoice settlement
TXN_20260809_03814_1cedf5,ACC1003,ACC40593754,34856.28,10.0,False,completed,2026-08-09T16:50:52.336147,"Hyderabad, IN",iPad Pro (Safari),Consulting fee
TXN_20260809_04796_ad01bf,ACC40593754,ACC25189145,20824.59,14.0,False,completed,2026-08-09T16:41:50.082550,"Hyderabad, IN",iPhone 16 Pro Max,Online payment
TXN_20260809_00663_2044f8,ACC1004,ACC1003,5007.22,5.0,False,completed,2026-08-09T16:36:55.853105,"Chennai, IN",Samsung Galaxy S24 Ultra,Utility bill
TXN_20260809_02313_a55a26,ACC43907404,ACC57224534,20548.0,25.0,False,completed,2026-08-09T16:31:56.494766,"Kolkata, IN",iPhone 16 Pro Max,Rent transfer
TXN_20260809_02515_262d27,ACC1004,ACC57224534,22510.89,16.0,False,completed,2026-08-09T16:24:08.701185,"Mumbai, IN",Pixel 9 Pro,Grocery purchase
TXN_20260809_02331_078bb5,ACC57029336,ACC50081547,27641.18,19.0,False,completed,2026-08-09T16:13:24.191672,"Bangalore, IN",Samsung Galaxy S24 Ultra,P2P transfer
TXN_20260809_01824_0d8c19,ACC36297523,ACC43467724,17164.96,27.0,False,completed,2026-08-09T16:08:13.509637,"Mumbai, IN",Pixel 9 Pro,Consulting fee
TXN_20260809_02518_522c7f,ACC39727090,ACC65809811,34548.78,18.0,False,completed,2026-08-09T15:44:00.456252,"Hyderabad, IN",Samsung Galaxy S24 Ultra,Vendor payment
TXN_20260809_03091_08e066,ACC65809811,ACC50081547,16669.19,20.0,False,completed,2026-08-09T15:36:08.666253,"Pune, IN",Pixel 9 Pro,Online payment
TXN_20260809_01239_7d5699,ACC75385116,ACC20858654,10218.09,18.0,False,completed,2026-08-09T15:34:33.451541,"Delhi, IN",OnePlus 12,Utility bill
TXN_20260809_03231_19e8d5,ACC82456100,ACC1004,40525.74,27.0,False,completed,2026-08-09T15:33:15.928985,"Delhi, IN",Samsung Galaxy S24 Ultra,Consulting fee
TXN_20260809_01940_a2a326,ACC15373430,ACC43249524,9153.14,16.0,False,completed,2026-08-09T15:19:55.684694,"Jaipur, IN",iPad Pro (Safari),Software subscription
TXN_20260809_05078_2878fe,ACC16314613,ACC36297523,36141.58,12.0,False,completed,2026-08-09T15:17:13.707621,"Jaipur, IN",iPhone 16 Pro Max,Software subscription
TXN_20260809_03910_a66a50,ACC43467724,ACC59760987,37627.71,18.0,False,completed,2026-08-09T15:10:36.182823,"Ahmedabad, IN",iPad Pro (Safari),Grocery purchase
TXN_20260809_01011_4306fb,ACC_RING_B,ACC15211290,44038.42,17.0,False,completed,2026-08-09T15:09:46.555603,"Pune, IN",Samsung Galaxy S24 Ultra,Software subscription
TXN_20260809_02943_60203d,ACC16314613,ACC25189145,19919.48,15.0,False,completed,2026-08-09T14:50:30.782370,"Bangalore, IN",Samsung Galaxy S24 Ultra,Online payment
TXN_20260809_00338_c2eb9e,ACC72717142,ACC_RING_B,15450.41,16.0,False,completed,2026-08-09T14:50:00.723692,"Pune, IN",Samsung Galaxy S24 Ultra,Consulting fee
TXN_20260809_05003_b30269,ACC65809811,ACC70103438,35969.42,26.0,False,completed,2026-08-09T14:42:37.818384,"Bangalore, IN",Pixel 9 Pro,Rent transfer
TXN_20260809_00746_77a5a7,ACC92107699,ACC_RING_B,37762.17,11.0,False,completed,2026-08-09T14:40:22.591795,"Jaipur, IN",iPad Pro (Safari),P2P transfer
TXN_20260809_03703_860225,ACC72717142,ACC36297523,4127.41,7.0,False,completed,2026-08-09T14:34:45.846923,"Pune, IN",iPad Pro (Safari),Vendor payment
TXN_20260809_03237_67956b,ACC74473089,ACC82456100,24305.27,17.0,False,completed,2026-08-09T14:23:31.763864,"Bangalore, IN",Windows 11 (Edge 128),Grocery purchase
TXN_20260809_01545_a03a5b,ACC91181015,ACC57029336,15218.56,11.0,False,completed,2026-08-09T14:22:31.573650,"Bangalore, IN",MacBook Pro (Chrome 128),Grocery purchase
TXN_20260809_01155_4998f4,ACC1001,ACC86445636,2459.95,22.0,False,completed,2026-08-09T14:06:09.261949,"Jaipur, IN",iPad Pro (Safari),Utility bill
TXN_20260809_00818_e539b7,ACC1001,ACC15211290,36534.05,22.0,False,completed,2026-08-09T14:04:45.004517,"Pune, IN",Windows 11 (Edge 128),Utility bill
TXN_20260809_01639_b1774f,ACC_RING_C,ACC43907404,18032.99,6.0,False,completed,2026-08-09T13:57:34.937909,"Ahmedabad, IN",MacBook Pro (Chrome 128),Vendor payment
TXN_20260809_03234_978f31,ACC91181015,ACC43249524,40367.36,9.0,False,completed,2026-08-09T13:47:57.337976,"Hyderabad, IN",Samsung Galaxy S24 Ultra,Software subscription
TXN_20260809_02742_3a122f,ACC86445636,ACC20858654,6615.84,25.0,False,completed,2026-08-09T13:25:16.220273,"Bangalore, IN",iPad Pro (Safari),Online payment
TXN_20260809_00155_1a799c,ACC_RING_C,ACC1003,19160.11,12.0,False,completed,2026-08-09T13:20:22.529357,"Mumbai, IN",MacBook Pro (Chrome 128),Vendor payment
TXN_20260809_02842_35e528,ACC64246741,ACC1001,3321.1,15.0,False,completed,2026-08-09T13:06:47.855347,"Kolkata, IN",Windows 11 (Edge 128),P2P transfer
TXN_20260809_02082_ed44e5,ACC25189145,ACC70103438,4673.04,20.0,False,completed,2026-08-09T12:43:59.385039,"Jaipur, IN",iPad Pro (Safari),Rent transfer
TXN_20260809_00375_7099ed,ACC16314613,ACC43249524,7979.94,21.0,False,completed,2026-08-09T12:24:02.982349,"Jaipur, IN",Windows 11 (Edge 128),Online payment
TXN_20260809_00465_a4587b,ACC59760987,ACC39727090,25932.69,14.0,False,completed,2026-08-09T11:59:52.509501,"Hyderabad, IN",Pixel 9 Pro,Vendor payment
TXN_20260809_03937_b53b51,ACC50081547,ACC16314613,16545.27,13.0,False,completed,2026-08-09T11:59:00.665258,"Chennai, IN",Pixel 9 Pro,Grocery purchase
TXN_20260809_05073_dbb720,ACC64246741,ACC20858654,16116.35,12.0,False,completed,2026-08-09T11:49:19.453187,"Delhi, IN",OnePlus 12,Consulting fee
TXN_20260809_00918_d6a8f6,ACC59760987,ACC97828025,4802.18,13.0,False,completed,2026-08-09T11:38:10.868935,"Mumbai, IN",OnePlus 12,Software subscription
TXN_20260809_01158_04a154,ACC92107699,ACC1003,1262.32,18.0,False,completed,2026-08-09T11:36:13.827442,"Delhi, IN",iPhone 16 Pro Max,Invoice settlement
TXN_20260809_03171_683474,ACC16314613,ACC20858654,11511.54,18.0,False,completed,2026-08-09T11:31:48.223360,"Pune, IN",Samsung Galaxy S24 Ultra,Invoice settlement
TXN_20260809_02188_506b41,ACC43907404,ACC25189145,40430.71,26.0,False,completed,2026-08-09T11:27:33.385011,"Ahmedabad, IN",OnePlus 12,Grocery purchase
TXN_20260809_03590_a5f0fb,ACC65809811,ACC1001,4048.22,19.0,False,completed,2026-08-09T11:20:52.858374,"Hyderabad, IN",Windows 11 (Edge 128),Vendor payment
TXN_20260809_01066_6feb5c,ACC65809811,ACC82456100,42839.14,25.0,False,completed,2026-08-09T10:53:57.520955,"Hyderabad, IN",iPhone 16 Pro Max,Invoice settlement
TXN_20260809_01626_b83018,ACC65809811,ACC39727090,41914.99,18.0,False,completed,2026-08-09T10:49:51.715767,"Bangalore, IN",iPad Pro (Safari),Consulting fee
TXN_20260809_01733_3d5a80,ACC86445636,ACC1004,12188.93,9.0,False,completed,2026-08-09T10:36:15.793782,"Hyderabad, IN",MacBook Pro (Chrome 128),Grocery purchase
TXN_20260809_03380_fdcf2c,ACC70103438,ACC15373430,38252.28,26.0,False,completed,2026-08-09T10:34:31.299836,"Pune, IN",Pixel 9 Pro,Grocery purchase
TXN_20260809_02871_ea1117,ACC74473089,ACC57224534,29685.01,7.0,False,completed,2026-08-09T10:29:58.415302,"Delhi, IN",Pixel 9 Pro,Vendor payment
TXN_20260809_02594_4ffcc3,ACC_RING_C,ACC_RING_A,30533.64,24.0,False,completed,2026-08-09T10:24:06.528560,"Mumbai, IN",OnePlus 12,Utility bill
TXN_20260809_02506_643003,ACC43907404,ACC43249524,28451.4,26.0,False,completed,2026-08-09T10:20:21.051288,"Bangalore, IN",Samsung Galaxy S24 Ultra,P2P transfer
TXN_20260809_00882_6e2758,ACC59760987,ACC39727090,2360.69,9.0,False,completed,2026-08-09T10:17:14.803864,"Bangalore, IN",OnePlus 12,Rent transfer
TXN_20260809_01485_c77660,ACC57029336,ACC64246741,4169.53,26.0,False,completed,2026-08-09T10:16:25.366535,"Jaipur, IN",Samsung Galaxy S24 Ultra,Software subscription
TXN_20260809_02577_da13d9,ACC1003,ACC_RING_C,40078.59,22.0,False,completed,2026-08-09T09:23:55.006850,"Ahmedabad, IN",Samsung Galaxy S24 Ultra,Vendor payment
TXN_20260809_01689_623ea4,ACC91181015,ACC97828025,16856.57,23.0,False,completed,2026-08-09T09:14:00.609531,"Pune, IN",MacBook Pro (Chrome 128),Grocery purchase
TXN_20260809_04013_867661,ACC64246741,ACC1003,16377.63,25.0,False,completed,2026-08-09T09:13:20.746914,"Kolkata, IN",iPad Pro (Safari),Software subscription
TXN_20260809_02950_2619f6,ACC15373430,ACC65809811,35797.04,17.0,False,completed,2026-08-09T09:09:03.921913,"Jaipur, IN",Pixel 9 Pro,Urgent remittance
TXN_20260809_01951_07e106,ACC59760987,ACC50081547,16276.71,14.0,False,completed,2026-08-09T09:08:01.440725,"Mumbai, IN",Windows 11 (Edge 128),Online payment
TXN_20260809_01445_e75994,ACC74473089,ACC25189145,12652.86,20.0,False,completed,2026-08-09T09:01:30.160143,"Delhi, IN",MacBook Pro (Chrome 128),Online payment
TXN_20260809_02782_a4c33f,ACC1002,ACC91181015,13468.56,13.0,False,completed,2026-08-09T08:52:33.908383,"Hyderabad, IN",Samsung Galaxy S24 Ultra,Software subscription
TXN_20260809_03502_456413,ACC57029336,ACC75385116,41873.34,14.0,False,completed,2026-08-09T08:50:07.742306,"Jaipur, IN",Windows 11 (Edge 128),Vendor payment
TXN_20260809_00405_fb632a,ACC25189145,ACC1002,21876.19,9.0,False,completed,2026-08-09T08:43:44.719182,"Hyderabad, IN",OnePlus 12,Utility bill
TXN_20260809_00482_f6434e,ACC66777666,ACC97828025,9333.99,11.0,False,completed,2026-08-09T08:36:59.015993,"Pune, IN",iPhone 16 Pro Max,Urgent remittance
TXN_20260809_01034_59bc8a,ACC_RING_C,ACC92107699,33919.08,19.0,False,completed,2026-08-09T08:23:11.939522,"Hyderabad, IN",iPad Pro (Safari),Vendor payment
TXN_20260809_03298_648f5c,ACC40593754,ACC1004,3962.85,23.0,False,completed,2026-08-09T08:12:02.948739,"Kolkata, IN",Samsung Galaxy S24 Ultra,Consulting fee
TXN_20260809_00206_8c89bc,ACC36297523,ACC_RING_A,5881.59,19.0,False,completed,2026-08-09T08:01:12.066999,"Bangalore, IN",iPad Pro (Safari),Vendor payment
TXN_20260809_03989_ef38e7,ACC70103438,ACC1003,20207.29,24.0,False,completed,2026-08-09T07:10:17.386833,"Hyderabad, IN",Pixel 9 Pro,Utility bill
TXN_20260809_02125_db918d,ACC86445636,ACC92107699,34331.03,24.0,False,completed,2026-08-09T06:33:03.561303,"Mumbai, IN",Windows 11 (Edge 128),Utility bill
TXN_20260809_00561_dd2f6e,ACC61076366,ACC_RING_C,32150.09,6.0,False,completed,2026-08-09T06:15:21.355840,"Bangalore, IN",MacBook Pro (Chrome 128),Online payment
TXN_20260809_03639_9bbc99,ACC_RING_B,ACC86445636,43273.3,23.0,False,completed,2026-08-09T06:10:52.009756,"Jaipur, IN",OnePlus 12,Urgent remittance
TXN_20260809_05019_34b0fc,ACC_RING_B,ACC75385116,23640.52,19.0,False,completed,2026-08-09T06:08:21.840061,"Jaipur, IN",OnePlus 12,Software subscription
TXN_20260809_02119_b6130a,ACC59760987,ACC57029336,42549.26,15.0,False,completed,2026-08-09T06:00:38.851209,"Ahmedabad, IN",Samsung Galaxy S24 Ultra,Software subscription
TXN_20260809_03129_8aa1a1,ACC57224534,ACC91181015,36634.84,14.0,False,completed,2026-08-09T05:40:02.283701,"Chennai, IN",Pixel 9 Pro,P2P transfer
TXN_20260809_03508_3e6b8c,ACC97828025,ACC61076366,28392.09,11.0,False,completed,2026-08-09T05:38:08.024790,"Bangalore, IN",Windows 11 (Edge 128),Utility bill
TXN_20260809_03304_955e51,ACC64246741,ACC59760987,20223.2,17.0,False,completed,2026-08-09T05:03:47.163418,"Delhi, IN",OnePlus 12,Software subscription
TXN_20260809_04401_9a20d6,ACC25189145,ACC92107699,32953.29,19.0,False,completed,2026-08-09T04:59:39.002342,"Ahmedabad, IN",Samsung Galaxy S24 Ultra,Online payment
TXN_20260809_03104_d40d97,ACC16314613,ACC15211290,42951.78,14.0,False,completed,2026-08-09T04:43:33.029399,"Delhi, IN",Windows 11 (Edge 128),Online payment
TXN_20260809_05169_023508,ACC65809811,ACC_RING_C,12166.85,18.0,False,completed,2026-08-09T04:35:50.922566,"Hyderabad, IN",Windows 11 (Edge 128),P2P transfer
TXN_20260809_02672_73afb1,ACC43249524,ACC_RING_C,44655.91,11.0,False,completed,2026-08-09T04:23:41.584646,"Mumbai, IN",Windows 11 (Edge 128),Invoice settlement
TXN_20260809_02372_83bfff,ACC25189145,ACC72717142,15526.67,18.0,False,completed,2026-08-09T04:15:04.579198,"Chennai, IN",MacBook Pro (Chrome 128),P2P transfer
TXN_20260809_04497_0cac23,ACC74473089,ACC_RING_A,32372.85,8.0,False,completed,2026-08-09T04:01:21.855310,"Hyderabad, IN",Pixel 9 Pro,Online payment
TXN_20260809_02526_65cfb8,ACC57029336,ACC20858654,19526.89,8.0,False,completed,2026-08-09T03:59:46.724194,"Pune, IN",MacBook Pro (Chrome 128),Vendor payment
TXN_20260809_03054_47a500,ACC50081547,ACC72717142,40742.37,26.0,False,completed,2026-08-09T03:29:03.081834,"Hyderabad, IN",Windows 11 (Edge 128),Urgent remittance
TXN_20260809_03711_b4a778,ACC_RING_A,ACC57224534,8473.28,13.0,False,completed,2026-08-09T03:16:06.120494,"Mumbai, IN",Windows 11 (Edge 128),Invoice settlement
TXN_20260809_03046_b3bb6b,ACC50081547,ACC1004,17273.47,25.0,False,completed,2026-08-09T03:15:16.850400,"Kolkata, IN",OnePlus 12,Utility bill
TXN_20260809_00490_edc5ec,ACC1003,ACC65809811,27309.24,23.0,False,completed,2026-08-09T02:48:19.523840,"Kolkata, IN",Windows 11 (Edge 128),Rent transfer
TXN_20260809_02924_8b099d,ACC_RING_A,ACC86445636,15575.06,13.0,False,completed,2026-08-09T02:36:37.038107,"Jaipur, IN",iPad Pro (Safari),Consulting fee
TXN_20260809_01776_482e6d,ACC82456100,ACC43249524,4373.65,15.0,False,completed,2026-08-09T02:28:58.459481,"Kolkata, IN",iPhone 16 Pro Max,Vendor payment
TXN_20260809_03606_ea75cc,ACC86445636,ACC57029336,8746.48,28.0,False,completed,2026-08-09T02:21:00.445394,"Pune, IN",OnePlus 12,Consulting fee
TXN_20260809_02605_33f31d,ACC64246741,ACC57029336,20106.2,17.0,False,completed,2026-08-09T02:16:26.541075,"Bangalore, IN",Windows 11 (Edge 128),Invoice settlement
TXN_20260809_02453_75ed55,ACC75385116,ACC72717142,24766.43,20.0,False,completed,2026-08-09T01:38:51.462103,"Pune, IN",iPad Pro (Safari),Urgent remittance
TXN_20260809_02328_69d518,ACC59760987,ACC40593754,41267.97,19.0,False,completed,2026-08-09T01:27:11.980795,"Hyderabad, IN",iPhone 16 Pro Max,Vendor payment
TXN_20260809_04739_75090e,ACC_RING_A,ACC65809811,12603.48,25.0,False,completed,2026-08-09T00:11:05.116273,"Kolkata, IN",iPad Pro (Safari),Grocery purchase
TXN_20260809_02657_eea211,ACC15211290,ACC86445636,26578.97,28.0,False,completed,2026-08-09T00:03:29.993005,"Delhi, IN",Windows 11 (Edge 128),Software subscription
TXN_20260808_04063_a4a363,ACC75311120,ACC20858654,13009.25,17.0,False,completed,2026-08-08T23:35:21.709469,"Kolkata, IN",iPad Pro (Safari),Vendor payment
TXN_20260808_00752_243996,ACC39727090,ACC64246741,4381.03,28.0,False,completed,2026-08-08T23:28:59.811003,"Mumbai, IN",iPad Pro (Safari),Urgent remittance
TXN_20260808_00820_d0122f,ACC64246741,ACC57029336,2333.23,7.0,False,completed,2026-08-08T23:28:52.925020,"Pune, IN",MacBook Pro (Chrome 128),Online payment
TXN_20260808_04865_df0a93,ACC66777666,ACC40593754,32764.17,18.0,False,completed,2026-08-08T22:48:46.182291,"Pune, IN",iPhone 16 Pro Max,Utility bill
TXN_20260808_03851_f6f839,ACC15373430,ACC20858654,28924.13,12.0,False,completed,2026-08-08T22:47:01.732391,"Bangalore, IN",Samsung Galaxy S24 Ultra,Utility bill
TXN_20260808_03767_812099,ACC43907404,ACC61076366,30494.67,25.0,False,completed,2026-08-08T22:43:39.299644,"Bangalore, IN",MacBook Pro (Chrome 128),Software subscription
TXN_20260808_01785_273cab,ACC57224534,ACC65809811,12429.77,28.0,False,completed,2026-08-08T22:37:42.199972,"Ahmedabad, IN",Samsung Galaxy S24 Ultra,Urgent remittance
TXN_20260808_03752_4b2232,ACC75385116,ACC15373430,33843.03,13.0,False,completed,2026-08-08T22:34:13.170295,"Chennai, IN",iPhone 16 Pro Max,Invoice settlement
TXN_20260808_02929_b30183,ACC25189145,ACC61076366,25159.8,11.0,False,completed,2026-08-08T22:24:01.934708,"Pune, IN",iPhone 16 Pro Max,Software subscription
TXN_20260808_04907_8b66d1,ACC15373430,ACC70103438,1535.22,24.0,False,completed,2026-08-08T22:15:27.687343,"Delhi, IN",MacBook Pro (Chrome 128),Utility bill
TXN_20260808_01429_23a30e,ACC1003,ACC82456100,29059.03,16.0,False,completed,2026-08-08T21:51:49.115371,"Hyderabad, IN",Samsung Galaxy S24 Ultra,Consulting fee
TXN_20260808_01659_6c5d3b,ACC50081547,ACC74473089,7731.81,11.0,False,completed,2026-08-08T21:40:18.644897,"Hyderabad, IN",OnePlus 12,P2P transfer
TXN_20260808_01795_16c096,ACC75385116,ACC43467724,10277.66,26.0,False,completed,2026-08-08T21:38:19.244373,"Jaipur, IN",iPad Pro (Safari),Invoice settlement
TXN_20260808_03330_88806c,ACC25189145,ACC20858654,22671.81,5.0,False,completed,2026-08-08T21:18:00.101340,"Delhi, IN",Pixel 9 Pro,Invoice settlement
TXN_20260808_04600_a03a5a,ACC91181015,ACC11706152,104410.0,84.0,True,completed,2026-08-08T20:51:00.558460,"Chennai, IN",Windows 11 (Edge 128),Invoice settlement
TXN_20260808_04032_658684,ACC_RING_C,ACC25189145,2486.66,18.0,False,completed,2026-08-08T20:45:09.151146,"Delhi, IN",MacBook Pro (Chrome 128),Urgent remittance
TXN_20260808_04874_9f991d,ACC72717142,ACC75311120,10418.27,17.0,False,completed,2026-08-08T20:38:09.592443,"Kolkata, IN",Windows 11 (Edge 128),Online payment
TXN_20260808_02030_3e3429,ACC_RING_C,ACC1001,40847.01,6.0,False,completed,2026-08-08T20:34:56.047894,"Ahmedabad, IN",Samsung Galaxy S24 Ultra,P2P transfer
TXN_20260808_03505_51f980,ACC36297523,ACC66777666,27098.58,15.0,False,completed,2026-08-08T20:19:26.678392,"Kolkata, IN",OnePlus 12,Utility bill
TXN_20260808_02483_bca50d,ACC72717142,ACC1002,22573.29,16.0,False,completed,2026-08-08T20:17:48.503646,"Chennai, IN",Pixel 9 Pro,Online payment
TXN_20260808_04724_7abe1b,ACC70103438,ACC43467724,31154.76,10.0,False,completed,2026-08-08T19:52:52.319120,"Jaipur, IN",iPhone 16 Pro Max,Consulting fee
TXN_20260808_02477_23a945,ACC43907404,ACC20858654,2338.85,12.0,False,completed,2026-08-08T19:42:40.334072,"Mumbai, IN",MacBook Pro (Chrome 128),Invoice settlement
TXN_20260808_00442_6b0919,ACC_RING_C,ACC64246741,19603.68,9.0,False,completed,2026-08-08T19:38:47.963162,"Jaipur, IN",iPad Pro (Safari),Urgent remittance
TXN_20260808_04746_799a10,ACC11706152,ACC97828025,34042.08,19.0,False,completed,2026-08-08T19:26:06.050886,"Chennai, IN",Windows 11 (Edge 128),Invoice settlement
TXN_20260808_01037_79ade6,ACC66777666,ACC1002,3238.12,12.0,False,completed,2026-08-08T19:10:28.194925,"Ahmedabad, IN",iPhone 16 Pro Max,Invoice settlement
TXN_20260808_03774_68a2c4,ACC_RING_C,ACC20858654,16180.88,27.0,False,completed,2026-08-08T19:10:09.704982,"Jaipur, IN",Windows 11 (Edge 128),Vendor payment
TXN_20260808_01169_ad9de7,ACC92107699,ACC11706152,792.12,10.0,False,completed,2026-08-08T19:08:38.754287,"Delhi, IN",Windows 11 (Edge 128),Invoice settlement
TXN_20260808_01423_b53ac3,ACC43907404,ACC92107699,9120.23,28.0,False,completed,2026-08-08T19:06:25.014526,"Bangalore, IN",MacBook Pro (Chrome 128),Grocery purchase
TXN_20260808_02054_a2d97c,ACC91181015,ACC61076366,28510.04,25.0,False,completed,2026-08-08T19:05:42.423808,"Chennai, IN",Samsung Galaxy S24 Ultra,Grocery purchase
TXN_20260808_02671_859bc0,ACC91181015,ACC64246741,35555.55,7.0,False,completed,2026-08-08T18:41:10.003356,"Hyderabad, IN",Windows 11 (Edge 128),Consulting fee
TXN_20260808_01686_3fe5b0,ACC72717142,ACC1001,29948.55,23.0,False,completed,2026-08-08T18:28:18.470824,"Chennai, IN",Pixel 9 Pro,Online payment
TXN_20260808_04575_b4d739,ACC1002,ACC74473089,38753.65,6.0,False,completed,2026-08-08T18:26:50.444229,"Kolkata, IN",Windows 11 (Edge 128),Online payment
TXN_20260808_01721_6721df,ACC43467724,ACC25189145,1997.11,6.0,False,completed,2026-08-08T18:26:37.406376,"Hyderabad, IN",OnePlus 12,Utility bill
TXN_20260808_05018_6dc254,ACC70103438,ACC10897161,9081.36,10.0,False,completed,2026-08-08T18:22:04.906444,"Mumbai, IN",iPhone 16 Pro Max,Invoice settlement
TXN_20260808_02623_4bf9f1,ACC92107699,ACC43249524,31122.4,25.0,False,completed,2026-08-08T18:13:12.901314,"Jaipur, IN",Pixel 9 Pro,P2P transfer
TXN_20260808_03821_af7eb5,ACC1002,ACC75311120,34210.01,19.0,False,completed,2026-08-08T18:07:30.288836,"Delhi, IN",iPhone 16 Pro Max,Grocery purchase
TXN_20260808_02961_1bb1d4,ACC61076366,ACC25189145,22704.49,10.0,False,completed,2026-08-08T18:05:30.323639,"Pune, IN",OnePlus 12,Rent transfer
TXN_20260808_04864_50061d,ACC10897161,ACC1003,10455.72,12.0,False,completed,2026-08-08T18:05:12.675581,"Mumbai, IN",MacBook Pro (Chrome 128),Consulting fee
TXN_20260808_03297_d01277,ACC11706152,ACC40593754,19451.47,13.0,False,completed,2026-08-08T17:53:08.121491,"Chennai, IN",OnePlus 12,Grocery purchase
TXN_20260808_03216_a73210,ACC97828025,ACC16314613,6777.77,13.0,False,completed,2026-08-08T17:50:14.256448,"Kolkata, IN",Pixel 9 Pro,Consulting fee
TXN_20260808_01049_58bb30,ACC61076366,ACC97828025,42011.99,23.0,False,completed,2026-08-08T17:24:45.088411,"Delhi, IN",iPhone 16 Pro Max,Consulting fee
TXN_20260808_03916_802c62,ACC1003,ACC59760987,6080.69,5.0,False,completed,2026-08-08T17:14:37.694241,"Chennai, IN",Samsung Galaxy S24 Ultra,Invoice settlement
TXN_20260808_03259_404190,ACC1002,ACC72717142,30179.26,20.0,False,completed,2026-08-08T17:10:12.734395,"Pune, IN",Samsung Galaxy S24 Ultra,P2P transfer
TXN_20260808_02317_328df2,ACC36297523,ACC39727090,44746.15,9.0,False,completed,2026-08-08T16:50:51.576254,"Mumbai, IN",iPad Pro (Safari),Urgent remittance
TXN_20260808_04695_a1a8eb,ACC64246741,ACC15373430,9027.07,25.0,False,completed,2026-08-08T16:50:30.347446,"Mumbai, IN",iPad Pro (Safari),Rent transfer
TXN_20260808_03901_b3d305,ACC61076366,ACC82456100,40131.58,25.0,False,completed,2026-08-08T16:44:32.576045,"Bangalore, IN",Windows 11 (Edge 128),P2P transfer
TXN_20260808_00924_6f84e4,ACC15211290,ACC82456100,25360.22,8.0,False,completed,2026-08-08T16:38:03.510333,"Bangalore, IN",OnePlus 12,P2P transfer
TXN_20260808_04397_e168ce,ACC43249524,ACC92107699,35049.12,26.0,False,completed,2026-08-08T16:34:58.602851,"Bangalore, IN",iPhone 16 Pro Max,Urgent remittance
TXN_20260808_04268_ce20c3,ACC20858654,ACC40593754,17888.54,27.0,False,completed,2026-08-08T16:30:54.806460,"Kolkata, IN",iPhone 16 Pro Max,Utility bill
TXN_20260808_00309_63b83f,ACC40593754,ACC86445636,37712.03,22.0,False,completed,2026-08-08T16:28:14.779773,"Hyderabad, IN",iPhone 16 Pro Max,Rent transfer
TXN_20260808_04160_942380,ACC39727090,ACC57224534,196609.0,76.0,True,completed,2026-08-08T16:10:16.139366,"Chennai, IN",iPhone 16 Pro Max,Online payment
TXN_20260808_02567_08c810,ACC1002,ACC1003,42151.53,14.0,False,completed,2026-08-08T16:08:48.115966,"Ahmedabad, IN",iPad Pro (Safari),Invoice settlement
TXN_20260808_03655_bcb836,ACC57224534,ACC92107699,3713.18,20.0,False,completed,2026-08-08T15:46:47.871873,"Ahmedabad, IN",iPhone 16 Pro Max,Rent transfer
TXN_20260808_04377_dd2115,ACC75385116,ACC25189145,10085.99,8.0,False,completed,2026-08-08T15:34:38.621452,"Ahmedabad, IN",MacBook Pro (Chrome 128),Utility bill
TXN_20260808_05087_4f9377,ACC57029336,ACC65809811,10052.49,7.0,False,completed,2026-08-08T15:25:58.210422,"Chennai, IN",iPhone 16 Pro Max,Consulting fee
TXN_20260808_01714_9ff2a9,ACC_RING_C,ACC91181015,40609.65,8.0,False,completed,2026-08-08T15:14:16.257581,"Kolkata, IN",Samsung Galaxy S24 Ultra,Consulting fee
TXN_20260808_02032_340905,ACC59760987,ACC66777666,25078.16,14.0,False,completed,2026-08-08T15:08:47.731669,"Ahmedabad, IN",iPhone 16 Pro Max,P2P transfer
TXN_20260808_03417_a2f708,ACC_RING_B,ACC97828025,41838.1,26.0,False,completed,2026-08-08T15:06:06.274599,"Jaipur, IN",Windows 11 (Edge 128),Online payment
TXN_20260808_02183_bdc864,ACC86445636,ACC72717142,12438.61,13.0,False,completed,2026-08-08T15:02:32.338985,"Chennai, IN",iPhone 16 Pro Max,Grocery purchase
TXN_20260808_00348_f85fe8,ACC72717142,ACC57224534,36465.53,15.0,False,completed,2026-08-08T15:01:15.048555,"Hyderabad, IN",iPhone 16 Pro Max,Rent transfer
TXN_20260808_01758_65abb2,ACC92107699,ACC74473089,19427.2,19.0,False,completed,2026-08-08T14:57:54.211750,"Hyderabad, IN",OnePlus 12,Consulting fee
TXN_20260808_04209_0a7c9e,ACC40593754,ACC39727090,2447.46,25.0,False,completed,2026-08-08T14:41:41.728204,"Mumbai, IN",MacBook Pro (Chrome 128),P2P transfer
TXN_20260808_03425_b0605a,ACC11706152,ACC57224534,20880.02,25.0,False,completed,2026-08-08T14:41:14.012351,"Jaipur, IN",Windows 11 (Edge 128),Rent transfer
TXN_20260808_00850_e71212,ACC_RING_A,ACC59760987,16710.26,20.0,False,completed,2026-08-08T14:14:15.396359,"Ahmedabad, IN",iPhone 16 Pro Max,Vendor payment
TXN_20260808_04870_37b475,ACC25189145,ACC_RING_B,12388.59,14.0,False,completed,2026-08-08T14:10:12.962491,"Jaipur, IN",Windows 11 (Edge 128),Invoice settlement
TXN_20260808_00651_45fa5e,ACC_RING_C,ACC57029336,6441.19,28.0,False,completed,2026-08-08T14:05:53.191108,"Ahmedabad, IN",Pixel 9 Pro,P2P transfer
TXN_20260808_04120_de3925,ACC20858654,ACC43907404,57295.0,71.0,True,completed,2026-08-08T13:58:13.695716,"Jaipur, IN",Pixel 9 Pro,P2P transfer
TXN_20260808_01617_763972,ACC43907404,ACC91181015,44727.08,10.0,False,completed,2026-08-08T13:43:23.750725,"Bangalore, IN",iPad Pro (Safari),Consulting fee
TXN_20260808_00495_069efc,ACC59760987,ACC20858654,1478.67,19.0,False,completed,2026-08-08T13:42:59.603362,"Chennai, IN",iPhone 16 Pro Max,Invoice settlement
TXN_20260808_02290_9b97de,ACC_RING_C,ACC86445636,41883.93,25.0,False,completed,2026-08-08T13:35:27.348571,"Chennai, IN",MacBook Pro (Chrome 128),Software subscription
TXN_20260808_02992_6cc422,ACC40593754,ACC25189145,43212.49,28.0,False,completed,2026-08-08T13:31:49.016061,"Kolkata, IN",iPhone 16 Pro Max,Grocery purchase
TXN_20260808_00793_e556a2,ACC91181015,ACC_RING_B,1277.57,21.0,False,completed,2026-08-08T13:30:47.057744,"Bangalore, IN",MacBook Pro (Chrome 128),Rent transfer
TXN_20260808_03932_694bda,ACC43249524,ACC1003,35202.55,25.0,False,completed,2026-08-08T13:29:34.412265,"Mumbai, IN",Pixel 9 Pro,Online payment
TXN_20260808_02990_a6d53e,ACC10897161,ACC75311120,25472.61,5.0,False,completed,2026-08-08T13:16:43.264772,"Bangalore, IN",Pixel 9 Pro,Online payment
TXN_20260808_00147_b04780,ACC15373430,ACC59760987,27784.01,20.0,False,completed,2026-08-08T12:17:19.112648,"Delhi, IN",Windows 11 (Edge 128),Rent transfer
TXN_20260808_04855_62f0bf,ACC70103438,ACC15373430,3663.45,23.0,False,completed,2026-08-08T12:06:05.773696,"Ahmedabad, IN",iPad Pro (Safari),Online payment
TXN_20260808_02196_c3674f,ACC43907404,ACC_RING_A,37818.92,12.0,False,completed,2026-08-08T11:49:35.695436,"Kolkata, IN",Windows 11 (Edge 128),Utility bill
TXN_20260808_00782_592d99,ACC40593754,ACC43467724,15577.82,23.0,False,completed,2026-08-08T11:37:47.724831,"Kolkata, IN",OnePlus 12,Utility bill
TXN_20260808_01505_355366,ACC92107699,ACC1003,8439.28,8.0,False,completed,2026-08-08T11:35:30.929613,"Kolkata, IN",Pixel 9 Pro,Urgent remittance
TXN_20260808_02083_8b8b45,ACC66777666,ACC59760987,37311.6,18.0,False,completed,2026-08-08T11:11:34.377128,"Jaipur, IN",Pixel 9 Pro,Consulting fee
TXN_20260808_03666_a3084d,ACC70103438,ACC61076366,33939.1,24.0,False,completed,2026-08-08T11:04:42.793483,"Pune, IN",Samsung Galaxy S24 Ultra,P2P transfer
TXN_20260808_03793_872b8a,ACC75311120,ACC86445636,4819.35,14.0,False,completed,2026-08-08T11:01:45.791093,"Mumbai, IN",iPad Pro (Safari),Urgent remittance
TXN_20260808_01751_089049,ACC10897161,ACC75385116,2313.17,16.0,False,completed,2026-08-08T10:57:12.660699,"Chennai, IN",iPhone 16 Pro Max,P2P transfer
TXN_20260808_00824_437c3e,ACC1001,ACC10897161,25736.25,17.0,False,completed,2026-08-08T10:50:07.502014,"Mumbai, IN",iPhone 16 Pro Max,Online payment
TXN_20260808_00000_bc5947,ACC1001,ACC15373430,170588.0,93.0,True,completed,2026-08-08T10:44:10.459345,"Pune, IN",iPhone 16 Pro Max,Utility bill
TXN_20260808_03671_687764,ACC91181015,ACC70103438,31105.18,10.0,False,completed,2026-08-08T10:42:41.925807,"Mumbai, IN",Samsung Galaxy S24 Ultra,Rent transfer
TXN_20260808_04234_c7730e,ACC91181015,ACC25189145,42449.2,6.0,False,completed,2026-08-08T10:32:13.754666,"Mumbai, IN",MacBook Pro (Chrome 128),Invoice settlement
TXN_20260808_00030_a328a5,ACC1001,ACC15211290,108895.0,94.0,True,completed,2026-08-08T10:25:15.631022,"Chennai, IN",iPhone 16 Pro Max,Invoice settlement
TXN_20260808_03589_fd7ce7,ACC1001,ACC91181015,19218.96,20.0,False,completed,2026-08-08T10:20:47.640751,"Bangalore, IN",Samsung Galaxy S24 Ultra,Rent transfer
TXN_20260808_01314_b854bc,ACC61076366,ACC82456100,20472.94,23.0,False,completed,2026-08-08T09:44:42.129658,"Bangalore, IN",OnePlus 12,Consulting fee
TXN_20260808_01834_6c9104,ACC1002,ACC43249524,4765.43,11.0,False,completed,2026-08-08T09:43:16.365064,"Bangalore, IN",iPhone 16 Pro Max,Invoice settlement
TXN_20260808_03026_bdccc7,ACC50081547,ACC1004,38444.96,27.0,False,completed,2026-08-08T09:18:45.881905,"Delhi, IN",iPad Pro (Safari),Vendor payment
TXN_20260808_03962_42d9ef,ACC25189145,ACC74473089,23480.25,8.0,False,completed,2026-08-08T08:59:08.117336,"Jaipur, IN",OnePlus 12,P2P transfer
TXN_20260808_02433_334b1a,ACC_RING_C,ACC64246741,31063.16,17.0,False,completed,2026-08-08T08:42:24.366505,"Bangalore, IN",Samsung Galaxy S24 Ultra,Rent transfer
TXN_20260808_02354_c1c3ca,ACC10897161,ACC74473089,31724.35,16.0,False,completed,2026-08-08T08:38:10.956953,"Kolkata, IN",OnePlus 12,Utility bill
TXN_20260808_01945_dffed1,ACC57224534,ACC10897161,14093.74,6.0,False,completed,2026-08-08T08:34:43.486988,"Mumbai, IN",MacBook Pro (Chrome 128),Invoice settlement
TXN_20260808_01549_35012c,ACC_RING_B,ACC82456100,1815.65,11.0,False,completed,2026-08-08T08:30:58.818354,"Delhi, IN",iPhone 16 Pro Max,Urgent remittance
TXN_20260808_04824_0c890b,ACC15211290,ACC39727090,19544.08,7.0,False,completed,2026-08-08T08:15:21.223485,"Delhi, IN",Samsung Galaxy S24 Ultra,Vendor payment
TXN_20260808_02438_b2629b,ACC75311120,ACC1003,36431.69,7.0,False,completed,2026-08-08T07:58:08.640894,"Jaipur, IN",iPad Pro (Safari),Rent transfer
TXN_20260808_04580_ac3fd9,ACC15211290,ACC64246741,21429.92,18.0,False,completed,2026-08-08T07:48:49.897637,"Chennai, IN",Samsung Galaxy S24 Ultra,Software subscription
TXN_20260808_03970_a32984,ACC65809811,ACC25189145,1122.81,25.0,False,completed,2026-08-08T07:43:26.057022,"Ahmedabad, IN",MacBook Pro (Chrome 128),Utility bill
TXN_20260808_04463_ccb7ea,ACC70103438,ACC75385116,25574.64,8.0,False,completed,2026-08-08T07:42:54.679986,"Jaipur, IN",iPhone 16 Pro Max,P2P transfer
TXN_20260808_04276_a4d57c,ACC43249524,ACC64246741,36113.67,20.0,False,completed,2026-08-08T07:17:34.550404,"Hyderabad, IN",OnePlus 12,Grocery purchase
TXN_20260808_03205_ac7b49,ACC57224534,ACC15211290,4228.73,19.0,False,completed,2026-08-08T07:10:57.272664,"Bangalore, IN",Samsung Galaxy S24 Ultra,Grocery purchase
TXN_20260808_01040_684244,ACC1002,ACC11706152,85551.0,80.0,True,completed,2026-08-08T06:47:20.529903,"Hyderabad, IN",iPad Pro (Safari),Vendor payment
TXN_20260808_05146_d41135,ACC16314613,ACC65809811,31833.47,27.0,False,completed,2026-08-08T06:36:11.216822,"Jaipur, IN",MacBook Pro (Chrome 128),Online payment
TXN_20260808_04461_caeca6,ACC91181015,ACC15373430,43899.45,25.0,False,completed,2026-08-08T06:32:09.509682,"Ahmedabad, IN",Windows 11 (Edge 128),Consulting fee
TXN_20260808_03000_3faadf,ACC66777666,ACC10897161,122632.0,79.0,True,completed,2026-08-08T06:26:43.010642,"Kolkata, IN",Samsung Galaxy S24 Ultra,Vendor payment
TXN_20260808_02426_d817b1,ACC82456100,ACC75385116,4135.78,14.0,False,completed,2026-08-08T05:53:32.643354,"Chennai, IN",Samsung Galaxy S24 Ultra,Vendor payment
TXN_20260808_05123_cf219f,ACC_RING_C,ACC1003,3012.57,7.0,False,completed,2026-08-08T05:37:21.563174,"Kolkata, IN",Samsung Galaxy S24 Ultra,P2P transfer
TXN_20260808_03921_a2b53d,ACC92107699,ACC1003,25923.75,12.0,False,completed,2026-08-08T05:34:00.237997,"Chennai, IN",OnePlus 12,Grocery purchase
TXN_20260808_04405_05e998,ACC1001,ACC57029336,14714.71,13.0,False,completed,2026-08-08T05:06:48.761843,"Hyderabad, IN",iPhone 16 Pro Max,Urgent remittance
TXN_20260808_01166_daddf5,ACC16314613,ACC1001,15088.43,16.0,False,completed,2026-08-08T04:48:00.711702,"Jaipur, IN",iPad Pro (Safari),Online payment
TXN_20260808_04228_f76586,ACC10897161,ACC1003,21873.78,19.0,False,completed,2026-08-08T04:44:51.372068,"Mumbai, IN",Windows 11 (Edge 128),Utility bill
TXN_20260808_03959_a103e6,ACC65809811,ACC86445636,8263.98,6.0,False,completed,2026-08-08T04:30:41.084282,"Mumbai, IN",Pixel 9 Pro,Rent transfer
TXN_20260808_03121_3f69a0,ACC43467724,ACC_RING_B,1669.77,17.0,False,completed,2026-08-08T04:16:35.918037,"Kolkata, IN",Samsung Galaxy S24 Ultra,Rent transfer
TXN_20260808_03029_16bc88,ACC66777666,ACC64246741,29887.15,23.0,False,completed,2026-08-08T04:13:11.258580,"Hyderabad, IN",Samsung Galaxy S24 Ultra,Urgent remittance
TXN_20260808_01244_b05df3,ACC70103438,ACC15373430,2613.95,25.0,False,completed,2026-08-08T04:09:36.917502,"Pune, IN",OnePlus 12,Urgent remittance
TXN_20260808_02346_3b727c,ACC74473089,ACC43467724,12453.51,13.0,False,completed,2026-08-08T04:04:38.620424,"Ahmedabad, IN",iPad Pro (Safari),Software subscription
TXN_20260808_02612_8f4380,ACC75385116,ACC1001,34920.5,9.0,False,completed,2026-08-08T03:56:18.081825,"Kolkata, IN",Windows 11 (Edge 128),Consulting fee
TXN_20260808_04273_ca2137,ACC15211290,ACC11706152,26729.9,27.0,False,completed,2026-08-08T03:54:52.457085,"Mumbai, IN",OnePlus 12,Software subscription
TXN_20260808_01459_48b159,ACC72717142,ACC66777666,17745.62,25.0,False,completed,2026-08-08T03:51:39.976831,"Chennai, IN",iPhone 16 Pro Max,Grocery purchase
TXN_20260808_00988_603a45,ACC43249524,ACC_RING_A,16448.7,8.0,False,completed,2026-08-08T03:40:56.019250,"Pune, IN",MacBook Pro (Chrome 128),Utility bill
TXN_20260808_04486_f1f555,ACC25189145,ACC64246741,1601.96,11.0,False,completed,2026-08-08T03:23:48.528213,"Delhi, IN",OnePlus 12,Utility bill
TXN_20260808_00179_99f103,ACC82456100,ACC74473089,6409.84,9.0,False,completed,2026-08-08T03:02:20.830034,"Pune, IN",Pixel 9 Pro,Consulting fee
TXN_20260808_03568_2c1320,ACC_RING_C,ACC92107699,6623.93,8.0,False,completed,2026-08-08T03:01:56.340726,"Mumbai, IN",OnePlus 12,Software subscription
TXN_20260808_02154_480ad8,ACC64246741,ACC25189145,16937.84,13.0,False,completed,2026-08-08T02:38:21.141923,"Pune, IN",OnePlus 12,Invoice settlement
TXN_20260808_01383_831230,ACC57029336,ACC66777666,11403.09,10.0,False,completed,2026-08-08T02:32:22.097774,"Hyderabad, IN",Windows 11 (Edge 128),Consulting fee
TXN_20260808_00024_85fa3e,ACC_RING_C,ACC10897161,176430.0,65.0,True,completed,2026-08-08T02:01:30.885026,"Mumbai, IN",Samsung Galaxy S24 Ultra,Invoice settlement
TXN_20260808_00014_9d272f,ACC74473089,ACC_RING_A,126605.0,94.0,True,completed,2026-08-08T01:51:22.918445,"Chennai, IN",iPhone 16 Pro Max,Rent transfer
TXN_20260808_03098_f00b66,ACC11706152,ACC72717142,39517.64,14.0,False,completed,2026-08-08T01:49:06.159132,"Ahmedabad, IN",Pixel 9 Pro,Invoice settlement
TXN_20260808_01346_f15ada,ACC82456100,ACC74473089,37228.29,27.0,False,completed,2026-08-08T01:37:26.299300,"Kolkata, IN",iPhone 16 Pro Max,Grocery purchase
TXN_20260808_01029_b5d28d,ACC36297523,ACC_RING_A,5624.53,6.0,False,completed,2026-08-08T01:30:34.262963,"Jaipur, IN",Windows 11 (Edge 128),P2P transfer
TXN_20260808_04166_0a0d17,ACC20858654,ACC86445636,30982.69,8.0,False,completed,2026-08-08T01:29:23.012519,"Bangalore, IN",Samsung Galaxy S24 Ultra,Utility bill
TXN_20260808_03875_6eec1c,ACC86445636,ACC43907404,24421.87,12.0,False,completed,2026-08-08T01:29:06.865389,"Mumbai, IN",OnePlus 12,Invoice settlement
TXN_20260808_00357_0a681f,ACC11706152,ACC72717142,37839.88,13.0,False,completed,2026-08-08T01:05:03.559102,"Hyderabad, IN",Windows 11 (Edge 128),P2P transfer
TXN_20260808_01321_362f08,ACC39727090,ACC_RING_B,30216.89,12.0,False,completed,2026-08-08T00:58:56.938649,"Kolkata, IN",Pixel 9 Pro,Rent transfer
TXN_20260808_01512_5d4cc9,ACC70103438,ACC50081547,4103.26,23.0,False,completed,2026-08-08T00:46:58.847048,"Hyderabad, IN",iPhone 16 Pro Max,Consulting fee
TXN_20260808_03102_c81fb2,ACC39727090,ACC36297523,25989.35,28.0,False,completed,2026-08-08T00:30:50.333064,"Jaipur, IN",MacBook Pro (Chrome 128),Online payment
TXN_20260808_05112_22804b,ACC1003,ACC1001,38799.72,15.0,False,completed,2026-08-08T00:18:07.108677,"Kolkata, IN",Samsung Galaxy S24 Ultra,Grocery purchase
TXN_20260807_03603_d5a0ea,ACC43907404,ACC1001,23252.45,14.0,False,completed,2026-08-07T23:57:40.847804,"Hyderabad, IN",MacBook Pro (Chrome 128),Urgent remittance
TXN_20260807_00329_2d0920,ACC25189145,ACC74473089,17636.13,20.0,False,completed,2026-08-07T23:57:16.655894,"Delhi, IN",Pixel 9 Pro,Consulting fee
TXN_20260807_05085_017eaa,ACC1004,ACC1001,40636.84,18.0,False,completed,2026-08-07T23:46:19.075412,"Bangalore, IN",Samsung Galaxy S24 Ultra,Invoice settlement
TXN_20260807_04974_eea20e,ACC_RING_C,ACC40593754,13071.13,14.0,False,completed,2026-08-07T23:44:05.321986,"Kolkata, IN",OnePlus 12,Urgent remittance
TXN_20260807_03607_bb7d6a,ACC72717142,ACC_RING_A,10517.39,28.0,False,completed,2026-08-07T23:39:00.669372,"Bangalore, IN",Pixel 9 Pro,Vendor payment
TXN_20260807_04679_dc607c,ACC72717142,ACC43249524,41349.34,23.0,False,completed,2026-08-07T23:33:27.832363,"Hyderabad, IN",OnePlus 12,Software subscription
TXN_20260807_00971_00ee27,ACC36297523,ACC43907404,38227.97,8.0,False,completed,2026-08-07T23:30:05.143874,"Delhi, IN",Pixel 9 Pro,Invoice settlement
TXN_20260807_01131_504f6f,ACC57029336,ACC_RING_C,37634.95,28.0,False,completed,2026-08-07T23:25:22.741033,"Pune, IN",Samsung Galaxy S24 Ultra,P2P transfer
TXN_20260807_01238_5cbf1a,ACC65809811,ACC57029336,25866.13,27.0,False,completed,2026-08-07T23:20:48.744698,"Jaipur, IN",iPad Pro (Safari),Software subscription
TXN_20260807_03051_a50f5c,ACC11706152,ACC15211290,29010.79,26.0,False,completed,2026-08-07T23:11:19.862530,"Ahmedabad, IN",OnePlus 12,Urgent remittance
TXN_20260807_01857_9df806,ACC82456100,ACC75311120,44031.05,10.0,False,completed,2026-08-07T23:04:38.926437,"Pune, IN",Pixel 9 Pro,Utility bill
TXN_20260807_02984_f60ea6,ACC15373430,ACC1004,2720.02,5.0,False,completed,2026-08-07T22:52:28.437131,"Delhi, IN",Samsung Galaxy S24 Ultra,Grocery purchase
TXN_20260807_02972_c15f7d,ACC20858654,ACC65809811,684.89,10.0,False,completed,2026-08-07T22:44:52.333261,"Mumbai, IN",OnePlus 12,Vendor payment
TXN_20260807_02507_ddfb71,ACC_RING_B,ACC_RING_A,6398.38,28.0,False,completed,2026-08-07T22:37:17.273253,"Hyderabad, IN",OnePlus 12,Urgent remittance
TXN_20260807_01609_1b6761,ACC15373430,ACC16314613,815.2,23.0,False,completed,2026-08-07T22:33:34.279241,"Ahmedabad, IN",iPhone 16 Pro Max,Vendor payment
TXN_20260807_01006_6ab913,ACC39727090,ACC64246741,26989.67,23.0,False,completed,2026-08-07T22:31:14.201798,"Hyderabad, IN",Pixel 9 Pro,Software subscription
TXN_20260807_04637_c9b3ed,ACC11706152,ACC_RING_C,35436.26,5.0,False,completed,2026-08-07T22:25:06.847786,"Kolkata, IN",MacBook Pro (Chrome 128),Rent transfer
TXN_20260807_03149_994647,ACC39727090,ACC92107699,1638.53,18.0,False,completed,2026-08-07T22:24:27.985986,"Pune, IN",iPad Pro (Safari),Grocery purchase
TXN_20260807_05025_983cb0,ACC16314613,ACC75311120,12955.12,13.0,False,completed,2026-08-07T22:20:23.429342,"Delhi, IN",Samsung Galaxy S24 Ultra,P2P transfer
TXN_20260807_00078_123956,ACC66777666,ACC1002,1456.59,5.0,False,completed,2026-08-07T22:02:21.999246,"Chennai, IN",OnePlus 12,P2P transfer
TXN_20260807_02854_a57976,ACC86445636,ACC92107699,35866.6,5.0,False,completed,2026-08-07T21:48:35.264505,"Ahmedabad, IN",Samsung Galaxy S24 Ultra,Rent transfer
TXN_20260807_00003_b18727,ACC20858654,ACC66777666,87726.0,95.0,True,completed,2026-08-07T21:37:43.006398,"Delhi, IN",iPhone 16 Pro Max,Rent transfer
TXN_20260807_01008_fe2269,ACC43249524,ACC25189145,11222.18,22.0,False,completed,2026-08-07T21:09:08.927349,"Pune, IN",Windows 11 (Edge 128),Online payment
TXN_20260807_04491_8f6070,ACC1002,ACC1004,25703.19,20.0,False,completed,2026-08-07T20:41:58.987109,"Jaipur, IN",MacBook Pro (Chrome 128),Urgent remittance
TXN_20260807_00001_01e4f4,ACC_RING_A,ACC57029336,173484.0,87.0,True,completed,2026-08-07T20:25:47.090925,"Chennai, IN",Samsung Galaxy S24 Ultra,Invoice settlement
TXN_20260807_01852_46ea64,ACC70103438,ACC10897161,41024.44,27.0,False,completed,2026-08-07T20:19:08.910990,"Kolkata, IN",MacBook Pro (Chrome 128),Utility bill
TXN_20260807_03460_036389,ACC75311120,ACC_RING_C,4488.32,19.0,False,completed,2026-08-07T20:11:46.974072,"Bangalore, IN",iPhone 16 Pro Max,Utility bill
TXN_20260807_02698_c2c711,ACC91181015,ACC50081547,17043.88,18.0,False,completed,2026-08-07T19:57:45.858006,"Delhi, IN",Windows 11 (Edge 128),Consulting fee
TXN_20260807_04104_87190b,ACC16314613,ACC36297523,24350.75,25.0,False,completed,2026-08-07T19:43:45.940429,"Mumbai, IN",iPad Pro (Safari),Invoice settlement
TXN_20260807_04783_47efa9,ACC75311120,ACC43907404,29241.44,10.0,False,completed,2026-08-07T19:35:00.822732,"Chennai, IN",iPad Pro (Safari),Utility bill
TXN_20260807_04846_ef9b2e,ACC25189145,ACC_RING_C,33439.95,24.0,False,completed,2026-08-07T19:20:14.468722,"Hyderabad, IN",iPad Pro (Safari),P2P transfer
TXN_20260807_01567_d86074,ACC61076366,ACC20858654,15479.69,28.0,False,completed,2026-08-07T19:17:22.148829,"Hyderabad, IN",iPad Pro (Safari),Grocery purchase
TXN_20260807_00984_c16068,ACC1001,ACC1002,3033.93,8.0,False,completed,2026-08-07T19:12:03.654408,"Mumbai, IN",OnePlus 12,Online payment
TXN_20260807_02991_1786db,ACC72717142,ACC59760987,16597.6,18.0,False,completed,2026-08-07T19:11:03.417727,"Chennai, IN",Pixel 9 Pro,Urgent remittance
TXN_20260807_01914_982cd3,ACC64246741,ACC75385116,24472.66,19.0,False,completed,2026-08-07T19:08:41.638271,"Jaipur, IN",Samsung Galaxy S24 Ultra,Grocery purchase
TXN_20260807_01571_1734e7,ACC91181015,ACC16314613,43777.91,9.0,False,completed,2026-08-07T18:38:37.395959,"Kolkata, IN",iPad Pro (Safari),Invoice settlement
TXN_20260807_00919_944539,ACC97828025,ACC39727090,38652.35,21.0,False,completed,2026-08-07T18:23:37.550162,"Ahmedabad, IN",iPhone 16 Pro Max,Grocery purchase
TXN_20260807_03358_6a63c9,ACC75385116,ACC1003,16004.24,27.0,False,completed,2026-08-07T18:20:28.121186,"Delhi, IN",Samsung Galaxy S24 Ultra,Rent transfer
TXN_20260807_01451_de9143,ACC82456100,ACC61076366,6490.53,25.0,False,completed,2026-08-07T18:17:10.333078,"Jaipur, IN",OnePlus 12,Software subscription
TXN_20260807_03369_f91d8e,ACC92107699,ACC40593754,13409.58,15.0,False,completed,2026-08-07T18:02:18.732316,"Ahmedabad, IN",OnePlus 12,Rent transfer
TXN_20260807_01444_328477,ACC75385116,ACC15373430,23155.92,17.0,False,completed,2026-08-07T17:57:53.925559,"Hyderabad, IN",Pixel 9 Pro,Rent transfer
TXN_20260807_03935_942625,ACC57029336,ACC43907404,33949.98,22.0,False,completed,2026-08-07T17:56:41.314348,"Jaipur, IN",iPhone 16 Pro Max,Software subscription
TXN_20260807_01735_86483c,ACC64246741,ACC75311120,387.17,14.0,False,completed,2026-08-07T17:28:42.515867,"Kolkata, IN",Pixel 9 Pro,Invoice settlement
TXN_20260807_01262_b3618a,ACC43907404,ACC11706152,18702.53,6.0,False,completed,2026-08-07T17:07:36.458901,"Pune, IN",Windows 11 (Edge 128),P2P transfer
TXN_20260807_02902_e4e902,ACC1003,ACC43907404,8547.02,8.0,False,completed,2026-08-07T16:33:56.566441,"Pune, IN",iPad Pro (Safari),Utility bill
TXN_20260807_03360_41495e,ACC_RING_B,ACC57224534,207440.0,95.0,True,completed,2026-08-07T16:32:17.022530,"Mumbai, IN",iPhone 16 Pro Max,Vendor payment
TXN_20260807_03601_665277,ACC1002,ACC20858654,25455.78,16.0,False,completed,2026-08-07T16:32:06.792965,"Jaipur, IN",OnePlus 12,Online payment
TXN_20260807_02415_be54ce,ACC25189145,ACC15373430,5468.93,24.0,False,completed,2026-08-07T16:31:08.677774,"Jaipur, IN",Samsung Galaxy S24 Ultra,Urgent remittance
TXN_20260807_03928_e10645,ACC11706152,ACC43467724,9754.98,24.0,False,completed,2026-08-07T16:25:16.179821,"Ahmedabad, IN",OnePlus 12,Urgent remittance
TXN_20260807_03427_279d54,ACC57029336,ACC50081547,41366.44,22.0,False,completed,2026-08-07T16:22:25.746155,"Ahmedabad, IN",Windows 11 (Edge 128),Utility bill
TXN_20260807_04069_c7c13e,ACC74473089,ACC50081547,9238.05,18.0,False,completed,2026-08-07T16:14:06.643451,"Bangalore, IN",iPhone 16 Pro Max,P2P transfer
TXN_20260807_01630_7c025a,ACC82456100,ACC97828025,2876.37,24.0,False,completed,2026-08-07T16:12:18.987880,"Mumbai, IN",Pixel 9 Pro,Online payment
TXN_20260807_00589_efab54,ACC_RING_A,ACC72717142,11110.22,28.0,False,completed,2026-08-07T15:53:40.007793,"Kolkata, IN",Samsung Galaxy S24 Ultra,Rent transfer
TXN_20260807_04272_2d2123,ACC43249524,ACC72717142,23567.2,8.0,False,completed,2026-08-07T15:51:08.017372,"Kolkata, IN",iPad Pro (Safari),Invoice settlement
TXN_20260807_02420_6ed0ad,ACC25189145,ACC10897161,11698.77,6.0,False,completed,2026-08-07T15:48:15.204617,"Delhi, IN",iPhone 16 Pro Max,P2P transfer
TXN_20260807_01175_21ea96,ACC65809811,ACC64246741,29456.29,24.0,False,completed,2026-08-07T15:32:36.752340,"Bangalore, IN",Samsung Galaxy S24 Ultra,Online payment
TXN_20260807_01704_562e51,ACC59760987,ACC_RING_C,3349.23,5.0,False,completed,2026-08-07T15:11:48.469268,"Jaipur, IN",iPhone 16 Pro Max,P2P transfer
TXN_20260807_02603_8e3605,ACC16314613,ACC59760987,7594.97,28.0,False,completed,2026-08-07T15:11:30.055433,"Hyderabad, IN",iPhone 16 Pro Max,Invoice settlement
TXN_20260807_02220_7db4f9,ACC43467724,ACC20858654,12457.01,26.0,False,completed,2026-08-07T14:48:53.572932,"Mumbai, IN",Pixel 9 Pro,P2P transfer
TXN_20260807_05033_cdf8e3,ACC50081547,ACC10897161,26944.73,18.0,False,completed,2026-08-07T14:43:51.922532,"Jaipur, IN",MacBook Pro (Chrome 128),Utility bill
TXN_20260807_02588_fcda8e,ACC1003,ACC15211290,28472.73,6.0,False,completed,2026-08-07T14:41:12.771145,"Chennai, IN",iPad Pro (Safari),Utility bill
TXN_20260807_02868_b2716c,ACC72717142,ACC57224534,8063.36,9.0,False,completed,2026-08-07T14:33:40.935283,"Hyderabad, IN",Pixel 9 Pro,Software subscription
TXN_20260807_00507_b8595d,ACC61076366,ACC_RING_A,11807.61,12.0,False,completed,2026-08-07T14:20:56.488831,"Pune, IN",Pixel 9 Pro,Rent transfer
TXN_20260807_00467_ef1eac,ACC39727090,ACC16314613,34376.66,26.0,False,completed,2026-08-07T14:10:36.483704,"Hyderabad, IN",OnePlus 12,Online payment
TXN_20260807_00503_734496,ACC15373430,ACC75385116,2791.06,13.0,False,completed,2026-08-07T14:04:41.281759,"Mumbai, IN",OnePlus 12,Urgent remittance
TXN_20260807_03011_3222e7,ACC_RING_A,ACC92107699,11030.43,20.0,False,completed,2026-08-07T13:52:50.658045,"Mumbai, IN",Windows 11 (Edge 128),Online payment
TXN_20260807_00110_5484de,ACC1004,ACC25189145,1257.1,21.0,False,completed,2026-08-07T13:43:07.685676,"Chennai, IN",Pixel 9 Pro,P2P transfer
TXN_20260807_03279_3ec99d,ACC15211290,ACC70103438,33245.13,10.0,False,completed,2026-08-07T13:40:08.333979,"Kolkata, IN",iPad Pro (Safari),Consulting fee
TXN_20260807_02462_c66fdb,ACC_RING_C,ACC75311120,23996.56,18.0,False,completed,2026-08-07T13:40:04.796949,"Bangalore, IN",MacBook Pro (Chrome 128),Urgent remittance
TXN_20260807_05187_a9fc61,ACC86445636,ACC70103438,2457.61,15.0,False,completed,2026-08-07T13:35:35.491812,"Chennai, IN",iPhone 16 Pro Max,Consulting fee
TXN_20260807_00975_505f4b,ACC65809811,ACC43467724,6598.07,10.0,False,completed,2026-08-07T13:22:13.636752,"Chennai, IN",OnePlus 12,Grocery purchase
TXN_20260807_04242_f7b8db,ACC1001,ACC15373430,29317.5,16.0,False,completed,2026-08-07T13:10:18.861624,"Kolkata, IN",iPhone 16 Pro Max,Vendor payment
TXN_20260807_03305_61e66f,ACC1001,ACC75385116,7881.71,9.0,False,completed,2026-08-07T13:09:09.885309,"Chennai, IN",iPhone 16 Pro Max,Vendor payment
TXN_20260807_03689_832f61,ACC1004,ACC74473089,41896.93,25.0,False,completed,2026-08-07T13:04:38.247110,"Bangalore, IN",MacBook Pro (Chrome 128),Consulting fee
TXN_20260807_05121_141ee7,ACC1001,ACC75385116,34306.7,20.0,False,completed,2026-08-07T13:00:12.576022,"Chennai, IN",MacBook Pro (Chrome 128),Vendor payment
TXN_20260807_00276_e200da,ACC1002,ACC97828025,9442.64,13.0,False,completed,2026-08-07T12:59:09.817319,"Pune, IN",iPhone 16 Pro Max,Vendor payment
TXN_20260807_02500_989f96,ACC25189145,ACC86445636,2758.04,17.0,False,completed,2026-08-07T12:47:47.018318,"Kolkata, IN",Samsung Galaxy S24 Ultra,Online payment
TXN_20260807_02210_60c1ae,ACC70103438,ACC65809811,41409.27,5.0,False,completed,2026-08-07T12:41:35.148633,"Ahmedabad, IN",Samsung Galaxy S24 Ultra,Vendor payment
TXN_20260807_04379_2bdbac,ACC40593754,ACC91181015,18874.88,13.0,False,completed,2026-08-07T12:26:17.564980,"Mumbai, IN",OnePlus 12,P2P transfer
TXN_20260807_03100_fba6ce,ACC57224534,ACC91181015,11278.67,21.0,False,completed,2026-08-07T12:21:26.963267,"Chennai, IN",OnePlus 12,Software subscription
TXN_20260807_01302_63d811,ACC66777666,ACC91181015,34194.95,25.0,False,completed,2026-08-07T12:21:21.245280,"Jaipur, IN",iPad Pro (Safari),Invoice settlement
TXN_20260807_01816_b9e52d,ACC15211290,ACC_RING_B,30811.46,11.0,False,completed,2026-08-07T12:14:26.523978,"Bangalore, IN",Samsung Galaxy S24 Ultra,Grocery purchase
TXN_20260807_01130_843854,ACC97828025,ACC1002,8315.96,18.0,False,completed,2026-08-07T12:12:02.858718,"Bangalore, IN",OnePlus 12,Consulting fee
TXN_20260807_04450_0bc44e,ACC57029336,ACC65809811,1448.8,5.0,False,completed,2026-08-07T12:10:06.046785,"Chennai, IN",Samsung Galaxy S24 Ultra,Online payment
TXN_20260807_01926_3f36b3,ACC82456100,ACC97828025,22930.71,9.0,False,completed,2026-08-07T11:59:26.825678,"Pune, IN",iPad Pro (Safari),Utility bill
TXN_20260807_00393_f7ef89,ACC1004,ACC92107699,8999.75,28.0,False,completed,2026-08-07T11:51:58.532786,"Bangalore, IN",MacBook Pro (Chrome 128),Vendor payment
TXN_20260807_02087_486faa,ACC70103438,ACC_RING_A,23907.47,22.0,False,completed,2026-08-07T11:49:30.056877,"Ahmedabad, IN",Samsung Galaxy S24 Ultra,Rent transfer
TXN_20260807_04958_df10f0,ACC75385116,ACC10897161,15080.86,19.0,False,completed,2026-08-07T11:35:24.996752,"Hyderabad, IN",OnePlus 12,Software subscription
TXN_20260807_02271_cd580b,ACC50081547,ACC65809811,12582.9,5.0,False,completed,2026-08-07T11:33:32.900946,"Kolkata, IN",Windows 11 (Edge 128),Invoice settlement
TXN_20260807_03595_7545c4,ACC59760987,ACC64246741,36985.97,20.0,False,completed,2026-08-07T11:11:11.480792,"Chennai, IN",Samsung Galaxy S24 Ultra,P2P transfer
TXN_20260807_00414_e10bdb,ACC91181015,ACC82456100,24403.91,17.0,False,completed,2026-08-07T11:08:22.026902,"Bangalore, IN",Windows 11 (Edge 128),Grocery purchase
TXN_20260807_00389_7df471,ACC82456100,ACC70103438,25714.39,26.0,False,completed,2026-08-07T10:50:09.991970,"Chennai, IN",OnePlus 12,Grocery purchase
TXN_20260807_04557_6e4675,ACC11706152,ACC59760987,37772.08,11.0,False,completed,2026-08-07T10:19:33.806630,"Hyderabad, IN",iPhone 16 Pro Max,P2P transfer
TXN_20260807_03246_f42d8e,ACC82456100,ACC70103438,10157.2,24.0,False,completed,2026-08-07T10:09:45.350168,"Jaipur, IN",Pixel 9 Pro,Software subscription
TXN_20260807_02704_841bf1,ACC64246741,ACC39727090,7763.67,26.0,False,completed,2026-08-07T09:55:39.068990,"Mumbai, IN",Windows 11 (Edge 128),Urgent remittance
TXN_20260807_03895_35e965,ACC43467724,ACC61076366,2777.93,20.0,False,completed,2026-08-07T09:50:26.016643,"Hyderabad, IN",Samsung Galaxy S24 Ultra,Invoice settlement
TXN_20260807_00353_1f33a3,ACC97828025,ACC15211290,3386.31,17.0,False,completed,2026-08-07T09:50:08.307423,"Ahmedabad, IN",Windows 11 (Edge 128),Software subscription
TXN_20260807_03991_15aadd,ACC15211290,ACC25189145,25684.87,9.0,False,completed,2026-08-07T09:43:35.416952,"Ahmedabad, IN",Windows 11 (Edge 128),Software subscription
TXN_20260807_01129_d8ce50,ACC43907404,ACC75311120,19221.88,12.0,False,completed,2026-08-07T09:38:18.263250,"Bangalore, IN",MacBook Pro (Chrome 128),Grocery purchase
TXN_20260807_03441_195727,ACC66777666,ACC15211290,34457.52,27.0,False,completed,2026-08-07T09:37:02.691473,"Mumbai, IN",MacBook Pro (Chrome 128),Utility bill
TXN_20260807_02847_29fdfc,ACC86445636,ACC36297523,28297.42,28.0,False,completed,2026-08-07T09:35:24.013954,"Delhi, IN",iPad Pro (Safari),Invoice settlement
TXN_20260807_04301_51edbc,ACC15211290,ACC1002,34721.8,25.0,False,completed,2026-08-07T09:17:58.950727,"Mumbai, IN",MacBook Pro (Chrome 128),Software subscription
TXN_20260807_02754_678864,ACC1003,ACC10897161,25060.14,24.0,False,completed,2026-08-07T09:13:43.109801,"Ahmedabad, IN",Windows 11 (Edge 128),Invoice settlement
TXN_20260807_01645_08be03,ACC_RING_B,ACC64246741,42591.73,10.0,False,completed,2026-08-07T08:56:03.407829,"Chennai, IN",MacBook Pro (Chrome 128),Urgent remittance
TXN_20260807_01021_e914ed,ACC43907404,ACC50081547,44620.94,16.0,False,completed,2026-08-07T08:54:11.039633,"Bangalore, IN",iPhone 16 Pro Max,P2P transfer
TXN_20260807_03337_453bc4,ACC36297523,ACC97828025,1125.01,24.0,False,completed,2026-08-07T08:43:52.608612,"Delhi, IN",iPhone 16 Pro Max,Online payment
TXN_20260807_03660_e9db66,ACC43907404,ACC61076366,40579.43,6.0,False,completed,2026-08-07T08:11:52.939602,"Kolkata, IN",Windows 11 (Edge 128),Utility bill
TXN_20260807_01949_03a093,ACC_RING_B,ACC43249524,16662.8,22.0,False,completed,2026-08-07T08:08:50.117366,"Bangalore, IN",MacBook Pro (Chrome 128),Vendor payment
TXN_20260807_01621_7a3114,ACC57224534,ACC16314613,19857.11,27.0,False,completed,2026-08-07T07:59:33.975940,"Jaipur, IN",MacBook Pro (Chrome 128),Utility bill
TXN_20260807_03015_ef5aee,ACC50081547,ACC16314613,44758.74,24.0,False,completed,2026-08-07T07:51:10.724458,"Kolkata, IN",Samsung Galaxy S24 Ultra,Software subscription
TXN_20260807_01601_901a6c,ACC16314613,ACC50081547,3998.85,5.0,False,completed,2026-08-07T07:42:47.163538,"Delhi, IN",Windows 11 (Edge 128),Invoice settlement
TXN_20260807_01736_902eae,ACC_RING_B,ACC15373430,29028.75,9.0,False,completed,2026-08-07T07:38:49.738301,"Chennai, IN",iPhone 16 Pro Max,P2P transfer
TXN_20260807_04883_079935,ACC43907404,ACC39727090,8386.76,11.0,False,completed,2026-08-07T07:36:06.327582,"Jaipur, IN",Windows 11 (Edge 128),Utility bill
TXN_20260807_02203_77da9f,ACC15211290,ACC36297523,8794.39,21.0,False,completed,2026-08-07T07:25:59.371311,"Mumbai, IN",OnePlus 12,Online payment
TXN_20260807_01633_0270f4,ACC1004,ACC72717142,20047.46,11.0,False,completed,2026-08-07T07:18:14.204191,"Ahmedabad, IN",MacBook Pro (Chrome 128),Utility bill
TXN_20260807_00895_98bb46,ACC1003,ACC43907404,24981.18,11.0,False,completed,2026-08-07T06:53:18.012409,"Pune, IN",MacBook Pro (Chrome 128),Consulting fee
TXN_20260807_00664_753ab6,ACC65809811,ACC70103438,11462.79,11.0,False,completed,2026-08-07T06:34:42.482194,"Kolkata, IN",OnePlus 12,Grocery purchase
TXN_20260807_02089_c0135e,ACC65809811,ACC75385116,12940.72,16.0,False,completed,2026-08-07T06:27:33.750678,"Hyderabad, IN",iPhone 16 Pro Max,Utility bill
TXN_20260807_04070_f44156,ACC1003,ACC72717142,30379.82,25.0,False,completed,2026-08-07T05:43:10.456018,"Pune, IN",iPad Pro (Safari),Software subscription
TXN_20260807_04421_afddbf,ACC40593754,ACC66777666,37812.4,26.0,False,completed,2026-08-07T05:33:11.864564,"Mumbai, IN",Windows 11 (Edge 128),Invoice settlement
TXN_20260807_05063_59e5b0,ACC25189145,ACC1002,14515.42,17.0,False,completed,2026-08-07T05:12:53.155950,"Bangalore, IN",Samsung Galaxy S24 Ultra,Urgent remittance
TXN_20260807_03635_eec45f,ACC10897161,ACC74473089,38110.44,7.0,False,completed,2026-08-07T05:01:36.063228,"Delhi, IN",OnePlus 12,Consulting fee
TXN_20260807_01163_8d3b50,ACC75311120,ACC_RING_B,24985.26,13.0,False,completed,2026-08-07T04:55:14.839309,"Chennai, IN",Samsung Galaxy S24 Ultra,P2P transfer
TXN_20260807_04655_3f665f,ACC57224534,ACC57029336,27174.71,9.0,False,completed,2026-08-07T04:54:07.296164,"Pune, IN",Samsung Galaxy S24 Ultra,Online payment
TXN_20260807_01138_553931,ACC64246741,ACC75385116,39588.23,7.0,False,completed,2026-08-07T04:36:49.693310,"Jaipur, IN",Windows 11 (Edge 128),Online payment
TXN_20260807_02508_a55c78,ACC25189145,ACC39727090,4068.65,22.0,False,completed,2026-08-07T04:31:23.543002,"Delhi, IN",OnePlus 12,Urgent remittance
TXN_20260807_04048_15a160,ACC10897161,ACC91181015,14754.86,21.0,False,completed,2026-08-07T04:29:56.201944,"Mumbai, IN",iPad Pro (Safari),P2P transfer
TXN_20260807_05060_aa8760,ACC40593754,ACC75311120,30019.51,7.0,False,completed,2026-08-07T04:03:08.630030,"Bangalore, IN",iPad Pro (Safari),Invoice settlement
TXN_20260807_02052_5b1145,ACC72717142,ACC16314613,23947.83,7.0,False,completed,2026-08-07T03:48:29.605490,"Kolkata, IN",Samsung Galaxy S24 Ultra,Invoice settlement
TXN_20260807_03760_02aee6,ACC1002,ACC86445636,92854.0,97.0,True,completed,2026-08-07T03:48:24.976348,"Jaipur, IN",OnePlus 12,Software subscription
TXN_20260807_00802_318348,ACC16314613,ACC43249524,39740.34,21.0,False,completed,2026-08-07T03:46:51.452803,"Pune, IN",iPad Pro (Safari),Utility bill
TXN_20260807_04270_d920c0,ACC1004,ACC50081547,33271.49,21.0,False,completed,2026-08-07T03:37:48.971944,"Delhi, IN",MacBook Pro (Chrome 128),Vendor payment
TXN_20260807_03938_0de8f0,ACC65809811,ACC50081547,15387.21,5.0,False,completed,2026-08-07T03:17:14.099757,"Delhi, IN",OnePlus 12,Grocery purchase
TXN_20260807_01641_cc1d24,ACC75311120,ACC10897161,3027.46,23.0,False,completed,2026-08-07T03:15:02.569589,"Delhi, IN",Samsung Galaxy S24 Ultra,Vendor payment
TXN_20260807_03134_c7b535,ACC50081547,ACC64246741,2746.24,22.0,False,completed,2026-08-07T03:12:39.388147,"Bangalore, IN",MacBook Pro (Chrome 128),Rent transfer
TXN_20260807_03455_12dce3,ACC1004,ACC65809811,39064.44,5.0,False,completed,2026-08-07T03:09:46.232898,"Chennai, IN",iPad Pro (Safari),Utility bill
TXN_20260807_05158_66e4d2,ACC_RING_A,ACC61076366,42474.43,14.0,False,completed,2026-08-07T03:06:37.294182,"Hyderabad, IN",MacBook Pro (Chrome 128),P2P transfer
TXN_20260807_02358_e9bf4f,ACC61076366,ACC43467724,32954.84,14.0,False,completed,2026-08-07T02:52:07.367981,"Hyderabad, IN",Windows 11 (Edge 128),Online payment
TXN_20260807_01084_b7dbc7,ACC39727090,ACC11706152,6099.28,28.0,False,completed,2026-08-07T02:48:54.908735,"Delhi, IN",Pixel 9 Pro,Vendor payment
TXN_20260807_03960_72c534,ACC70103438,ACC57224534,210918.0,75.0,True,completed,2026-08-07T02:47:46.098398,"Ahmedabad, IN",iPhone 16 Pro Max,P2P transfer
TXN_20260807_03813_191531,ACC_RING_B,ACC10897161,27306.11,21.0,False,completed,2026-08-07T02:42:35.299936,"Pune, IN",OnePlus 12,P2P transfer
TXN_20260807_02297_c5c2ca,ACC97828025,ACC72717142,25665.86,27.0,False,completed,2026-08-07T02:40:07.304276,"Jaipur, IN",Windows 11 (Edge 128),Vendor payment
TXN_20260807_04857_c21fe2,ACC1002,ACC91181015,35569.9,6.0,False,completed,2026-08-07T02:36:50.119080,"Delhi, IN",iPhone 16 Pro Max,Rent transfer
TXN_20260807_02724_6bd2b8,ACC_RING_C,ACC11706152,32734.8,17.0,False,completed,2026-08-07T02:36:43.165173,"Bangalore, IN",Samsung Galaxy S24 Ultra,P2P transfer
TXN_20260807_04437_214e20,ACC65809811,ACC75385116,26272.47,15.0,False,completed,2026-08-07T02:13:05.933264,"Hyderabad, IN",Samsung Galaxy S24 Ultra,Software subscription
TXN_20260807_04052_cdfcbb,ACC1004,ACC72717142,8789.01,6.0,False,completed,2026-08-07T02:09:48.446812,"Bangalore, IN",iPad Pro (Safari),Online payment
TXN_20260807_00543_573ec5,ACC40593754,ACC43467724,11283.54,26.0,False,completed,2026-08-07T01:44:12.690581,"Kolkata, IN",Windows 11 (Edge 128),Invoice settlement
TXN_20260807_00797_aeb540,ACC_RING_B,ACC92107699,11898.57,8.0,False,completed,2026-08-07T01:30:34.358833,"Delhi, IN",Pixel 9 Pro,Rent transfer
TXN_20260807_00163_122785,ACC91181015,ACC_RING_C,32315.26,28.0,False,completed,2026-08-07T01:05:53.672661,"Chennai, IN",OnePlus 12,Rent transfer
TXN_20260807_03656_42eb69,ACC57029336,ACC1003,41704.46,23.0,False,completed,2026-08-07T00:55:50.585705,"Chennai, IN",iPad Pro (Safari),P2P transfer
TXN_20260807_03229_0a7858,ACC66777666,ACC1004,19223.37,19.0,False,completed,2026-08-07T00:41:09.689766,"Bangalore, IN",OnePlus 12,Invoice settlement
TXN_20260807_00948_f6dbdf,ACC_RING_B,ACC59760987,21795.1,26.0,False,completed,2026-08-07T00:28:35.759402,"Chennai, IN",OnePlus 12,Rent transfer
TXN_20260807_03401_a8a9b1,ACC43467724,ACC66777666,27565.28,14.0,False,completed,2026-08-07T00:15:38.341525,"Kolkata, IN",Samsung Galaxy S24 Ultra,Invoice settlement
TXN_20260807_04054_71d762,ACC61076366,ACC_RING_B,27045.13,15.0,False,completed,2026-08-07T00:04:13.737594,"Jaipur, IN",Windows 11 (Edge 128),Vendor payment
TXN_20260806_04981_bd4506,ACC65809811,ACC91181015,27380.68,11.0,False,completed,2026-08-06T23:43:28.190558,"Mumbai, IN",Windows 11 (Edge 128),Vendor payment
TXN_20260806_03335_2878a2,ACC16314613,ACC_RING_C,27797.12,13.0,False,completed,2026-08-06T23:31:18.001504,"Jaipur, IN",iPad Pro (Safari),Software subscription
TXN_20260806_05072_99a2df,ACC43907404,ACC70103438,32303.68,12.0,False,completed,2026-08-06T23:29:43.061902,"Mumbai, IN",iPhone 16 Pro Max,Online payment
TXN_20260806_02664_613f7f,ACC43249524,ACC1001,30049.74,12.0,False,completed,2026-08-06T23:26:18.749659,"Chennai, IN",Windows 11 (Edge 128),Utility bill
TXN_20260806_01477_53f1ed,ACC74473089,ACC57029336,10800.02,10.0,False,completed,2026-08-06T23:16:25.468639,"Mumbai, IN",iPad Pro (Safari),Online payment
TXN_20260806_00742_4acaa2,ACC_RING_C,ACC97828025,42381.16,5.0,False,completed,2026-08-06T23:05:39.327438,"Pune, IN",Windows 11 (Edge 128),Utility bill
TXN_20260806_00337_31e6d4,ACC72717142,ACC15373430,38322.12,6.0,False,completed,2026-08-06T22:51:32.937227,"Delhi, IN",Samsung Galaxy S24 Ultra,Utility bill
TXN_20260806_03440_a9ca7a,ACC1001,ACC_RING_B,90048.0,90.0,True,completed,2026-08-06T22:45:19.263253,"Chennai, IN",iPhone 16 Pro Max,Software subscription
TXN_20260806_02185_a769af,ACC40593754,ACC74473089,36395.15,17.0,False,completed,2026-08-06T22:42:34.172967,"Mumbai, IN",MacBook Pro (Chrome 128),Urgent remittance
TXN_20260806_00954_f941d5,ACC1002,ACC_RING_C,5827.53,8.0,False,completed,2026-08-06T22:34:18.480108,"Hyderabad, IN",OnePlus 12,P2P transfer
TXN_20260806_01434_609aac,ACC20858654,ACC86445636,1906.02,8.0,False,completed,2026-08-06T22:31:33.599983,"Hyderabad, IN",Samsung Galaxy S24 Ultra,Grocery purchase
TXN_20260806_00982_9ea0e2,ACC57224534,ACC72717142,29528.57,8.0,False,completed,2026-08-06T22:15:41.012345,"Ahmedabad, IN",OnePlus 12,Consulting fee
TXN_20260806_04134_1fcb61,ACC72717142,ACC43907404,29219.58,22.0,False,completed,2026-08-06T22:12:18.946761,"Bangalore, IN",Samsung Galaxy S24 Ultra,Urgent remittance
TXN_20260806_04946_277c02,ACC65809811,ACC66777666,36823.47,13.0,False,completed,2026-08-06T21:53:07.477903,"Hyderabad, IN",Pixel 9 Pro,Grocery purchase
TXN_20260806_02284_2f92c2,ACC25189145,ACC43249524,33294.81,7.0,False,completed,2026-08-06T21:49:02.412138,"Jaipur, IN",MacBook Pro (Chrome 128),Invoice settlement
TXN_20260806_00005_597751,ACC61076366,ACC57029336,113541.0,75.0,True,completed,2026-08-06T21:46:46.569412,"Jaipur, IN",iPhone 16 Pro Max,Online payment
TXN_20260806_00922_1ffaf2,ACC75311120,ACC_RING_B,25788.8,10.0,False,completed,2026-08-06T21:39:28.926479,"Bangalore, IN",OnePlus 12,Software subscription
TXN_20260806_00385_fa938b,ACC15373430,ACC92107699,6644.52,15.0,False,completed,2026-08-06T21:28:53.038744,"Mumbai, IN",Pixel 9 Pro,Vendor payment
TXN_20260806_00200_cedddf,ACC_RING_C,ACC36297523,91211.0,68.0,True,completed,2026-08-06T21:14:44.692481,"Pune, IN",iPad Pro (Safari),Urgent remittance
TXN_20260806_02535_6fc520,ACC1003,ACC61076366,4542.11,11.0,False,completed,2026-08-06T21:13:58.426811,"Ahmedabad, IN",Pixel 9 Pro,Grocery purchase
TXN_20260806_01842_8d8882,ACC66777666,ACC91181015,7408.37,6.0,False,completed,2026-08-06T20:58:01.737524,"Chennai, IN",iPad Pro (Safari),Online payment
TXN_20260806_02571_727150,ACC57029336,ACC61076366,37706.96,18.0,False,completed,2026-08-06T20:55:35.022703,"Delhi, IN",Samsung Galaxy S24 Ultra,Urgent remittance
TXN_20260806_02543_34addb,ACC75385116,ACC50081547,38041.42,7.0,False,completed,2026-08-06T20:28:59.804690,"Delhi, IN",MacBook Pro (Chrome 128),Invoice settlement
TXN_20260806_03647_51adc5,ACC43907404,ACC_RING_C,15209.28,17.0,False,completed,2026-08-06T20:18:05.944989,"Jaipur, IN",MacBook Pro (Chrome 128),Grocery purchase
TXN_20260806_02963_bbbe35,ACC50081547,ACC11706152,21722.05,27.0,False,completed,2026-08-06T20:02:31.827517,"Hyderabad, IN",iPad Pro (Safari),Software subscription
TXN_20260806_04528_21f364,ACC50081547,ACC70103438,36294.58,27.0,False,completed,2026-08-06T19:52:21.293861,"Hyderabad, IN",iPad Pro (Safari),Rent transfer
TXN_20260806_04122_fb0ffc,ACC74473089,ACC61076366,19484.83,20.0,False,completed,2026-08-06T19:46:49.976471,"Ahmedabad, IN",iPad Pro (Safari),Invoice settlement
TXN_20260806_04767_680dbd,ACC_RING_B,ACC82456100,43430.41,27.0,False,completed,2026-08-06T19:40:36.159215,"Pune, IN",iPhone 16 Pro Max,Invoice settlement
TXN_20260806_03265_46e33b,ACC66777666,ACC_RING_C,18195.49,12.0,False,completed,2026-08-06T19:26:33.532204,"Mumbai, IN",iPhone 16 Pro Max,Urgent remittance
TXN_20260806_02898_d1b53e,ACC66777666,ACC10897161,38005.34,27.0,False,completed,2026-08-06T19:20:58.120936,"Kolkata, IN",Samsung Galaxy S24 Ultra,Utility bill
TXN_20260806_04816_221aae,ACC57029336,ACC36297523,15411.68,15.0,False,completed,2026-08-06T18:58:49.893669,"Ahmedabad, IN",Windows 11 (Edge 128),Grocery purchase
TXN_20260806_01255_02eca3,ACC70103438,ACC15211290,25904.3,28.0,False,completed,2026-08-06T18:41:10.245056,"Hyderabad, IN",Samsung Galaxy S24 Ultra,P2P transfer
TXN_20260806_03267_89b523,ACC66777666,ACC_RING_C,22669.79,22.0,False,completed,2026-08-06T18:27:51.285357,"Kolkata, IN",Samsung Galaxy S24 Ultra,Online payment
TXN_20260806_00230_f64cb3,ACC_RING_B,ACC15211290,14506.13,21.0,False,completed,2026-08-06T18:09:57.009964,"Hyderabad, IN",iPad Pro (Safari),Rent transfer
TXN_20260806_03179_da95c4,ACC43249524,ACC57224534,38560.34,20.0,False,completed,2026-08-06T18:01:36.757446,"Ahmedabad, IN",OnePlus 12,Invoice settlement
TXN_20260806_04176_e01e47,ACC64246741,ACC36297523,30312.12,25.0,False,completed,2026-08-06T17:59:40.010021,"Jaipur, IN",Windows 11 (Edge 128),Online payment
TXN_20260806_00055_89a327,ACC15211290,ACC1001,34322.18,12.0,False,completed,2026-08-06T17:55:42.347186,"Delhi, IN",Pixel 9 Pro,Online payment
TXN_20260806_04470_8d0896,ACC92107699,ACC_RING_A,13878.39,22.0,False,completed,2026-08-06T17:29:15.443628,"Chennai, IN",iPad Pro (Safari),Consulting fee
TXN_20260806_04866_0956f8,ACC82456100,ACC1004,14859.14,16.0,False,completed,2026-08-06T17:22:12.182917,"Jaipur, IN",iPhone 16 Pro Max,Consulting fee
TXN_20260806_01508_3820a5,ACC_RING_A,ACC1002,3445.57,26.0,False,completed,2026-08-06T17:11:16.808490,"Chennai, IN",iPad Pro (Safari),Grocery purchase
TXN_20260806_02713_3488ff,ACC64246741,ACC75311120,5322.54,23.0,False,completed,2026-08-06T17:01:49.119965,"Pune, IN",OnePlus 12,P2P transfer
TXN_20260806_04991_6f2197,ACC10897161,ACC50081547,22576.13,9.0,False,completed,2026-08-06T16:51:59.395031,"Kolkata, IN",MacBook Pro (Chrome 128),Software subscription
TXN_20260806_03003_da7329,ACC70103438,ACC64246741,38130.8,9.0,False,completed,2026-08-06T16:50:27.408819,"Hyderabad, IN",iPad Pro (Safari),Consulting fee
TXN_20260806_04693_34eb93,ACC15373430,ACC16314613,23576.85,10.0,False,completed,2026-08-06T16:41:11.591865,"Chennai, IN",Pixel 9 Pro,Consulting fee
TXN_20260806_03009_2cb651,ACC70103438,ACC64246741,44177.96,17.0,False,completed,2026-08-06T16:40:19.329867,"Kolkata, IN",Samsung Galaxy S24 Ultra,Grocery purchase
TXN_20260806_04103_6010ce,ACC74473089,ACC1004,35042.0,14.0,False,completed,2026-08-06T16:35:16.762900,"Pune, IN",Samsung Galaxy S24 Ultra,Grocery purchase
TXN_20260806_00685_1c6662,ACC43467724,ACC57224534,36304.15,7.0,False,completed,2026-08-06T16:31:38.688339,"Chennai, IN",Pixel 9 Pro,P2P transfer
TXN_20260806_00871_947d39,ACC43249524,ACC43907404,12013.23,9.0,False,completed,2026-08-06T16:21:36.949694,"Mumbai, IN",Windows 11 (Edge 128),Grocery purchase
TXN_20260806_04508_b29f75,ACC1002,ACC82456100,15055.38,28.0,False,completed,2026-08-06T16:10:50.472477,"Jaipur, IN",iPhone 16 Pro Max,Software subscription
TXN_20260806_00750_be6a6e,ACC75311120,ACC10897161,26644.29,18.0,False,completed,2026-08-06T16:00:19.196566,"Hyderabad, IN",iPad Pro (Safari),Vendor payment
TXN_20260806_01189_9dea3a,ACC65809811,ACC40593754,30836.64,13.0,False,completed,2026-08-06T15:59:18.093049,"Ahmedabad, IN",Pixel 9 Pro,Urgent remittance
TXN_20260806_04545_049e62,ACC15373430,ACC1002,33664.43,28.0,False,completed,2026-08-06T15:58:05.151204,"Kolkata, IN",Samsung Galaxy S24 Ultra,Utility bill
TXN_20260806_04847_36ad5f,ACC43907404,ACC39727090,44776.05,26.0,False,completed,2026-08-06T15:42:52.817081,"Pune, IN",iPhone 16 Pro Max,Grocery purchase
TXN_20260806_01494_cfdb0f,ACC16314613,ACC43249524,44918.83,11.0,False,completed,2026-08-06T15:35:48.235403,"Bangalore, IN",Windows 11 (Edge 128),Urgent remittance
TXN_20260806_03486_49e213,ACC91181015,ACC82456100,40799.91,12.0,False,completed,2026-08-06T15:10:28.676803,"Kolkata, IN",Pixel 9 Pro,P2P transfer
TXN_20260806_02907_7613c3,ACC11706152,ACC_RING_A,30868.32,26.0,False,completed,2026-08-06T14:55:51.354959,"Hyderabad, IN",OnePlus 12,Consulting fee
TXN_20260806_00776_6b3ee0,ACC43467724,ACC61076366,5404.51,13.0,False,completed,2026-08-06T14:50:25.691483,"Bangalore, IN",Pixel 9 Pro,Vendor payment
TXN_20260806_01536_4da0d0,ACC43907404,ACC70103438,12510.77,15.0,False,completed,2026-08-06T14:37:23.493204,"Pune, IN",Windows 11 (Edge 128),Software subscription
TXN_20260806_03042_e7c6cf,ACC40593754,ACC1003,30456.3,21.0,False,completed,2026-08-06T14:00:16.708893,"Kolkata, IN",MacBook Pro (Chrome 128),Invoice settlement
TXN_20260806_00320_bad216,ACC57029336,ACC75385116,140746.0,98.0,True,completed,2026-08-06T13:40:35.994028,"Bangalore, IN",Samsung Galaxy S24 Ultra,Grocery purchase
TXN_20260806_01690_3c83e7,ACC1001,ACC15373430,15065.12,23.0,False,completed,2026-08-06T13:22:11.092834,"Mumbai, IN",Pixel 9 Pro,Online payment
TXN_20260806_00798_e8e425,ACC50081547,ACC1001,27642.71,26.0,False,completed,2026-08-06T13:20:04.374805,"Bangalore, IN",Samsung Galaxy S24 Ultra,Online payment
TXN_20260806_04483_4045fb,ACC43249524,ACC65809811,18994.19,5.0,False,completed,2026-08-06T13:08:31.689084,"Pune, IN",Samsung Galaxy S24 Ultra,Grocery purchase
TXN_20260806_03016_65096f,ACC57224534,ACC50081547,15785.79,22.0,False,completed,2026-08-06T13:08:11.897140,"Ahmedabad, IN",Windows 11 (Edge 128),Software subscription
TXN_20260806_04821_638863,ACC16314613,ACC72717142,4998.08,24.0,False,completed,2026-08-06T12:57:25.716520,"Pune, IN",iPad Pro (Safari),Utility bill
TXN_20260806_01214_e7b0b5,ACC11706152,ACC_RING_B,43230.43,17.0,False,completed,2026-08-06T12:54:38.972388,"Kolkata, IN",MacBook Pro (Chrome 128),Invoice settlement
TXN_20260806_01140_3c836e,ACC_RING_A,ACC57224534,25108.95,26.0,False,completed,2026-08-06T12:32:21.938225,"Bangalore, IN",iPad Pro (Safari),Grocery purchase
TXN_20260806_05084_f17bb7,ACC_RING_C,ACC1003,43035.35,14.0,False,completed,2026-08-06T12:31:45.430113,"Delhi, IN",Pixel 9 Pro,Rent transfer
TXN_20260806_00443_e260a9,ACC25189145,ACC39727090,2627.54,13.0,False,completed,2026-08-06T11:21:42.655334,"Bangalore, IN",Pixel 9 Pro,Vendor payment
TXN_20260806_00344_1d27e6,ACC25189145,ACC1002,29249.52,16.0,False,completed,2026-08-06T11:15:47.366687,"Pune, IN",Windows 11 (Edge 128),Utility bill
TXN_20260806_00787_be06f5,ACC57224534,ACC15211290,25066.83,6.0,False,completed,2026-08-06T11:06:25.780111,"Chennai, IN",Pixel 9 Pro,Invoice settlement
TXN_20260806_00214_6eafb3,ACC64246741,ACC1002,5895.8,28.0,False,completed,2026-08-06T10:51:40.337905,"Chennai, IN",Samsung Galaxy S24 Ultra,Urgent remittance
TXN_20260806_00096_f51d17,ACC91181015,ACC57029336,34455.58,16.0,False,completed,2026-08-06T10:45:04.100892,"Ahmedabad, IN",Windows 11 (Edge 128),Rent transfer
TXN_20260806_01845_1a1d7d,ACC92107699,ACC11706152,21885.77,27.0,False,completed,2026-08-06T10:34:46.975171,"Bangalore, IN",Samsung Galaxy S24 Ultra,Utility bill
TXN_20260806_01019_7c0332,ACC39727090,ACC_RING_C,42425.99,5.0,False,completed,2026-08-06T10:33:43.173738,"Bangalore, IN",Pixel 9 Pro,Software subscription
TXN_20260806_02336_957234,ACC20858654,ACC15211290,23316.64,8.0,False,completed,2026-08-06T10:20:13.459331,"Pune, IN",MacBook Pro (Chrome 128),Rent transfer
TXN_20260806_03306_e39b28,ACC40593754,ACC72717142,25982.9,9.0,False,completed,2026-08-06T10:15:25.399898,"Delhi, IN",OnePlus 12,Grocery purchase
TXN_20260806_04184_b8640a,ACC59760987,ACC40593754,6270.87,17.0,False,completed,2026-08-06T09:58:42.438778,"Bangalore, IN",iPhone 16 Pro Max,Grocery purchase
TXN_20260806_05171_a890ce,ACC82456100,ACC65809811,40339.82,22.0,False,completed,2026-08-06T09:56:04.471753,"Mumbai, IN",OnePlus 12,Consulting fee
TXN_20260806_03940_527208,ACC57029336,ACC10897161,32138.31,8.0,False,completed,2026-08-06T09:55:32.966947,"Jaipur, IN",iPad Pro (Safari),Invoice settlement
TXN_20260806_01657_b11a56,ACC57224534,ACC75385116,18833.62,26.0,False,completed,2026-08-06T09:45:29.588601,"Chennai, IN",Pixel 9 Pro,P2P transfer
TXN_20260806_03802_7270a5,ACC25189145,ACC82456100,28658.01,20.0,False,completed,2026-08-06T09:43:30.518250,"Pune, IN",Samsung Galaxy S24 Ultra,P2P transfer
TXN_20260806_00041_cf21d7,ACC16314613,ACC50081547,188537.0,71.0,True,completed,2026-08-06T09:21:30.580699,"Hyderabad, IN",Windows 11 (Edge 128),P2P transfer
TXN_20260806_02264_341215,ACC20858654,ACC64246741,37956.41,24.0,False,completed,2026-08-06T09:13:09.041917,"Bangalore, IN",iPad Pro (Safari),Consulting fee
TXN_20260806_02471_0b82f9,ACC15211290,ACC92107699,35854.49,13.0,False,completed,2026-08-06T09:06:07.047620,"Hyderabad, IN",Pixel 9 Pro,Grocery purchase
TXN_20260806_01877_de462d,ACC57224534,ACC50081547,7313.88,27.0,False,completed,2026-08-06T08:17:20.092629,"Kolkata, IN",Pixel 9 Pro,P2P transfer
TXN_20260806_02074_da60e0,ACC15211290,ACC43467724,24341.7,10.0,False,completed,2026-08-06T08:12:24.076267,"Bangalore, IN",OnePlus 12,Invoice settlement
TXN_20260806_04018_8f4079,ACC_RING_B,ACC43907404,21148.92,28.0,False,completed,2026-08-06T07:57:45.347146,"Pune, IN",iPad Pro (Safari),Utility bill
TXN_20260806_00736_b2a174,ACC43249524,ACC50081547,8450.88,6.0,False,completed,2026-08-06T07:50:26.216992,"Hyderabad, IN",Pixel 9 Pro,Urgent remittance
TXN_20260806_02563_5d7a39,ACC43907404,ACC97828025,38662.98,22.0,False,completed,2026-08-06T07:34:20.003525,"Pune, IN",Samsung Galaxy S24 Ultra,Invoice settlement
TXN_20260806_02597_cf6b74,ACC1001,ACC43467724,44331.16,16.0,False,completed,2026-08-06T07:33:37.171886,"Bangalore, IN",MacBook Pro (Chrome 128),Rent transfer
TXN_20260806_00224_f7a083,ACC40593754,ACC39727090,8593.87,6.0,False,completed,2026-08-06T07:27:10.079426,"Ahmedabad, IN",Windows 11 (Edge 128),Urgent remittance
TXN_20260806_02935_d3fc9c,ACC15373430,ACC50081547,8217.7,12.0,False,completed,2026-08-06T07:20:59.267083,"Pune, IN",iPhone 16 Pro Max,Invoice settlement
TXN_20260806_00877_b7a6ea,ACC57224534,ACC40593754,10257.87,15.0,False,completed,2026-08-06T07:18:28.299490,"Chennai, IN",iPad Pro (Safari),P2P transfer
TXN_20260806_02035_8ca2d4,ACC10897161,ACC1001,34492.4,9.0,False,completed,2026-08-06T07:16:01.739145,"Bangalore, IN",MacBook Pro (Chrome 128),P2P transfer
TXN_20260806_04922_75dddb,ACC20858654,ACC92107699,6372.03,19.0,False,completed,2026-08-06T07:10:06.986580,"Pune, IN",iPhone 16 Pro Max,Software subscription
TXN_20260806_04530_a6835e,ACC40593754,ACC82456100,19226.88,11.0,False,completed,2026-08-06T07:04:19.233156,"Ahmedabad, IN",Pixel 9 Pro,Rent transfer
TXN_20260806_04684_0b6c51,ACC20858654,ACC15211290,33367.46,22.0,False,completed,2026-08-06T06:58:06.185404,"Bangalore, IN",Windows 11 (Edge 128),Consulting fee
TXN_20260806_04546_051f85,ACC16314613,ACC75311120,31087.32,14.0,False,completed,2026-08-06T06:55:44.155275,"Delhi, IN",MacBook Pro (Chrome 128),Urgent remittance
TXN_20260806_03900_89cae4,ACC59760987,ACC11706152,18772.66,27.0,False,completed,2026-08-06T06:28:24.332971,"Ahmedabad, IN",iPhone 16 Pro Max,Rent transfer
TXN_20260806_03325_d2316e,ACC20858654,ACC75311120,44773.31,24.0,False,completed,2026-08-06T06:07:01.076235,"Delhi, IN",MacBook Pro (Chrome 128),Vendor payment
TXN_20260806_03693_131f58,ACC74473089,ACC43467724,9497.97,15.0,False,completed,2026-08-06T06:03:14.068283,"Hyderabad, IN",MacBook Pro (Chrome 128),P2P transfer
TXN_20260806_03977_ef1d8d,ACC11706152,ACC1003,44474.46,25.0,False,completed,2026-08-06T05:57:33.663251,"Kolkata, IN",iPhone 16 Pro Max,Online payment
TXN_20260806_01846_db86aa,ACC39727090,ACC57224534,13001.37,16.0,False,completed,2026-08-06T05:57:32.961865,"Hyderabad, IN",Samsung Galaxy S24 Ultra,Software subscription
TXN_20260806_00693_5c6855,ACC1001,ACC43249524,36054.64,10.0,False,completed,2026-08-06T05:53:07.167567,"Kolkata, IN",Pixel 9 Pro,P2P transfer
TXN_20260806_04849_3b23ce,ACC64246741,ACC36297523,21246.22,24.0,False,completed,2026-08-06T05:21:27.825257,"Mumbai, IN",Pixel 9 Pro,Utility bill
TXN_20260806_00287_516b5f,ACC82456100,ACC40593754,43132.26,5.0,False,completed,2026-08-06T05:05:23.836179,"Bangalore, IN",OnePlus 12,Consulting fee
TXN_20260806_03168_bce6f9,ACC1003,ACC_RING_A,38926.83,15.0,False,completed,2026-08-06T05:01:41.272341,"Bangalore, IN",OnePlus 12,Vendor payment
TXN_20260806_01990_25513d,ACC15373430,ACC43467724,42776.02,19.0,False,completed,2026-08-06T04:47:50.204067,"Jaipur, IN",Windows 11 (Edge 128),Utility bill
TXN_20260806_04664_1fe272,ACC43249524,ACC82456100,35456.8,8.0,False,completed,2026-08-06T04:47:29.464005,"Jaipur, IN",iPad Pro (Safari),Grocery purchase
TXN_20260806_03785_7e3a2a,ACC72717142,ACC1004,43220.23,19.0,False,completed,2026-08-06T04:42:30.806842,"Jaipur, IN",Pixel 9 Pro,Invoice settlement
TXN_20260806_05174_e0f5fa,ACC59760987,ACC82456100,3895.87,8.0,False,completed,2026-08-06T04:36:14.151727,"Ahmedabad, IN",Windows 11 (Edge 128),Rent transfer
TXN_20260806_01622_2213bf,ACC65809811,ACC10897161,17475.3,5.0,False,completed,2026-08-06T04:17:12.344769,"Delhi, IN",Samsung Galaxy S24 Ultra,Urgent remittance
TXN_20260806_04830_8f9b0d,ACC57029336,ACC11706152,14350.98,17.0,False,completed,2026-08-06T03:43:19.342872,"Mumbai, IN",iPhone 16 Pro Max,Rent transfer
TXN_20260806_00424_e2a081,ACC43467724,ACC61076366,35623.83,26.0,False,completed,2026-08-06T03:41:34.133505,"Bangalore, IN",iPad Pro (Safari),Rent transfer
TXN_20260806_01909_c6a366,ACC_RING_C,ACC91181015,27072.44,23.0,False,completed,2026-08-06T03:28:13.631794,"Jaipur, IN",MacBook Pro (Chrome 128),P2P transfer
TXN_20260806_04924_ba78d0,ACC92107699,ACC82456100,7104.77,19.0,False,completed,2026-08-06T03:20:59.688018,"Jaipur, IN",Pixel 9 Pro,Invoice settlement
TXN_20260806_05053_d3a37c,ACC97828025,ACC43249524,40870.47,14.0,False,completed,2026-08-06T03:11:54.462205,"Delhi, IN",iPad Pro (Safari),Urgent remittance
TXN_20260806_04325_930fd1,ACC91181015,ACC97828025,22377.87,24.0,False,completed,2026-08-06T02:54:46.880709,"Ahmedabad, IN",MacBook Pro (Chrome 128),Utility bill
TXN_20260806_03293_d18603,ACC65809811,ACC50081547,19507.11,17.0,False,completed,2026-08-06T02:01:00.193467,"Jaipur, IN",Samsung Galaxy S24 Ultra,Urgent remittance
TXN_20260806_03220_e536b0,ACC43907404,ACC64246741,24526.87,9.0,False,completed,2026-08-06T01:59:37.126176,"Mumbai, IN",OnePlus 12,Vendor payment
TXN_20260806_02244_4bfc99,ACC82456100,ACC1003,10582.42,15.0,False,completed,2026-08-06T01:59:36.834666,"Jaipur, IN",Windows 11 (Edge 128),Invoice settlement
TXN_20260806_01742_facfae,ACC1004,ACC97828025,20284.78,18.0,False,completed,2026-08-06T01:39:28.419548,"Delhi, IN",Windows 11 (Edge 128),Consulting fee
TXN_20260806_00671_a58681,ACC86445636,ACC_RING_A,31270.66,7.0,False,completed,2026-08-06T01:22:28.301991,"Mumbai, IN",iPhone 16 Pro Max,Software subscription
TXN_20260806_00643_1c8927,ACC15373430,ACC91181015,11049.5,13.0,False,completed,2026-08-06T01:13:39.231522,"Mumbai, IN",MacBook Pro (Chrome 128),Consulting fee
TXN_20260806_04901_f376f1,ACC66777666,ACC20858654,36459.62,11.0,False,completed,2026-08-06T01:05:50.058069,"Bangalore, IN",iPhone 16 Pro Max,Vendor payment
TXN_20260806_03766_0fa0ac,ACC43907404,ACC15373430,41048.63,18.0,False,completed,2026-08-06T00:59:51.796157,"Kolkata, IN",Samsung Galaxy S24 Ultra,Utility bill
TXN_20260806_03858_636d5f,ACC86445636,ACC61076366,5895.08,22.0,False,completed,2026-08-06T00:38:03.529331,"Kolkata, IN",Samsung Galaxy S24 Ultra,Online payment
TXN_20260806_00572_46a194,ACC1001,ACC91181015,5855.61,8.0,False,completed,2026-08-06T00:30:38.613346,"Pune, IN",iPad Pro (Safari),Consulting fee
TXN_20260806_01442_7ebcf7,ACC1002,ACC65809811,8357.42,24.0,False,completed,2026-08-06T00:14:04.187736,"Kolkata, IN",MacBook Pro (Chrome 128),Rent transfer
TXN_20260805_02365_a8e30b,ACC40593754,ACC61076366,22783.97,20.0,False,completed,2026-08-05T23:25:03.927582,"Jaipur, IN",Samsung Galaxy S24 Ultra,Invoice settlement
TXN_20260805_03446_8a9f97,ACC11706152,ACC57029336,28402.64,18.0,False,completed,2026-08-05T23:24:40.487436,"Delhi, IN",iPad Pro (Safari),Online payment
TXN_20260805_01664_1381a3,ACC75311120,ACC64246741,29927.26,14.0,False,completed,2026-08-05T23:24:30.512194,"Mumbai, IN",MacBook Pro (Chrome 128),Consulting fee
TXN_20260805_04928_6ab392,ACC11706152,ACC1002,41527.58,21.0,False,completed,2026-08-05T23:17:57.019077,"Bangalore, IN",iPad Pro (Safari),Invoice settlement
TXN_20260805_03328_083ea1,ACC11706152,ACC1003,19302.68,21.0,False,completed,2026-08-05T23:07:22.398837,"Kolkata, IN",iPad Pro (Safari),Consulting fee
TXN_20260805_00684_288447,ACC36297523,ACC43249524,30814.97,8.0,False,completed,2026-08-05T23:02:48.990307,"Kolkata, IN",iPad Pro (Safari),P2P transfer
TXN_20260805_01693_f3e785,ACC16314613,ACC10897161,28979.18,16.0,False,completed,2026-08-05T22:49:07.739695,"Chennai, IN",OnePlus 12,P2P transfer
TXN_20260805_00957_7ec667,ACC15211290,ACC36297523,22282.91,26.0,False,completed,2026-08-05T22:47:47.743566,"Kolkata, IN",OnePlus 12,P2P transfer
TXN_20260805_00960_346624,ACC75311120,ACC40593754,132420.0,87.0,True,completed,2026-08-05T22:44:54.778968,"Ahmedabad, IN",Pixel 9 Pro,P2P transfer
TXN_20260805_00647_0cb5c0,ACC15211290,ACC86445636,10464.52,27.0,False,completed,2026-08-05T22:37:55.089291,"Mumbai, IN",OnePlus 12,Utility bill
TXN_20260805_00530_ed19fe,ACC57224534,ACC70103438,9144.62,23.0,False,completed,2026-08-05T22:21:39.858855,"Jaipur, IN",OnePlus 12,Vendor payment
TXN_20260805_00469_b1a698,ACC43467724,ACC_RING_C,21039.14,17.0,False,completed,2026-08-05T22:19:46.464946,"Hyderabad, IN",iPhone 16 Pro Max,Urgent remittance
TXN_20260805_02634_f814f4,ACC74473089,ACC92107699,40850.09,19.0,False,completed,2026-08-05T22:10:56.334526,"Bangalore, IN",iPad Pro (Safari),Online payment
TXN_20260805_01452_c66e50,ACC1002,ACC36297523,13925.17,18.0,False,completed,2026-08-05T22:01:10.617856,"Delhi, IN",iPhone 16 Pro Max,P2P transfer
TXN_20260805_03534_821289,ACC97828025,ACC75385116,14402.09,23.0,False,completed,2026-08-05T22:00:23.722342,"Mumbai, IN",Windows 11 (Edge 128),Software subscription
TXN_20260805_04039_cf5095,ACC65809811,ACC40593754,33987.55,19.0,False,completed,2026-08-05T21:47:43.144640,"Ahmedabad, IN",iPhone 16 Pro Max,Online payment
TXN_20260805_01060_c7edae,ACC16314613,ACC1004,29610.95,22.0,False,completed,2026-08-05T21:47:06.429429,"Hyderabad, IN",Pixel 9 Pro,Consulting fee
TXN_20260805_02388_b32861,ACC86445636,ACC15211290,16130.25,8.0,False,completed,2026-08-05T21:43:38.727333,"Chennai, IN",Samsung Galaxy S24 Ultra,Consulting fee
TXN_20260805_00702_dc466b,ACC39727090,ACC86445636,1770.16,18.0,False,completed,2026-08-05T21:42:46.964271,"Jaipur, IN",Pixel 9 Pro,Rent transfer
TXN_20260805_01964_ede0ad,ACC91181015,ACC64246741,22809.74,10.0,False,completed,2026-08-05T21:39:53.616406,"Ahmedabad, IN",iPad Pro (Safari),Rent transfer
TXN_20260805_03122_b8ef2b,ACC57029336,ACC82456100,1880.42,23.0,False,completed,2026-08-05T21:31:36.890200,"Chennai, IN",iPhone 16 Pro Max,Urgent remittance
TXN_20260805_04983_461d0a,ACC57224534,ACC20858654,24156.59,26.0,False,completed,2026-08-05T21:31:36.600721,"Pune, IN",Samsung Galaxy S24 Ultra,Software subscription
TXN_20260805_03027_cace37,ACC50081547,ACC75311120,5093.76,26.0,False,completed,2026-08-05T21:29:48.795974,"Jaipur, IN",Pixel 9 Pro,Grocery purchase
TXN_20260805_03415_108c20,ACC40593754,ACC66777666,36050.48,18.0,False,completed,2026-08-05T21:09:46.313012,"Bangalore, IN",Windows 11 (Edge 128),Consulting fee
TXN_20260805_01854_26c5fd,ACC1003,ACC50081547,3533.69,22.0,False,completed,2026-08-05T21:06:55.382604,"Pune, IN",Pixel 9 Pro,Urgent remittance
TXN_20260805_00122_bd0143,ACC16314613,ACC_RING_B,1069.38,9.0,False,completed,2026-08-05T21:01:26.121113,"Pune, IN",MacBook Pro (Chrome 128),Utility bill
TXN_20260805_04371_21ce8b,ACC64246741,ACC43907404,8632.01,28.0,False,completed,2026-08-05T21:00:33.844197,"Hyderabad, IN",OnePlus 12,Invoice settlement
TXN_20260805_02008_6d8f46,ACC25189145,ACC10897161,15271.17,19.0,False,completed,2026-08-05T20:59:34.972703,"Ahmedabad, IN",OnePlus 12,Software subscription
TXN_20260805_01437_d9f18d,ACC61076366,ACC75385116,1052.64,22.0,False,completed,2026-08-05T20:58:30.411833,"Ahmedabad, IN",MacBook Pro (Chrome 128),P2P transfer
TXN_20260805_04833_0a6dcd,ACC74473089,ACC57029336,5117.83,5.0,False,completed,2026-08-05T20:40:44.496138,"Delhi, IN",iPad Pro (Safari),Grocery purchase
TXN_20260805_04289_5e811a,ACC40593754,ACC_RING_C,34628.33,26.0,False,completed,2026-08-05T20:38:24.426810,"Kolkata, IN",MacBook Pro (Chrome 128),Software subscription
TXN_20260805_04769_bd36fd,ACC91181015,ACC_RING_B,4225.87,17.0,False,completed,2026-08-05T20:35:40.936711,"Delhi, IN",MacBook Pro (Chrome 128),Grocery purchase
TXN_20260805_02322_afc3bc,ACC_RING_C,ACC75385116,3496.42,28.0,False,completed,2026-08-05T20:28:06.135958,"Chennai, IN",Windows 11 (Edge 128),P2P transfer
TXN_20260805_04553_ae955b,ACC1004,ACC15373430,44092.6,5.0,False,completed,2026-08-05T20:02:42.345359,"Kolkata, IN",OnePlus 12,Grocery purchase
TXN_20260805_01924_c6ffd7,ACC75311120,ACC74473089,22241.67,25.0,False,completed,2026-08-05T20:02:03.747831,"Delhi, IN",Pixel 9 Pro,P2P transfer
TXN_20260805_03050_dc3e06,ACC57224534,ACC_RING_A,42520.82,19.0,False,completed,2026-08-05T20:00:13.895294,"Mumbai, IN",Pixel 9 Pro,Vendor payment
TXN_20260805_02822_cbf30e,ACC39727090,ACC_RING_C,19767.3,25.0,False,completed,2026-08-05T19:53:44.841245,"Ahmedabad, IN",Pixel 9 Pro,Consulting fee
TXN_20260805_00027_b6f4d8,ACC59760987,ACC_RING_C,237072.0,78.0,True,completed,2026-08-05T19:49:07.964621,"Mumbai, IN",iPad Pro (Safari),Online payment
TXN_20260805_00894_5ecc3b,ACC75385116,ACC70103438,4947.14,13.0,False,completed,2026-08-05T19:46:39.738909,"Kolkata, IN",Windows 11 (Edge 128),Urgent remittance
TXN_20260805_03747_d488af,ACC72717142,ACC_RING_C,42029.75,24.0,False,completed,2026-08-05T19:46:19.638814,"Chennai, IN",OnePlus 12,Urgent remittance
TXN_20260805_01720_5896f6,ACC_RING_A,ACC10897161,188118.0,95.0,True,completed,2026-08-05T19:44:32.191358,"Ahmedabad, IN",OnePlus 12,Software subscription
TXN_20260805_00961_eaa2b0,ACC43249524,ACC10897161,5740.09,5.0,False,completed,2026-08-05T19:38:01.185809,"Chennai, IN",Samsung Galaxy S24 Ultra,Grocery purchase
TXN_20260805_00583_62cea9,ACC11706152,ACC10897161,19574.87,18.0,False,completed,2026-08-05T19:36:17.707776,"Kolkata, IN",iPad Pro (Safari),Grocery purchase
TXN_20260805_03772_1f4155,ACC82456100,ACC15373430,20980.48,14.0,False,completed,2026-08-05T19:33:10.084474,"Mumbai, IN",iPad Pro (Safari),Grocery purchase
TXN_20260805_04487_5cfd51,ACC20858654,ACC75311120,28688.67,5.0,False,completed,2026-08-05T19:14:19.053929,"Ahmedabad, IN",iPad Pro (Safari),Urgent remittance
TXN_20260805_04905_280728,ACC20858654,ACC91181015,15413.0,18.0,False,completed,2026-08-05T18:53:30.951923,"Delhi, IN",Pixel 9 Pro,Grocery purchase
TXN_20260805_03124_fe8caa,ACC15373430,ACC43249524,5524.0,14.0,False,completed,2026-08-05T18:36:52.953418,"Pune, IN",MacBook Pro (Chrome 128),Consulting fee
TXN_20260805_04869_d1b058,ACC_RING_B,ACC1004,11580.29,13.0,False,completed,2026-08-05T18:35:32.677162,"Delhi, IN",iPad Pro (Safari),Vendor payment
TXN_20260805_00959_847e6f,ACC15211290,ACC11706152,36041.24,7.0,False,completed,2026-08-05T18:33:04.385530,"Delhi, IN",Pixel 9 Pro,Rent transfer
TXN_20260805_03828_0d99b2,ACC75385116,ACC43249524,35850.05,16.0,False,completed,2026-08-05T18:29:11.710956,"Ahmedabad, IN",Windows 11 (Edge 128),Consulting fee
TXN_20260805_04443_712461,ACC43467724,ACC1003,12109.66,24.0,False,completed,2026-08-05T18:19:48.971835,"Bangalore, IN",Windows 11 (Edge 128),Software subscription
TXN_20260805_03111_fc9efc,ACC97828025,ACC50081547,19669.48,5.0,False,completed,2026-08-05T18:18:40.742043,"Pune, IN",OnePlus 12,Grocery purchase
TXN_20260805_04158_df9e89,ACC97828025,ACC40593754,7618.4,13.0,False,completed,2026-08-05T18:15:19.257746,"Pune, IN",iPhone 16 Pro Max,Invoice settlement
TXN_20260805_00686_6f059f,ACC_RING_B,ACC_RING_C,23151.8,18.0,False,completed,2026-08-05T17:29:56.344240,"Chennai, IN",iPhone 16 Pro Max,Software subscription
TXN_20260805_03605_5e4fa7,ACC50081547,ACC86445636,24483.04,16.0,False,completed,2026-08-05T17:05:28.633953,"Bangalore, IN",iPad Pro (Safari),Invoice settlement
TXN_20260805_03453_ad90d9,ACC64246741,ACC15373430,19032.98,6.0,False,completed,2026-08-05T17:03:58.877092,"Mumbai, IN",OnePlus 12,Invoice settlement
TXN_20260805_03103_3339bb,ACC43467724,ACC1002,17656.52,7.0,False,completed,2026-08-05T16:59:00.903493,"Chennai, IN",iPhone 16 Pro Max,Urgent remittance
TXN_20260805_04682_b63f51,ACC36297523,ACC66777666,19515.1,24.0,False,completed,2026-08-05T16:37:19.606589,"Jaipur, IN",OnePlus 12,Urgent remittance
TXN_20260805_01533_4f0a5a,ACC92107699,ACC1001,5744.21,25.0,False,completed,2026-08-05T16:25:55.254004,"Jaipur, IN",Windows 11 (Edge 128),Vendor payment
TXN_20260805_02050_ef26ff,ACC70103438,ACC64246741,15133.27,5.0,False,completed,2026-08-05T16:23:08.676528,"Delhi, IN",Windows 11 (Edge 128),Vendor payment
TXN_20260805_00766_832237,ACC36297523,ACC75311120,41461.2,26.0,False,completed,2026-08-05T16:21:01.662505,"Mumbai, IN",iPad Pro (Safari),Online payment
TXN_20260805_00927_24d712,ACC_RING_B,ACC64246741,24998.75,7.0,False,completed,2026-08-05T16:06:33.776438,"Jaipur, IN",OnePlus 12,Urgent remittance
TXN_20260805_04024_33e461,ACC25189145,ACC57029336,12061.03,6.0,False,completed,2026-08-05T16:00:04.718430,"Ahmedabad, IN",iPhone 16 Pro Max,Software subscription
TXN_20260805_00607_17094d,ACC10897161,ACC92107699,33740.58,5.0,False,completed,2026-08-05T15:57:07.155604,"Hyderabad, IN",Pixel 9 Pro,Utility bill
TXN_20260805_02823_8f87f4,ACC_RING_A,ACC20858654,20664.48,12.0,False,completed,2026-08-05T15:51:23.569954,"Chennai, IN",Pixel 9 Pro,Utility bill
TXN_20260805_04967_abc40b,ACC1001,ACC25189145,30559.26,28.0,False,completed,2026-08-05T15:46:03.308252,"Ahmedabad, IN",Samsung Galaxy S24 Ultra,Invoice settlement
TXN_20260805_02702_23252c,ACC_RING_A,ACC74473089,30272.92,18.0,False,completed,2026-08-05T15:43:14.477511,"Mumbai, IN",MacBook Pro (Chrome 128),Invoice settlement
TXN_20260805_03695_612101,ACC86445636,ACC36297523,12750.41,5.0,False,completed,2026-08-05T15:37:39.707264,"Bangalore, IN",Pixel 9 Pro,Rent transfer
TXN_20260805_01770_273c9e,ACC10897161,ACC57029336,21682.59,8.0,False,completed,2026-08-05T15:33:07.742754,"Kolkata, IN",Samsung Galaxy S24 Ultra,Rent transfer
TXN_20260805_02411_2ef7c4,ACC15373430,ACC_RING_C,38555.35,11.0,False,completed,2026-08-05T14:54:13.081719,"Bangalore, IN",iPhone 16 Pro Max,Rent transfer
TXN_20260805_04016_b292f0,ACC82456100,ACC11706152,28963.66,25.0,False,completed,2026-08-05T13:38:03.189311,"Delhi, IN",iPad Pro (Safari),Software subscription
TXN_20260805_00474_647e8b,ACC74473089,ACC75385116,35416.51,28.0,False,completed,2026-08-05T13:21:28.525285,"Kolkata, IN",OnePlus 12,Urgent remittance
TXN_20260805_00366_9ee573,ACC11706152,ACC91181015,34262.95,15.0,False,completed,2026-08-05T13:17:01.416695,"Mumbai, IN",Pixel 9 Pro,Vendor payment
TXN_20260805_04785_e7fdf5,ACC57224534,ACC_RING_B,32040.45,25.0,False,completed,2026-08-05T13:13:03.579667,"Kolkata, IN",iPhone 16 Pro Max,Invoice settlement
TXN_20260805_00977_1a27b5,ACC50081547,ACC70103438,35419.56,6.0,False,completed,2026-08-05T13:11:28.921588,"Delhi, IN",Samsung Galaxy S24 Ultra,P2P transfer
TXN_20260805_03411_a2cfd0,ACC66777666,ACC36297523,11497.51,9.0,False,completed,2026-08-05T12:57:59.517475,"Hyderabad, IN",OnePlus 12,Utility bill
TXN_20260805_02191_639656,ACC15373430,ACC43249524,10516.99,26.0,False,completed,2026-08-05T12:50:45.475414,"Hyderabad, IN",Pixel 9 Pro,Online payment
TXN_20260805_04033_ce50c6,ACC20858654,ACC82456100,28822.49,14.0,False,completed,2026-08-05T12:39:31.681484,"Pune, IN",iPhone 16 Pro Max,Online payment
TXN_20260805_00315_33480f,ACC61076366,ACC65809811,40050.91,5.0,False,completed,2026-08-05T12:30:06.845354,"Pune, IN",OnePlus 12,Rent transfer
TXN_20260805_01678_7b665b,ACC57224534,ACC75311120,21759.82,16.0,False,completed,2026-08-05T12:22:46.463533,"Jaipur, IN",Pixel 9 Pro,Invoice settlement
TXN_20260805_03414_95dd40,ACC92107699,ACC70103438,44903.53,20.0,False,completed,2026-08-05T12:05:17.202384,"Kolkata, IN",iPad Pro (Safari),P2P transfer
TXN_20260805_00327_af592c,ACC40593754,ACC25189145,12894.75,11.0,False,completed,2026-08-05T11:52:32.247315,"Bangalore, IN",Pixel 9 Pro,Rent transfer
TXN_20260805_04619_05e55a,ACC75311120,ACC74473089,40858.76,20.0,False,completed,2026-08-05T11:50:13.250567,"Hyderabad, IN",MacBook Pro (Chrome 128),Online payment
TXN_20260805_03356_efdcef,ACC_RING_C,ACC25189145,11885.26,17.0,False,completed,2026-08-05T11:46:00.032630,"Delhi, IN",OnePlus 12,Utility bill
TXN_20260805_00323_dde0df,ACC91181015,ACC15211290,28838.91,13.0,False,completed,2026-08-05T11:43:41.981168,"Chennai, IN",iPhone 16 Pro Max,Invoice settlement
TXN_20260805_02757_218b1d,ACC66777666,ACC20858654,3383.26,17.0,False,completed,2026-08-05T11:04:12.694100,"Jaipur, IN",iPad Pro (Safari),Invoice settlement
TXN_20260805_04484_42461b,ACC75385116,ACC74473089,35542.22,27.0,False,completed,2026-08-05T11:02:52.658944,"Hyderabad, IN",Pixel 9 Pro,Rent transfer
TXN_20260805_00311_f51ec5,ACC25189145,ACC11706152,1448.62,23.0,False,completed,2026-08-05T10:55:19.945557,"Hyderabad, IN",Windows 11 (Edge 128),Utility bill
TXN_20260805_02283_73136d,ACC91181015,ACC65809811,3675.74,12.0,False,completed,2026-08-05T10:48:36.786889,"Bangalore, IN",Samsung Galaxy S24 Ultra,Invoice settlement
TXN_20260805_02838_de93fb,ACC_RING_B,ACC40593754,2772.93,25.0,False,completed,2026-08-05T10:41:53.828799,"Delhi, IN",iPad Pro (Safari),Online payment
TXN_20260805_03222_776394,ACC36297523,ACC11706152,18577.84,7.0,False,completed,2026-08-05T10:03:46.762723,"Hyderabad, IN",iPhone 16 Pro Max,Grocery purchase
TXN_20260805_02143_3f0dca,ACC74473089,ACC43249524,41440.63,17.0,False,completed,2026-08-05T09:57:45.228959,"Delhi, IN",iPhone 16 Pro Max,Utility bill
TXN_20260805_04319_114e3e,ACC92107699,ACC15373430,4241.36,15.0,False,completed,2026-08-05T09:55:32.475469,"Delhi, IN",Samsung Galaxy S24 Ultra,Rent transfer
TXN_20260805_05020_4381ed,ACC57029336,ACC91181015,12736.69,12.0,False,completed,2026-08-05T09:46:31.052690,"Bangalore, IN",Samsung Galaxy S24 Ultra,Online payment
TXN_20260805_02168_936f04,ACC92107699,ACC61076366,43359.92,5.0,False,completed,2026-08-05T09:42:50.405960,"Hyderabad, IN",iPhone 16 Pro Max,Software subscription
TXN_20260805_03338_c32f84,ACC57224534,ACC39727090,44178.48,28.0,False,completed,2026-08-05T09:37:30.487765,"Jaipur, IN",Pixel 9 Pro,Online payment
TXN_20260805_05056_e8bf51,ACC74473089,ACC1002,38619.9,18.0,False,completed,2026-08-05T09:28:53.416370,"Mumbai, IN",Windows 11 (Edge 128),Utility bill
TXN_20260805_00552_3fd975,ACC20858654,ACC57029336,11143.3,7.0,False,completed,2026-08-05T09:24:22.508447,"Jaipur, IN",iPad Pro (Safari),Grocery purchase
TXN_20260805_01980_27af10,ACC_RING_B,ACC66777666,10826.75,20.0,False,completed,2026-08-05T09:18:12.079272,"Mumbai, IN",Windows 11 (Edge 128),Grocery purchase
TXN_20260805_04020_07f171,ACC43907404,ACC11706152,39893.42,19.0,False,completed,2026-08-05T09:15:08.317401,"Delhi, IN",MacBook Pro (Chrome 128),Rent transfer
TXN_20260805_00967_d433fb,ACC11706152,ACC15373430,5897.64,22.0,False,completed,2026-08-05T09:06:03.552407,"Chennai, IN",iPad Pro (Safari),Consulting fee
TXN_20260805_03388_f04b6f,ACC82456100,ACC40593754,22588.56,10.0,False,completed,2026-08-05T08:55:52.125499,"Jaipur, IN",iPhone 16 Pro Max,Online payment
TXN_20260805_04141_366093,ACC61076366,ACC65809811,20678.17,12.0,False,completed,2026-08-05T08:55:07.884825,"Jaipur, IN",Samsung Galaxy S24 Ultra,P2P transfer
TXN_20260805_04831_5f3a8b,ACC82456100,ACC75385116,11103.07,22.0,False,completed,2026-08-05T08:49:07.348032,"Kolkata, IN",Windows 11 (Edge 128),Online payment
TXN_20260805_04336_2407df,ACC1003,ACC25189145,28904.47,14.0,False,completed,2026-08-05T08:25:48.498004,"Chennai, IN",iPhone 16 Pro Max,Software subscription
TXN_20260805_01847_2b9d6d,ACC70103438,ACC61076366,22096.01,9.0,False,completed,2026-08-05T08:23:40.033290,"Bangalore, IN",Pixel 9 Pro,Grocery purchase
TXN_20260805_05181_8819ff,ACC15211290,ACC20858654,24036.63,17.0,False,completed,2026-08-05T08:04:26.515816,"Hyderabad, IN",Windows 11 (Edge 128),Vendor payment
TXN_20260805_02158_d8c807,ACC66777666,ACC74473089,475.41,26.0,False,completed,2026-08-05T07:57:13.114524,"Pune, IN",OnePlus 12,Utility bill
TXN_20260805_04900_650800,ACC20858654,ACC1001,20891.64,5.0,False,completed,2026-08-05T07:44:16.707548,"Jaipur, IN",iPhone 16 Pro Max,Consulting fee
TXN_20260805_04050_4aa2c9,ACC40593754,ACC66777666,44895.06,22.0,False,completed,2026-08-05T07:43:54.733753,"Pune, IN",MacBook Pro (Chrome 128),Invoice settlement
TXN_20260805_02573_d475d7,ACC11706152,ACC15373430,12654.15,6.0,False,completed,2026-08-05T07:39:32.106685,"Ahmedabad, IN",MacBook Pro (Chrome 128),P2P transfer
TXN_20260805_04730_dbc5da,ACC1001,ACC1003,6690.05,21.0,False,completed,2026-08-05T07:38:53.189756,"Mumbai, IN",iPad Pro (Safari),Online payment
TXN_20260805_04863_e8b1d3,ACC82456100,ACC57029336,17829.85,21.0,False,completed,2026-08-05T07:29:24.420847,"Jaipur, IN",MacBook Pro (Chrome 128),Online payment
TXN_20260805_04275_a76197,ACC11706152,ACC39727090,24433.1,14.0,False,completed,2026-08-05T07:27:58.228830,"Hyderabad, IN",iPad Pro (Safari),Rent transfer
TXN_20260805_00464_6846f2,ACC57029336,ACC91181015,37939.45,6.0,False,completed,2026-08-05T07:21:20.903214,"Jaipur, IN",iPhone 16 Pro Max,Grocery purchase
TXN_20260805_01014_44fd1b,ACC66777666,ACC92107699,13761.3,18.0,False,completed,2026-08-05T07:21:06.152176,"Chennai, IN",Samsung Galaxy S24 Ultra,Rent transfer
TXN_20260805_04931_e764a5,ACC57029336,ACC1003,39462.72,10.0,False,completed,2026-08-05T07:20:52.068708,"Pune, IN",Samsung Galaxy S24 Ultra,Utility bill
TXN_20260805_02436_25ca0b,ACC97828025,ACC75311120,23906.64,19.0,False,completed,2026-08-05T07:16:35.758980,"Bangalore, IN",Samsung Galaxy S24 Ultra,Invoice settlement
TXN_20260805_01892_1adbe3,ACC75311120,ACC70103438,19235.24,20.0,False,completed,2026-08-05T07:10:58.878653,"Jaipur, IN",Samsung Galaxy S24 Ultra,Utility bill
TXN_20260805_04307_f8fd13,ACC43467724,ACC_RING_A,44049.98,10.0,False,completed,2026-08-05T07:08:02.647172,"Jaipur, IN",iPad Pro (Safari),Vendor payment
TXN_20260805_01875_46e352,ACC75385116,ACC82456100,43248.47,22.0,False,completed,2026-08-05T06:55:03.541761,"Hyderabad, IN",Samsung Galaxy S24 Ultra,P2P transfer
TXN_20260805_02243_7b3fc1,ACC50081547,ACC40593754,36991.22,22.0,False,completed,2026-08-05T06:41:49.263652,"Delhi, IN",MacBook Pro (Chrome 128),Rent transfer
TXN_20260805_03068_15de6f,ACC75311120,ACC75385116,20714.54,14.0,False,completed,2026-08-05T06:38:39.237404,"Delhi, IN",OnePlus 12,Urgent remittance
TXN_20260805_03579_3e24f0,ACC50081547,ACC25189145,7427.21,5.0,False,completed,2026-08-05T06:35:23.562341,"Ahmedabad, IN",iPhone 16 Pro Max,Rent transfer
TXN_20260805_01868_5d5bae,ACC97828025,ACC39727090,24127.78,22.0,False,completed,2026-08-05T06:31:36.586234,"Bangalore, IN",Pixel 9 Pro,Online payment
TXN_20260805_03400_d54f96,ACC16314613,ACC59760987,142109.0,87.0,True,completed,2026-08-05T06:27:17.178537,"Delhi, IN",iPhone 16 Pro Max,P2P transfer
TXN_20260805_03201_b9b7b9,ACC_RING_A,ACC75311120,18688.12,16.0,False,completed,2026-08-05T06:24:16.239794,"Mumbai, IN",iPhone 16 Pro Max,Utility bill
TXN_20260805_04844_2a667f,ACC15373430,ACC43907404,2920.41,19.0,False,completed,2026-08-05T05:55:10.386055,"Chennai, IN",iPad Pro (Safari),Rent transfer
TXN_20260805_01200_e97277,ACC91181015,ACC59760987,89613.0,97.0,True,completed,2026-08-05T05:51:48.776812,"Chennai, IN",iPad Pro (Safari),P2P transfer
TXN_20260805_01047_1d1694,ACC20858654,ACC11706152,43712.65,25.0,False,completed,2026-08-05T05:21:34.430340,"Delhi, IN",iPad Pro (Safari),Rent transfer
TXN_20260805_02091_2b8e84,ACC86445636,ACC_RING_A,18876.43,6.0,False,completed,2026-08-05T05:08:15.331314,"Pune, IN",iPhone 16 Pro Max,P2P transfer
TXN_20260805_04090_08a2cf,ACC1004,ACC57224534,34930.97,8.0,False,completed,2026-08-05T05:04:13.097174,"Jaipur, IN",Samsung Galaxy S24 Ultra,Invoice settlement
TXN_20260805_05100_448384,ACC39727090,ACC10897161,2184.96,23.0,False,completed,2026-08-05T05:03:53.565800,"Jaipur, IN",Samsung Galaxy S24 Ultra,P2P transfer
TXN_20260805_01240_d6a09a,ACC57029336,ACC82456100,161438.0,71.0,True,completed,2026-08-05T05:03:35.240168,"Delhi, IN",Pixel 9 Pro,Grocery purchase
TXN_20260805_02480_a85fd4,ACC75311120,ACC15211290,227178.0,89.0,True,completed,2026-08-05T04:59:36.162423,"Delhi, IN",iPad Pro (Safari),P2P transfer
TXN_20260805_00432_f82fd5,ACC57224534,ACC11706152,1144.55,5.0,False,completed,2026-08-05T04:21:53.908843,"Bangalore, IN",Windows 11 (Edge 128),Online payment
TXN_20260805_01251_69a8ff,ACC86445636,ACC15211290,14338.3,5.0,False,completed,2026-08-05T04:13:46.889370,"Delhi, IN",Samsung Galaxy S24 Ultra,Consulting fee
TXN_20260805_04208_236c6d,ACC11706152,ACC_RING_A,21131.14,13.0,False,completed,2026-08-05T03:59:11.113886,"Ahmedabad, IN",OnePlus 12,Urgent remittance
TXN_20260805_00804_1cd6be,ACC75385116,ACC57224534,19327.47,6.0,False,completed,2026-08-05T03:55:56.695424,"Hyderabad, IN",Pixel 9 Pro,Vendor payment
TXN_20260805_02558_ba0c88,ACC15373430,ACC82456100,28898.18,18.0,False,completed,2026-08-05T03:34:27.677874,"Bangalore, IN",Pixel 9 Pro,Urgent remittance
TXN_20260805_01582_a0d52f,ACC92107699,ACC59760987,3815.82,12.0,False,completed,2026-08-05T03:13:59.380249,"Jaipur, IN",MacBook Pro (Chrome 128),Grocery purchase
TXN_20260805_00478_1911cc,ACC39727090,ACC50081547,22414.18,18.0,False,completed,2026-08-05T02:50:36.606666,"Bangalore, IN",iPad Pro (Safari),Rent transfer
TXN_20260805_01410_713e6d,ACC36297523,ACC91181015,43028.19,18.0,False,completed,2026-08-05T02:29:25.699569,"Jaipur, IN",OnePlus 12,Online payment
TXN_20260805_03736_8ed87c,ACC15211290,ACC1001,25417.74,14.0,False,completed,2026-08-05T02:27:47.089559,"Jaipur, IN",iPhone 16 Pro Max,Online payment
TXN_20260805_04574_0739da,ACC86445636,ACC11706152,22092.31,18.0,False,completed,2026-08-05T02:22:00.202869,"Ahmedabad, IN",Samsung Galaxy S24 Ultra,Vendor payment
TXN_20260805_00404_442c19,ACC40593754,ACC1002,882.98,17.0,False,completed,2026-08-05T01:54:43.690646,"Chennai, IN",MacBook Pro (Chrome 128),Invoice settlement
TXN_20260805_04852_2e645c,ACC40593754,ACC75311120,11078.01,19.0,False,completed,2026-08-05T01:54:38.540852,"Mumbai, IN",OnePlus 12,Vendor payment
TXN_20260805_01482_3d1236,ACC39727090,ACC66777666,24755.77,26.0,False,completed,2026-08-05T01:38:09.381431,"Jaipur, IN",iPad Pro (Safari),Software subscription
TXN_20260805_01819_648b58,ACC66777666,ACC39727090,2944.96,5.0,False,completed,2026-08-05T01:31:52.779880,"Mumbai, IN",Windows 11 (Edge 128),P2P transfer
TXN_20260805_01544_79814d,ACC70103438,ACC72717142,31227.09,15.0,False,completed,2026-08-05T01:12:20.281558,"Bangalore, IN",iPad Pro (Safari),Online payment
TXN_20260805_04362_2abf70,ACC65809811,ACC_RING_B,6242.95,13.0,False,completed,2026-08-05T01:03:54.312721,"Hyderabad, IN",Pixel 9 Pro,P2P transfer
TXN_20260805_01592_017bf0,ACC10897161,ACC11706152,29948.19,9.0,False,completed,2026-08-05T00:49:24.108004,"Pune, IN",Samsung Galaxy S24 Ultra,Grocery purchase
TXN_20260805_00477_26fc90,ACC1002,ACC97828025,41906.67,7.0,False,completed,2026-08-05T00:45:31.132612,"Bangalore, IN",Samsung Galaxy S24 Ultra,Urgent remittance
TXN_20260805_04193_3075f3,ACC64246741,ACC20858654,14830.56,17.0,False,completed,2026-08-05T00:35:15.443952,"Mumbai, IN",MacBook Pro (Chrome 128),P2P transfer
TXN_20260805_01531_a59eeb,ACC10897161,ACC92107699,894.12,5.0,False,completed,2026-08-05T00:30:55.235590,"Jaipur, IN",Pixel 9 Pro,Urgent remittance
TXN_20260805_04720_0041ff,ACC75311120,ACC36297523,79061.0,75.0,True,completed,2026-08-05T00:20:58.788153,"Kolkata, IN",Pixel 9 Pro,Vendor payment
TXN_20260805_04926_debd8d,ACC11706152,ACC70103438,35428.67,23.0,False,completed,2026-08-05T00:19:20.938722,"Bangalore, IN",iPad Pro (Safari),Online payment
TXN_20260805_00654_82237b,ACC1004,ACC11706152,19337.26,10.0,False,completed,2026-08-05T00:18:41.054592,"Kolkata, IN",OnePlus 12,Software subscription
TXN_20260805_00042_6bb61b,ACC15373430,ACC66777666,222497.0,72.0,True,completed,2026-08-05T00:17:38.033025,"Jaipur, IN",Samsung Galaxy S24 Ultra,Utility bill
TXN_20260805_03645_a5f4f6,ACC97828025,ACC10897161,464.38,21.0,False,completed,2026-08-05T00:16:25.594942,"Chennai, IN",Windows 11 (Edge 128),Invoice settlement
TXN_20260805_00778_3764ec,ACC43467724,ACC25189145,26540.65,10.0,False,completed,2026-08-05T00:13:19.565891,"Pune, IN",iPhone 16 Pro Max,Rent transfer
TXN_20260805_03095_99aacc,ACC50081547,ACC57224534,13381.2,7.0,False,completed,2026-08-05T00:05:21.812633,"Chennai, IN",Windows 11 (Edge 128),Vendor payment
TXN_20260804_02286_e9e0fc,ACC97828025,ACC10897161,24319.29,21.0,False,completed,2026-08-04T23:51:08.908392,"Bangalore, IN",Pixel 9 Pro,P2P transfer
TXN_20260804_03277_1b2208,ACC50081547,ACC70103438,8087.85,24.0,False,completed,2026-08-04T23:27:11.918156,"Jaipur, IN",MacBook Pro (Chrome 128),Utility bill
TXN_20260804_04473_ca3035,ACC15373430,ACC66777666,20085.57,9.0,False,completed,2026-08-04T23:20:36.809456,"Ahmedabad, IN",MacBook Pro (Chrome 128),Consulting fee
TXN_20260804_02860_227416,ACC91181015,ACC59760987,24452.01,21.0,False,completed,2026-08-04T22:48:19.975404,"Bangalore, IN",iPad Pro (Safari),Consulting fee
TXN_20260804_04736_283e90,ACC25189145,ACC_RING_B,12728.03,10.0,False,completed,2026-08-04T22:43:54.015101,"Mumbai, IN",Samsung Galaxy S24 Ultra,Rent transfer
TXN_20260804_00456_b63814,ACC20858654,ACC40593754,28025.29,19.0,False,completed,2026-08-04T22:30:42.477847,"Bangalore, IN",OnePlus 12,Invoice settlement
TXN_20260804_03562_5f7a07,ACC59760987,ACC43467724,696.69,12.0,False,completed,2026-08-04T22:28:15.776520,"Kolkata, IN",Windows 11 (Edge 128),Software subscription
TXN_20260804_02475_d18de0,ACC_RING_B,ACC92107699,16371.45,25.0,False,completed,2026-08-04T22:26:35.403154,"Pune, IN",OnePlus 12,Vendor payment
TXN_20260804_05048_1ada60,ACC43907404,ACC59760987,44665.88,23.0,False,completed,2026-08-04T22:11:41.746956,"Kolkata, IN",OnePlus 12,Vendor payment
TXN_20260804_00164_b15151,ACC20858654,ACC10897161,20663.7,9.0,False,completed,2026-08-04T22:01:27.363254,"Delhi, IN",MacBook Pro (Chrome 128),Online payment
TXN_20260804_02452_1e7015,ACC39727090,ACC66777666,18923.94,17.0,False,completed,2026-08-04T21:49:23.765714,"Pune, IN",Samsung Galaxy S24 Ultra,Utility bill
TXN_20260804_02882_4bbcbd,ACC66777666,ACC74473089,36201.64,14.0,False,completed,2026-08-04T21:30:24.676806,"Kolkata, IN",Windows 11 (Edge 128),Utility bill
TXN_20260804_01734_a90607,ACC74473089,ACC_RING_C,5104.72,20.0,False,completed,2026-08-04T21:29:10.507016,"Ahmedabad, IN",Windows 11 (Edge 128),Invoice settlement
TXN_20260804_00650_e1654f,ACC57224534,ACC39727090,4893.46,14.0,False,completed,2026-08-04T21:26:55.927248,"Pune, IN",Pixel 9 Pro,P2P transfer
TXN_20260804_02289_b861aa,ACC92107699,ACC1001,4043.83,8.0,False,completed,2026-08-04T21:10:03.368931,"Ahmedabad, IN",MacBook Pro (Chrome 128),Vendor payment
TXN_20260804_02728_f8eab7,ACC43249524,ACC66777666,17173.51,10.0,False,completed,2026-08-04T20:22:27.248359,"Hyderabad, IN",Windows 11 (Edge 128),Vendor payment
TXN_20260804_04951_d27383,ACC_RING_C,ACC43249524,32479.56,14.0,False,completed,2026-08-04T20:19:58.905465,"Bangalore, IN",Windows 11 (Edge 128),Invoice settlement
TXN_20260804_01568_30df6f,ACC92107699,ACC_RING_B,9708.62,28.0,False,completed,2026-08-04T20:08:54.374098,"Delhi, IN",Pixel 9 Pro,Grocery purchase
TXN_20260804_02874_1921b9,ACC74473089,ACC43907404,8045.49,8.0,False,completed,2026-08-04T20:02:25.289561,"Bangalore, IN",iPad Pro (Safari),Vendor payment
TXN_20260804_02806_0c0505,ACC82456100,ACC36297523,30582.64,17.0,False,completed,2026-08-04T20:01:55.868167,"Hyderabad, IN",MacBook Pro (Chrome 128),Utility bill
TXN_20260804_02319_8d9dbe,ACC75311120,ACC1004,14611.33,23.0,False,completed,2026-08-04T19:59:49.467948,"Chennai, IN",iPhone 16 Pro Max,Vendor payment
TXN_20260804_01520_88df22,ACC66777666,ACC11706152,121207.0,94.0,True,completed,2026-08-04T19:55:52.583009,"Chennai, IN",iPhone 16 Pro Max,Rent transfer
TXN_20260804_03750_dad065,ACC66777666,ACC20858654,24964.19,7.0,False,completed,2026-08-04T19:40:54.993975,"Mumbai, IN",iPhone 16 Pro Max,Utility bill
TXN_20260804_04425_e48c34,ACC72717142,ACC66777666,5707.59,9.0,False,completed,2026-08-04T19:29:16.977236,"Bangalore, IN",iPhone 16 Pro Max,Urgent remittance
TXN_20260804_00038_6a2940,ACC57029336,ACC20858654,132918.0,91.0,True,completed,2026-08-04T19:21:34.627862,"Ahmedabad, IN",iPad Pro (Safari),Consulting fee
TXN_20260804_03137_a63213,ACC1003,ACC_RING_A,27638.98,21.0,False,completed,2026-08-04T19:20:34.165448,"Hyderabad, IN",OnePlus 12,Rent transfer
TXN_20260804_03132_a19c1c,ACC1002,ACC16314613,18309.21,23.0,False,completed,2026-08-04T19:17:50.470886,"Hyderabad, IN",Windows 11 (Edge 128),Software subscription
TXN_20260804_04250_b6b70a,ACC74473089,ACC72717142,20286.94,5.0,False,completed,2026-08-04T19:03:38.726421,"Mumbai, IN",Pixel 9 Pro,Invoice settlement
TXN_20260804_03889_8ff5c8,ACC75311120,ACC57224534,33894.39,13.0,False,completed,2026-08-04T18:42:43.337962,"Bangalore, IN",OnePlus 12,Urgent remittance
TXN_20260804_02888_5fccec,ACC16314613,ACC36297523,25059.34,25.0,False,completed,2026-08-04T18:42:25.945735,"Hyderabad, IN",Samsung Galaxy S24 Ultra,Utility bill
TXN_20260804_03801_bb7aa0,ACC1002,ACC43467724,35601.44,10.0,False,completed,2026-08-04T18:39:51.923561,"Jaipur, IN",Samsung Galaxy S24 Ultra,Invoice settlement
TXN_20260804_03869_c6b781,ACC1004,ACC11706152,19072.15,24.0,False,completed,2026-08-04T18:06:41.731978,"Ahmedabad, IN",iPad Pro (Safari),Grocery purchase
TXN_20260804_02993_85ab94,ACC50081547,ACC39727090,17210.39,13.0,False,completed,2026-08-04T18:02:23.684889,"Chennai, IN",OnePlus 12,Urgent remittance
TXN_20260804_01566_49f631,ACC74473089,ACC43249524,18392.37,25.0,False,completed,2026-08-04T17:50:57.866200,"Jaipur, IN",Windows 11 (Edge 128),Consulting fee
TXN_20260804_02618_045650,ACC57224534,ACC_RING_C,37223.23,16.0,False,completed,2026-08-04T17:49:55.298091,"Chennai, IN",MacBook Pro (Chrome 128),Consulting fee
TXN_20260804_04909_33b81a,ACC11706152,ACC25189145,9790.1,8.0,False,completed,2026-08-04T17:47:00.026943,"Bangalore, IN",iPad Pro (Safari),Consulting fee
TXN_20260804_00557_d53947,ACC75311120,ACC_RING_B,44789.62,28.0,False,completed,2026-08-04T17:45:11.289890,"Chennai, IN",iPad Pro (Safari),P2P transfer
TXN_20260804_00483_91d5e2,ACC57224534,ACC66777666,14546.61,26.0,False,completed,2026-08-04T17:40:17.772408,"Mumbai, IN",iPad Pro (Safari),Urgent remittance
TXN_20260804_00158_d612b6,ACC92107699,ACC86445636,21546.03,21.0,False,completed,2026-08-04T17:35:09.193954,"Chennai, IN",Pixel 9 Pro,Rent transfer
TXN_20260804_04267_2eb495,ACC59760987,ACC_RING_A,2177.15,17.0,False,completed,2026-08-04T16:58:32.359239,"Kolkata, IN",iPad Pro (Safari),Online payment
TXN_20260804_00247_13436d,ACC20858654,ACC_RING_A,10444.27,6.0,False,completed,2026-08-04T16:45:22.998729,"Hyderabad, IN",OnePlus 12,Software subscription
TXN_20260804_02017_fa40d2,ACC64246741,ACC65809811,32211.38,26.0,False,completed,2026-08-04T16:41:14.197556,"Chennai, IN",iPhone 16 Pro Max,P2P transfer
TXN_20260804_03351_38284d,ACC50081547,ACC10897161,14760.49,15.0,False,completed,2026-08-04T16:24:24.863491,"Ahmedabad, IN",iPad Pro (Safari),Consulting fee
TXN_20260804_01231_1eb873,ACC43907404,ACC75385116,15292.47,14.0,False,completed,2026-08-04T16:22:54.794367,"Hyderabad, IN",OnePlus 12,Software subscription
TXN_20260804_02251_587d09,ACC43907404,ACC61076366,37072.33,5.0,False,completed,2026-08-04T16:18:30.072738,"Pune, IN",iPad Pro (Safari),Software subscription
TXN_20260804_00071_119618,ACC1001,ACC57224534,24392.7,9.0,False,completed,2026-08-04T16:16:34.796617,"Delhi, IN",Windows 11 (Edge 128),Invoice settlement
TXN_20260804_02274_3f2411,ACC75311120,ACC57224534,38259.83,28.0,False,completed,2026-08-04T16:03:30.860492,"Ahmedabad, IN",iPad Pro (Safari),Utility bill
TXN_20260804_00491_83d6af,ACC20858654,ACC40593754,26082.2,22.0,False,completed,2026-08-04T16:00:25.759305,"Jaipur, IN",iPhone 16 Pro Max,Rent transfer
TXN_20260804_02650_8c8464,ACC70103438,ACC65809811,39888.83,24.0,False,completed,2026-08-04T15:58:52.356388,"Ahmedabad, IN",iPad Pro (Safari),Invoice settlement
TXN_20260804_00519_5f77ab,ACC75311120,ACC43249524,17593.08,21.0,False,completed,2026-08-04T15:40:24.831638,"Chennai, IN",Windows 11 (Edge 128),Consulting fee
TXN_20260804_00615_ac0899,ACC_RING_A,ACC59760987,11969.67,19.0,False,completed,2026-08-04T15:22:21.094418,"Jaipur, IN",iPhone 16 Pro Max,Grocery purchase
TXN_20260804_03906_0893c9,ACC92107699,ACC74473089,38682.81,26.0,False,completed,2026-08-04T14:44:17.046148,"Kolkata, IN",Windows 11 (Edge 128),Utility bill
TXN_20260804_01843_ba7aca,ACC_RING_C,ACC91181015,33005.36,28.0,False,completed,2026-08-04T14:44:07.318388,"Mumbai, IN",iPhone 16 Pro Max,Invoice settlement
TXN_20260804_02326_6f918c,ACC50081547,ACC70103438,5551.08,22.0,False,completed,2026-08-04T14:32:07.193089,"Hyderabad, IN",iPad Pro (Safari),Grocery purchase
TXN_20260804_01814_d787c1,ACC_RING_C,ACC16314613,26751.71,28.0,False,completed,2026-08-04T14:21:14.741397,"Kolkata, IN",iPhone 16 Pro Max,Invoice settlement
TXN_20260804_04933_d7bf15,ACC82456100,ACC39727090,9825.81,17.0,False,completed,2026-08-04T14:06:47.268096,"Kolkata, IN",Pixel 9 Pro,Grocery purchase
TXN_20260804_03539_0eed7a,ACC72717142,ACC75385116,18984.33,6.0,False,completed,2026-08-04T13:59:38.272703,"Delhi, IN",iPhone 16 Pro Max,Vendor payment
TXN_20260804_04774_49b5be,ACC74473089,ACC20858654,34914.71,14.0,False,completed,2026-08-04T13:55:52.243957,"Ahmedabad, IN",Samsung Galaxy S24 Ultra,Urgent remittance
TXN_20260804_00382_cbe14b,ACC1003,ACC1002,28782.65,22.0,False,completed,2026-08-04T13:27:06.947612,"Delhi, IN",OnePlus 12,Grocery purchase
TXN_20260804_03133_50503c,ACC43467724,ACC20858654,27232.7,23.0,False,completed,2026-08-04T13:14:01.075825,"Pune, IN",Pixel 9 Pro,Urgent remittance
TXN_20260804_01862_d7a428,ACC11706152,ACC86445636,20333.33,20.0,False,completed,2026-08-04T13:06:30.185328,"Bangalore, IN",Samsung Galaxy S24 Ultra,Invoice settlement
TXN_20260804_04283_f1c939,ACC97828025,ACC15373430,11718.53,20.0,False,completed,2026-08-04T12:15:14.519391,"Kolkata, IN",Windows 11 (Edge 128),Vendor payment
TXN_20260804_02987_f57b3d,ACC65809811,ACC_RING_C,5786.28,25.0,False,completed,2026-08-04T11:51:47.096227,"Bangalore, IN",iPhone 16 Pro Max,Rent transfer
TXN_20260804_04999_2c4e10,ACC57029336,ACC57224534,31960.9,25.0,False,completed,2026-08-04T11:50:00.524850,"Hyderabad, IN",Windows 11 (Edge 128),Utility bill
TXN_20260804_04911_779136,ACC59760987,ACC61076366,9282.4,9.0,False,completed,2026-08-04T11:46:58.744740,"Kolkata, IN",iPad Pro (Safari),Rent transfer
TXN_20260804_03065_b85382,ACC72717142,ACC82456100,37792.84,21.0,False,completed,2026-08-04T11:38:26.693015,"Bangalore, IN",iPhone 16 Pro Max,Consulting fee
TXN_20260804_03929_8cf6e6,ACC11706152,ACC86445636,3089.41,13.0,False,completed,2026-08-04T11:36:24.381027,"Jaipur, IN",OnePlus 12,Software subscription
TXN_20260804_02855_c04ef7,ACC36297523,ACC15211290,589.46,26.0,False,completed,2026-08-04T11:28:54.524258,"Delhi, IN",iPad Pro (Safari),Invoice settlement
TXN_20260804_01794_669914,ACC82456100,ACC1004,31364.3,24.0,False,completed,2026-08-04T11:24:06.698469,"Delhi, IN",Pixel 9 Pro,Vendor payment
TXN_20260804_00283_3b6287,ACC75311120,ACC1002,44906.7,8.0,False,completed,2026-08-04T10:54:50.582274,"Kolkata, IN",iPhone 16 Pro Max,Invoice settlement
TXN_20260804_03868_bea7f4,ACC57224534,ACC_RING_B,21336.08,13.0,False,completed,2026-08-04T10:46:25.222256,"Ahmedabad, IN",iPhone 16 Pro Max,Grocery purchase
TXN_20260804_04111_31b273,ACC97828025,ACC61076366,44023.06,20.0,False,completed,2026-08-04T10:43:53.349818,"Chennai, IN",OnePlus 12,Rent transfer
TXN_20260804_02118_e551df,ACC57224534,ACC1002,14757.35,19.0,False,completed,2026-08-04T10:35:16.288305,"Kolkata, IN",Samsung Galaxy S24 Ultra,Software subscription
TXN_20260804_01153_1425d2,ACC75311120,ACC57029336,19558.47,10.0,False,completed,2026-08-04T10:28:51.590440,"Mumbai, IN",Pixel 9 Pro,P2P transfer
TXN_20260804_03922_4d5b63,ACC43907404,ACC_RING_A,44906.09,5.0,False,completed,2026-08-04T10:14:24.227242,"Mumbai, IN",iPad Pro (Safari),Rent transfer
TXN_20260804_01820_ba38fd,ACC1002,ACC1003,25303.78,19.0,False,completed,2026-08-04T10:09:15.231528,"Hyderabad, IN",Samsung Galaxy S24 Ultra,Grocery purchase
TXN_20260804_04028_799d10,ACC72717142,ACC75311120,23686.31,26.0,False,completed,2026-08-04T09:50:28.235359,"Hyderabad, IN",Windows 11 (Edge 128),Grocery purchase
TXN_20260804_04241_d5ec7b,ACC92107699,ACC_RING_B,25185.2,13.0,False,completed,2026-08-04T09:43:39.785476,"Chennai, IN",Samsung Galaxy S24 Ultra,Rent transfer
TXN_20260804_00242_3ad29a,ACC65809811,ACC16314613,44658.52,14.0,False,completed,2026-08-04T09:16:00.880932,"Bangalore, IN",iPhone 16 Pro Max,Software subscription
TXN_20260804_05079_335f59,ACC15211290,ACC91181015,16779.93,10.0,False,completed,2026-08-04T09:08:52.848937,"Kolkata, IN",iPad Pro (Safari),Urgent remittance
TXN_20260804_03002_88a0d3,ACC43249524,ACC59760987,19832.7,5.0,False,completed,2026-08-04T09:06:44.760141,"Mumbai, IN",Samsung Galaxy S24 Ultra,Grocery purchase
TXN_20260804_02602_f24980,ACC64246741,ACC61076366,3233.77,16.0,False,completed,2026-08-04T08:58:00.594172,"Pune, IN",iPad Pro (Safari),Invoice settlement
TXN_20260804_00721_e7f914,ACC10897161,ACC43467724,29360.25,13.0,False,completed,2026-08-04T08:42:49.253143,"Hyderabad, IN",OnePlus 12,Invoice settlement
TXN_20260804_03669_e8120b,ACC25189145,ACC40593754,28286.25,14.0,False,completed,2026-08-04T08:39:52.547371,"Pune, IN",MacBook Pro (Chrome 128),Utility bill
TXN_20260804_01837_f0df49,ACC_RING_C,ACC75311120,43144.11,14.0,False,completed,2026-08-04T08:31:27.343881,"Mumbai, IN",Samsung Galaxy S24 Ultra,Urgent remittance
TXN_20260804_03781_24e259,ACC39727090,ACC74473089,38504.18,9.0,False,completed,2026-08-04T08:27:51.292208,"Jaipur, IN",OnePlus 12,Consulting fee
TXN_20260804_03060_ffdcd2,ACC72717142,ACC65809811,17455.62,19.0,False,completed,2026-08-04T08:07:34.481532,"Hyderabad, IN",iPad Pro (Safari),Online payment
TXN_20260804_00235_3e3343,ACC11706152,ACC1003,40876.42,20.0,False,completed,2026-08-04T08:00:23.346917,"Pune, IN",Windows 11 (Edge 128),Invoice settlement
TXN_20260804_01669_c110dc,ACC57224534,ACC_RING_A,22781.19,12.0,False,completed,2026-08-04T07:37:05.695039,"Pune, IN",iPad Pro (Safari),Software subscription
TXN_20260804_04599_0bedfb,ACC82456100,ACC70103438,20692.22,9.0,False,completed,2026-08-04T07:21:25.352609,"Pune, IN",Windows 11 (Edge 128),Rent transfer
TXN_20260804_00904_2a19ad,ACC64246741,ACC70103438,14624.01,26.0,False,completed,2026-08-04T07:14:38.826701,"Hyderabad, IN",Samsung Galaxy S24 Ultra,Urgent remittance
TXN_20260804_01911_58558a,ACC16314613,ACC50081547,18676.75,12.0,False,completed,2026-08-04T07:02:49.340749,"Pune, IN",Windows 11 (Edge 128),Rent transfer
TXN_20260804_02357_f6edb7,ACC70103438,ACC57029336,41604.27,25.0,False,completed,2026-08-04T07:02:41.705191,"Chennai, IN",MacBook Pro (Chrome 128),Vendor payment
TXN_20260804_02023_27482b,ACC65809811,ACC_RING_A,16501.31,7.0,False,completed,2026-08-04T06:27:41.520732,"Pune, IN",iPhone 16 Pro Max,P2P transfer
TXN_20260804_01836_bc4e8a,ACC57029336,ACC16314613,11073.98,21.0,False,completed,2026-08-04T06:10:46.355953,"Kolkata, IN",iPad Pro (Safari),Vendor payment
TXN_20260804_03934_bfb016,ACC82456100,ACC_RING_A,32201.64,21.0,False,completed,2026-08-04T06:02:40.664160,"Chennai, IN",Windows 11 (Edge 128),Software subscription
TXN_20260804_04725_74fe65,ACC15373430,ACC1002,16782.18,25.0,False,completed,2026-08-04T05:42:16.717338,"Ahmedabad, IN",Pixel 9 Pro,Consulting fee
TXN_20260804_02263_91dcd4,ACC92107699,ACC82456100,19522.76,7.0,False,completed,2026-08-04T05:40:19.949249,"Pune, IN",OnePlus 12,Grocery purchase
TXN_20260804_02304_da3c05,ACC50081547,ACC_RING_A,29817.88,28.0,False,completed,2026-08-04T05:31:41.682662,"Kolkata, IN",MacBook Pro (Chrome 128),P2P transfer
TXN_20260804_04790_95c6a1,ACC72717142,ACC75385116,35738.61,12.0,False,completed,2026-08-04T04:54:58.922585,"Bangalore, IN",OnePlus 12,Online payment
TXN_20260804_02719_b09c9b,ACC39727090,ACC_RING_A,31269.81,14.0,False,completed,2026-08-04T04:29:40.237738,"Chennai, IN",Samsung Galaxy S24 Ultra,Software subscription
TXN_20260804_02170_7d4b94,ACC72717142,ACC11706152,13072.25,8.0,False,completed,2026-08-04T04:29:16.315608,"Delhi, IN",iPhone 16 Pro Max,Utility bill
TXN_20260804_04986_a37385,ACC_RING_A,ACC43249524,17255.22,28.0,False,completed,2026-08-04T04:24:58.095229,"Bangalore, IN",iPad Pro (Safari),Vendor payment
TXN_20260804_04475_85e999,ACC1004,ACC_RING_B,31304.83,15.0,False,completed,2026-08-04T04:19:38.972945,"Mumbai, IN",iPad Pro (Safari),Online payment
TXN_20260804_02267_020a40,ACC64246741,ACC91181015,6357.37,15.0,False,completed,2026-08-04T04:15:52.778490,"Delhi, IN",Windows 11 (Edge 128),Consulting fee
TXN_20260804_00015_5d7e6b,ACC61076366,ACC75311120,109850.0,70.0,True,completed,2026-08-04T04:07:15.252060,"Kolkata, IN",Pixel 9 Pro,Invoice settlement
TXN_20260804_01649_dce227,ACC1004,ACC70103438,6079.5,6.0,False,completed,2026-08-04T03:54:55.110190,"Chennai, IN",Pixel 9 Pro,Grocery purchase
TXN_20260804_00637_960c9a,ACC_RING_B,ACC25189145,22339.62,9.0,False,completed,2026-08-04T03:51:36.144322,"Kolkata, IN",OnePlus 12,Software subscription
TXN_20260804_01851_9c8488,ACC1004,ACC75385116,31818.29,19.0,False,completed,2026-08-04T03:40:04.921097,"Chennai, IN",iPhone 16 Pro Max,Consulting fee
TXN_20260804_01187_3291c4,ACC15211290,ACC39727090,12677.37,17.0,False,completed,2026-08-04T03:23:40.761452,"Bangalore, IN",Windows 11 (Edge 128),Online payment
TXN_20260804_01278_25ac78,ACC43467724,ACC1003,41791.57,11.0,False,completed,2026-08-04T03:19:24.807097,"Jaipur, IN",iPhone 16 Pro Max,Urgent remittance
TXN_20260804_04211_dea51d,ACC20858654,ACC86445636,14454.23,7.0,False,completed,2026-08-04T02:48:36.130513,"Kolkata, IN",MacBook Pro (Chrome 128),Rent transfer
TXN_20260804_02213_4a0f29,ACC_RING_C,ACC57029336,11030.04,27.0,False,completed,2026-08-04T02:48:00.205590,"Hyderabad, IN",Samsung Galaxy S24 Ultra,Rent transfer
TXN_20260804_00380_a1b15a,ACC1001,ACC_RING_C,32655.85,28.0,False,completed,2026-08-04T02:37:24.634505,"Kolkata, IN",iPad Pro (Safari),Urgent remittance
TXN_20260804_05167_cd37d5,ACC43249524,ACC57224534,38515.35,8.0,False,completed,2026-08-04T02:14:41.932789,"Bangalore, IN",Pixel 9 Pro,Grocery purchase
TXN_20260804_00070_518712,ACC16314613,ACC86445636,28115.59,23.0,False,completed,2026-08-04T02:08:55.510070,"Kolkata, IN",iPhone 16 Pro Max,Utility bill
TXN_20260804_01882_76d295,ACC43907404,ACC43249524,30261.98,21.0,False,completed,2026-08-04T01:50:12.466163,"Pune, IN",iPad Pro (Safari),Online payment
TXN_20260804_03301_f4814f,ACC64246741,ACC_RING_C,40216.41,9.0,False,completed,2026-08-04T01:48:08.705463,"Kolkata, IN",Samsung Galaxy S24 Ultra,Online payment
TXN_20260804_02541_ba7794,ACC59760987,ACC1001,41149.69,6.0,False,completed,2026-08-04T01:21:57.189116,"Bangalore, IN",OnePlus 12,Online payment
TXN_20260804_00880_6095d8,ACC70103438,ACC50081547,60643.0,88.0,True,completed,2026-08-04T01:16:05.231705,"Hyderabad, IN",iPad Pro (Safari),Grocery purchase
TXN_20260804_04392_4f3ef1,ACC1003,ACC1001,8059.52,6.0,False,completed,2026-08-04T00:31:26.470282,"Pune, IN",Pixel 9 Pro,Software subscription
TXN_20260804_02607_3a453a,ACC66777666,ACC91181015,33961.65,13.0,False,completed,2026-08-04T00:26:06.662584,"Bangalore, IN",iPhone 16 Pro Max,Urgent remittance
TXN_20260804_01301_8fa303,ACC70103438,ACC43249524,42191.29,14.0,False,completed,2026-08-04T00:15:48.386695,"Mumbai, IN",iPad Pro (Safari),Rent transfer
TXN_20260804_01085_c76ad9,ACC57029336,ACC15373430,27164.15,11.0,False,completed,2026-08-04T00:03:27.513806,"Kolkata, IN",OnePlus 12,P2P transfer
TXN_20260803_04675_da1355,ACC_RING_B,ACC57029336,15877.79,26.0,False,completed,2026-08-03T23:57:08.675648,"Pune, IN",Samsung Galaxy S24 Ultra,Grocery purchase
TXN_20260803_01070_af0f33,ACC82456100,ACC_RING_A,2037.31,14.0,False,completed,2026-08-03T23:46:00.833709,"Hyderabad, IN",OnePlus 12,P2P transfer
TXN_20260803_03071_54f0f9,ACC39727090,ACC97828025,11124.02,20.0,False,completed,2026-08-03T23:32:18.898080,"Hyderabad, IN",Samsung Galaxy S24 Ultra,Invoice settlement
TXN_20260803_00475_2e2e3b,ACC91181015,ACC1001,28568.81,14.0,False,completed,2026-08-03T23:31:03.382834,"Ahmedabad, IN",Windows 11 (Edge 128),P2P transfer
TXN_20260803_00937_3239fa,ACC70103438,ACC50081547,31871.66,26.0,False,completed,2026-08-03T23:30:12.265396,"Mumbai, IN",iPad Pro (Safari),Grocery purchase
TXN_20260803_00291_e7b8d8,ACC25189145,ACC43467724,15872.24,10.0,False,completed,2026-08-03T23:24:08.858475,"Chennai, IN",iPhone 16 Pro Max,Grocery purchase
TXN_20260803_03001_89e2a0,ACC15373430,ACC57224534,11740.87,25.0,False,completed,2026-08-03T23:19:02.415502,"Chennai, IN",MacBook Pro (Chrome 128),Vendor payment
TXN_20260803_04782_cd258e,ACC72717142,ACC20858654,23178.35,9.0,False,completed,2026-08-03T23:15:43.051661,"Kolkata, IN",Windows 11 (Edge 128),Vendor payment
TXN_20260803_03755_6c1ea2,ACC66777666,ACC65809811,39883.58,8.0,False,completed,2026-08-03T23:07:40.730403,"Delhi, IN",OnePlus 12,Urgent remittance
TXN_20260803_03621_adc89a,ACC57224534,ACC43467724,41935.24,6.0,False,completed,2026-08-03T23:03:33.247992,"Pune, IN",Pixel 9 Pro,Invoice settlement
TXN_20260803_03987_be30ea,ACC72717142,ACC25189145,21239.17,23.0,False,completed,2026-08-03T22:55:58.322760,"Ahmedabad, IN",iPad Pro (Safari),Rent transfer
TXN_20260803_04316_857685,ACC64246741,ACC70103438,3788.95,15.0,False,completed,2026-08-03T22:44:27.253436,"Hyderabad, IN",Pixel 9 Pro,Vendor payment
TXN_20260803_03734_1cb941,ACC86445636,ACC57029336,18923.41,22.0,False,completed,2026-08-03T22:42:18.673271,"Delhi, IN",iPad Pro (Safari),Vendor payment
TXN_20260803_04133_aff755,ACC70103438,ACC43467724,2652.91,9.0,False,completed,2026-08-03T22:39:39.995141,"Delhi, IN",Pixel 9 Pro,Grocery purchase
TXN_20260803_04777_a38105,ACC39727090,ACC65809811,30470.59,19.0,False,completed,2026-08-03T22:26:44.061702,"Bangalore, IN",Windows 11 (Edge 128),Rent transfer
TXN_20260803_03139_3cf51d,ACC64246741,ACC1001,6575.28,7.0,False,completed,2026-08-03T22:25:35.678201,"Mumbai, IN",iPhone 16 Pro Max,Utility bill
TXN_20260803_03992_bf4d31,ACC16314613,ACC10897161,26381.74,12.0,False,completed,2026-08-03T22:23:06.279821,"Chennai, IN",Samsung Galaxy S24 Ultra,Invoice settlement
TXN_20260803_02214_4b7559,ACC64246741,ACC91181015,22857.66,22.0,False,completed,2026-08-03T22:09:51.459584,"Pune, IN",OnePlus 12,P2P transfer
TXN_20260803_02394_338e9d,ACC36297523,ACC15211290,10810.45,11.0,False,completed,2026-08-03T22:03:33.632062,"Kolkata, IN",iPhone 16 Pro Max,Utility bill
TXN_20260803_00317_c20772,ACC59760987,ACC36297523,13609.64,27.0,False,completed,2026-08-03T21:59:02.864365,"Ahmedabad, IN",iPad Pro (Safari),Online payment
TXN_20260803_00913_596556,ACC_RING_B,ACC59760987,562.79,22.0,False,completed,2026-08-03T21:49:15.604248,"Ahmedabad, IN",iPad Pro (Safari),Software subscription
TXN_20260803_03638_352253,ACC1002,ACC11706152,38181.72,20.0,False,completed,2026-08-03T21:16:09.286383,"Kolkata, IN",Windows 11 (Edge 128),Rent transfer
TXN_20260803_04287_4b6bf4,ACC43907404,ACC_RING_B,7737.46,7.0,False,completed,2026-08-03T21:14:05.858455,"Bangalore, IN",OnePlus 12,Software subscription
TXN_20260803_04792_087ecc,ACC1004,ACC91181015,6667.17,20.0,False,completed,2026-08-03T21:13:52.166576,"Chennai, IN",Samsung Galaxy S24 Ultra,Rent transfer
TXN_20260803_01749_d1cdcc,ACC75311120,ACC59760987,29566.31,11.0,False,completed,2026-08-03T21:12:35.929767,"Delhi, IN",Samsung Galaxy S24 Ultra,Consulting fee
TXN_20260803_04445_2575a1,ACC11706152,ACC50081547,29317.79,21.0,False,completed,2026-08-03T21:12:05.131994,"Jaipur, IN",Windows 11 (Edge 128),P2P transfer
TXN_20260803_02630_e349e6,ACC15373430,ACC65809811,38278.77,26.0,False,completed,2026-08-03T20:25:50.939018,"Mumbai, IN",Pixel 9 Pro,Invoice settlement
TXN_20260803_00623_d767fa,ACC57224534,ACC20858654,1912.89,10.0,False,completed,2026-08-03T20:21:05.269400,"Bangalore, IN",MacBook Pro (Chrome 128),Grocery purchase
TXN_20260803_01349_6135ed,ACC25189145,ACC43907404,30570.54,7.0,False,completed,2026-08-03T20:17:42.578802,"Jaipur, IN",MacBook Pro (Chrome 128),P2P transfer
TXN_20260803_04700_217fd8,ACC57029336,ACC1001,13250.96,25.0,False,completed,2026-08-03T20:15:16.741768,"Jaipur, IN",iPad Pro (Safari),P2P transfer
TXN_20260803_01753_f47c89,ACC36297523,ACC66777666,35519.2,7.0,False,completed,2026-08-03T20:05:06.945048,"Kolkata, IN",OnePlus 12,Utility bill
TXN_20260803_03658_caccca,ACC75311120,ACC43907404,28241.5,17.0,False,completed,2026-08-03T19:54:55.913315,"Chennai, IN",OnePlus 12,P2P transfer
TXN_20260803_00127_20d61d,ACC16314613,ACC40593754,6779.76,12.0,False,completed,2026-08-03T19:51:49.121722,"Kolkata, IN",iPhone 16 Pro Max,Consulting fee
TXN_20260803_02497_d19700,ACC43249524,ACC57224534,13646.05,8.0,False,completed,2026-08-03T19:48:49.792636,"Delhi, IN",OnePlus 12,Invoice settlement
TXN_20260803_04323_6c3a0e,ACC36297523,ACC59760987,39117.11,28.0,False,completed,2026-08-03T19:35:50.391250,"Ahmedabad, IN",MacBook Pro (Chrome 128),Grocery purchase
TXN_20260803_01335_c9f56a,ACC16314613,ACC72717142,39237.29,20.0,False,completed,2026-08-03T19:30:29.775717,"Mumbai, IN",iPhone 16 Pro Max,P2P transfer
TXN_20260803_03580_638843,ACC43249524,ACC57029336,13343.93,26.0,False,completed,2026-08-03T19:09:50.524827,"Kolkata, IN",iPhone 16 Pro Max,Consulting fee
TXN_20260803_00150_516a71,ACC75311120,ACC97828025,6858.86,5.0,False,completed,2026-08-03T19:03:07.212379,"Ahmedabad, IN",OnePlus 12,Consulting fee
TXN_20260803_02211_6cd316,ACC39727090,ACC57029336,21765.4,21.0,False,completed,2026-08-03T19:02:29.548929,"Ahmedabad, IN",Windows 11 (Edge 128),Online payment
TXN_20260803_03202_5bb497,ACC61076366,ACC65809811,28752.04,18.0,False,completed,2026-08-03T19:01:06.832717,"Chennai, IN",iPad Pro (Safari),P2P transfer
TXN_20260803_02512_6d1f00,ACC70103438,ACC64246741,34414.9,22.0,False,completed,2026-08-03T19:00:41.739894,"Delhi, IN",Windows 11 (Edge 128),P2P transfer
TXN_20260803_04838_7750b3,ACC75385116,ACC1003,15328.44,21.0,False,completed,2026-08-03T18:50:16.389260,"Chennai, IN",OnePlus 12,Software subscription
TXN_20260803_02640_4b64d4,ACC70103438,ACC16314613,148337.0,71.0,True,completed,2026-08-03T18:44:15.659355,"Hyderabad, IN",iPad Pro (Safari),Utility bill
TXN_20260803_00624_868ad3,ACC20858654,ACC72717142,14811.66,13.0,False,completed,2026-08-03T18:37:17.209023,"Delhi, IN",Pixel 9 Pro,Vendor payment
TXN_20260803_00969_a82658,ACC11706152,ACC74473089,28099.1,7.0,False,completed,2026-08-03T18:36:37.782610,"Delhi, IN",Samsung Galaxy S24 Ultra,Rent transfer
TXN_20260803_02858_ba4c3a,ACC66777666,ACC72717142,25119.9,17.0,False,completed,2026-08-03T18:24:16.985414,"Jaipur, IN",iPad Pro (Safari),Online payment
TXN_20260803_04977_adb127,ACC43467724,ACC70103438,32179.21,5.0,False,completed,2026-08-03T18:18:39.101452,"Kolkata, IN",OnePlus 12,Software subscription
TXN_20260803_01581_f0f196,ACC_RING_A,ACC92107699,10718.22,15.0,False,completed,2026-08-03T18:10:50.598741,"Delhi, IN",Pixel 9 Pro,Vendor payment
TXN_20260803_00553_071162,ACC16314613,ACC50081547,30443.85,14.0,False,completed,2026-08-03T17:55:34.025605,"Jaipur, IN",MacBook Pro (Chrome 128),Vendor payment
TXN_20260803_02078_c1609c,ACC43907404,ACC75385116,23734.68,13.0,False,completed,2026-08-03T17:54:47.367812,"Delhi, IN",Pixel 9 Pro,Urgent remittance
TXN_20260803_04710_ba5fe5,ACC1001,ACC65809811,321.73,27.0,False,completed,2026-08-03T17:31:48.308513,"Jaipur, IN",iPad Pro (Safari),Software subscription
TXN_20260803_01281_d6c0b1,ACC15211290,ACC59760987,26836.1,15.0,False,completed,2026-08-03T17:00:15.573414,"Mumbai, IN",MacBook Pro (Chrome 128),Rent transfer
TXN_20260803_03244_857050,ACC74473089,ACC20858654,34027.62,5.0,False,completed,2026-08-03T16:52:56.496761,"Pune, IN",iPad Pro (Safari),Invoice settlement
TXN_20260803_01915_2d7123,ACC1002,ACC_RING_A,8532.19,12.0,False,completed,2026-08-03T16:50:49.400885,"Ahmedabad, IN",MacBook Pro (Chrome 128),Consulting fee
TXN_20260803_04868_411de6,ACC70103438,ACC61076366,4789.59,13.0,False,completed,2026-08-03T16:48:32.411777,"Kolkata, IN",Pixel 9 Pro,Online payment
TXN_20260803_03212_07e557,ACC43907404,ACC74473089,17925.4,24.0,False,completed,2026-08-03T16:43:49.159884,"Mumbai, IN",OnePlus 12,Online payment
TXN_20260803_04950_c3959b,ACC11706152,ACC59760987,34932.46,18.0,False,completed,2026-08-03T16:43:31.839749,"Delhi, IN",MacBook Pro (Chrome 128),Utility bill
TXN_20260803_03384_5f5266,ACC16314613,ACC36297523,35905.84,26.0,False,completed,2026-08-03T16:22:41.899896,"Ahmedabad, IN",iPad Pro (Safari),Urgent remittance
TXN_20260803_02463_5d27fa,ACC97828025,ACC57224534,32582.18,17.0,False,completed,2026-08-03T16:08:19.386493,"Kolkata, IN",iPhone 16 Pro Max,Rent transfer
TXN_20260803_03541_618ccf,ACC1001,ACC97828025,31252.55,21.0,False,completed,2026-08-03T15:54:20.889813,"Kolkata, IN",MacBook Pro (Chrome 128),Vendor payment
TXN_20260803_03444_2552bd,ACC_RING_B,ACC36297523,1569.94,13.0,False,completed,2026-08-03T15:45:07.828283,"Jaipur, IN",OnePlus 12,Consulting fee
TXN_20260803_04671_fabb8d,ACC82456100,ACC10897161,455.29,25.0,False,completed,2026-08-03T15:36:19.588737,"Pune, IN",MacBook Pro (Chrome 128),Invoice settlement
TXN_20260803_02065_c9bd4b,ACC65809811,ACC_RING_B,18341.04,15.0,False,completed,2026-08-03T15:15:59.229125,"Chennai, IN",iPhone 16 Pro Max,Consulting fee
TXN_20260803_01297_3ff5cf,ACC1004,ACC75385116,13638.68,9.0,False,completed,2026-08-03T14:52:50.918763,"Jaipur, IN",Pixel 9 Pro,Invoice settlement
TXN_20260803_04611_8ad960,ACC66777666,ACC11706152,32717.42,23.0,False,completed,2026-08-03T14:35:15.635457,"Jaipur, IN",Samsung Galaxy S24 Ultra,Rent transfer
TXN_20260803_00165_26636d,ACC97828025,ACC36297523,5387.98,9.0,False,completed,2026-08-03T14:34:57.510255,"Kolkata, IN",Windows 11 (Edge 128),Invoice settlement
TXN_20260803_04957_422a2f,ACC65809811,ACC43467724,25175.55,10.0,False,completed,2026-08-03T14:32:10.388565,"Kolkata, IN",iPad Pro (Safari),Invoice settlement
TXN_20260803_04029_937b8c,ACC65809811,ACC43249524,10212.06,9.0,False,completed,2026-08-03T14:29:40.594968,"Hyderabad, IN",Pixel 9 Pro,Online payment
TXN_20260803_03529_93b9c7,ACC86445636,ACC10897161,40541.55,26.0,False,completed,2026-08-03T14:13:06.843958,"Chennai, IN",iPhone 16 Pro Max,Invoice settlement
TXN_20260803_02648_07ec6c,ACC74473089,ACC20858654,38132.5,6.0,False,completed,2026-08-03T14:13:05.923715,"Bangalore, IN",iPhone 16 Pro Max,Software subscription
TXN_20260803_03223_79ac7c,ACC43249524,ACC97828025,6954.24,7.0,False,completed,2026-08-03T14:10:47.645391,"Chennai, IN",Windows 11 (Edge 128),Consulting fee
TXN_20260803_03623_29a58a,ACC66777666,ACC20858654,41022.3,9.0,False,completed,2026-08-03T13:50:59.247085,"Jaipur, IN",iPhone 16 Pro Max,P2P transfer
TXN_20260803_03787_da4b15,ACC92107699,ACC57029336,11956.5,20.0,False,completed,2026-08-03T13:35:27.438494,"Mumbai, IN",MacBook Pro (Chrome 128),Invoice settlement
TXN_20260803_01348_4e62f9,ACC16314613,ACC11706152,15565.49,26.0,False,completed,2026-08-03T13:35:02.364993,"Pune, IN",iPad Pro (Safari),P2P transfer
TXN_20260803_00555_8b9d20,ACC43907404,ACC66777666,30609.44,23.0,False,completed,2026-08-03T13:19:32.453973,"Kolkata, IN",Pixel 9 Pro,Online payment
TXN_20260803_02421_8eb218,ACC1002,ACC36297523,14057.71,5.0,False,completed,2026-08-03T13:12:51.457289,"Delhi, IN",Pixel 9 Pro,Vendor payment
TXN_20260803_02088_223bde,ACC74473089,ACC43907404,20542.06,14.0,False,completed,2026-08-03T13:05:11.475847,"Ahmedabad, IN",iPhone 16 Pro Max,Utility bill
TXN_20260803_02638_85e6b1,ACC97828025,ACC66777666,30896.35,16.0,False,completed,2026-08-03T13:03:21.442201,"Hyderabad, IN",Windows 11 (Edge 128),Software subscription
TXN_20260803_02257_d434e6,ACC91181015,ACC57224534,3475.88,18.0,False,completed,2026-08-03T12:52:26.346612,"Mumbai, IN",Pixel 9 Pro,Software subscription
TXN_20260803_00413_4ae772,ACC72717142,ACC70103438,35295.81,23.0,False,completed,2026-08-03T12:36:35.608241,"Hyderabad, IN",Samsung Galaxy S24 Ultra,Consulting fee
TXN_20260803_00160_99ca0c,ACC70103438,ACC59760987,75752.0,83.0,True,completed,2026-08-03T12:29:26.073136,"Mumbai, IN",OnePlus 12,Urgent remittance
TXN_20260803_00813_958fd6,ACC_RING_B,ACC16314613,20536.9,23.0,False,completed,2026-08-03T12:15:25.535157,"Ahmedabad, IN",Samsung Galaxy S24 Ultra,Online payment
TXN_20260803_01215_a96b20,ACC1001,ACC1004,11441.08,25.0,False,completed,2026-08-03T12:14:18.872144,"Mumbai, IN",iPhone 16 Pro Max,Vendor payment
TXN_20260803_03803_9c7459,ACC43249524,ACC74473089,6530.3,14.0,False,completed,2026-08-03T12:11:21.351230,"Bangalore, IN",OnePlus 12,Online payment
TXN_20260803_02124_3c69f5,ACC1004,ACC57224534,7116.28,6.0,False,completed,2026-08-03T12:10:15.275992,"Jaipur, IN",iPhone 16 Pro Max,Online payment
TXN_20260803_02376_4a7cca,ACC57224534,ACC43467724,36538.8,18.0,False,completed,2026-08-03T12:08:00.975339,"Jaipur, IN",iPhone 16 Pro Max,Vendor payment
TXN_20260803_00388_ab86a0,ACC_RING_C,ACC1004,41336.59,18.0,False,completed,2026-08-03T11:41:16.714385,"Bangalore, IN",Pixel 9 Pro,Rent transfer
TXN_20260803_03477_a07c08,ACC1002,ACC75385116,43340.23,18.0,False,completed,2026-08-03T11:37:51.032757,"Bangalore, IN",OnePlus 12,Consulting fee
TXN_20260803_00733_653637,ACC20858654,ACC10897161,2305.13,20.0,False,completed,2026-08-03T11:13:25.741468,"Bangalore, IN",Pixel 9 Pro,Invoice settlement
TXN_20260803_01170_a68fe3,ACC20858654,ACC39727090,6690.04,28.0,False,completed,2026-08-03T10:45:53.683330,"Delhi, IN",Pixel 9 Pro,Vendor payment
TXN_20260803_02205_388e2d,ACC40593754,ACC15373430,6692.71,12.0,False,completed,2026-08-03T10:32:10.747906,"Kolkata, IN",Windows 11 (Edge 128),Consulting fee
TXN_20260803_00330_90d33d,ACC_RING_A,ACC10897161,16197.51,25.0,False,completed,2026-08-03T10:21:29.372331,"Pune, IN",OnePlus 12,Online payment
TXN_20260803_03973_68feb7,ACC25189145,ACC50081547,19563.98,12.0,False,completed,2026-08-03T10:14:02.440303,"Mumbai, IN",Windows 11 (Edge 128),Utility bill
TXN_20260803_04583_807587,ACC50081547,ACC43467724,14720.15,22.0,False,completed,2026-08-03T10:12:44.706994,"Hyderabad, IN",iPad Pro (Safari),Grocery purchase
TXN_20260803_02153_8a8bf1,ACC11706152,ACC15373430,44474.32,25.0,False,completed,2026-08-03T10:10:47.694228,"Delhi, IN",Windows 11 (Edge 128),P2P transfer
TXN_20260803_04735_9c5216,ACC43249524,ACC50081547,42726.0,25.0,False,completed,2026-08-03T09:50:45.907812,"Jaipur, IN",iPad Pro (Safari),Consulting fee
TXN_20260803_02870_582479,ACC43249524,ACC1003,21248.1,11.0,False,completed,2026-08-03T09:49:10.401706,"Mumbai, IN",Samsung Galaxy S24 Ultra,P2P transfer
TXN_20260803_01791_8a5a10,ACC86445636,ACC1002,28675.28,5.0,False,completed,2026-08-03T09:48:05.050131,"Kolkata, IN",iPhone 16 Pro Max,P2P transfer
TXN_20260803_03682_e90523,ACC43249524,ACC20858654,44485.66,18.0,False,completed,2026-08-03T09:41:34.033667,"Pune, IN",iPad Pro (Safari),Invoice settlement
TXN_20260803_04460_9dd3a2,ACC_RING_B,ACC82456100,30453.57,19.0,False,completed,2026-08-03T09:32:37.896476,"Kolkata, IN",iPhone 16 Pro Max,Invoice settlement
TXN_20260803_00451_25f510,ACC92107699,ACC39727090,16455.88,15.0,False,completed,2026-08-03T09:32:33.695958,"Bangalore, IN",Samsung Galaxy S24 Ultra,Invoice settlement
TXN_20260803_02619_37ed47,ACC57224534,ACC61076366,10781.86,28.0,False,completed,2026-08-03T09:27:39.294704,"Ahmedabad, IN",OnePlus 12,Grocery purchase
TXN_20260803_04129_e8b4dd,ACC36297523,ACC92107699,44991.71,9.0,False,completed,2026-08-03T09:17:30.277587,"Chennai, IN",Pixel 9 Pro,Urgent remittance
TXN_20260803_03710_080dc4,ACC1004,ACC_RING_A,35511.95,14.0,False,completed,2026-08-03T09:12:34.352789,"Delhi, IN",Samsung Galaxy S24 Ultra,Consulting fee
TXN_20260803_04227_4fd8a4,ACC_RING_C,ACC25189145,14926.46,19.0,False,completed,2026-08-03T09:11:40.431412,"Chennai, IN",MacBook Pro (Chrome 128),Grocery purchase
TXN_20260803_04670_88a764,ACC25189145,ACC59760987,26250.39,25.0,False,completed,2026-08-03T09:06:39.803574,"Ahmedabad, IN",Samsung Galaxy S24 Ultra,Online payment
TXN_20260803_01389_232096,ACC1002,ACC75385116,3926.62,7.0,False,completed,2026-08-03T08:57:21.666810,"Ahmedabad, IN",Pixel 9 Pro,Grocery purchase
TXN_20260803_01969_6cc256,ACC_RING_B,ACC66777666,5282.96,25.0,False,completed,2026-08-03T08:53:39.884317,"Hyderabad, IN",OnePlus 12,Vendor payment
TXN_20260803_04351_76e5a8,ACC10897161,ACC75311120,19850.14,22.0,False,completed,2026-08-03T08:43:47.026450,"Pune, IN",Windows 11 (Edge 128),Software subscription
TXN_20260803_00875_191b1f,ACC43249524,ACC39727090,1119.45,21.0,False,completed,2026-08-03T08:35:53.353839,"Hyderabad, IN",Samsung Galaxy S24 Ultra,Grocery purchase
TXN_20260803_02167_3aae5f,ACC43467724,ACC75385116,19790.04,12.0,False,completed,2026-08-03T08:32:24.699842,"Delhi, IN",iPad Pro (Safari),Rent transfer
TXN_20260803_02861_57fe6f,ACC39727090,ACC1003,8092.27,10.0,False,completed,2026-08-03T08:29:25.762124,"Mumbai, IN",OnePlus 12,Urgent remittance
TXN_20260803_05040_2d44c6,ACC59760987,ACC10897161,178827.0,93.0,True,completed,2026-08-03T08:05:44.651956,"Bangalore, IN",iPad Pro (Safari),Grocery purchase
TXN_20260803_00253_cac6f5,ACC20858654,ACC36297523,43975.27,22.0,False,completed,2026-08-03T07:56:09.291919,"Pune, IN",Windows 11 (Edge 128),Urgent remittance
TXN_20260803_02085_56d570,ACC43249524,ACC36297523,3257.87,15.0,False,completed,2026-08-03T07:44:07.722550,"Pune, IN",Samsung Galaxy S24 Ultra,Utility bill
TXN_20260803_02079_993cad,ACC15211290,ACC72717142,16249.83,26.0,False,completed,2026-08-03T07:40:56.463084,"Chennai, IN",iPad Pro (Safari),Grocery purchase
TXN_20260803_05093_beb502,ACC57224534,ACC65809811,3708.38,24.0,False,completed,2026-08-03T07:26:38.587870,"Kolkata, IN",Pixel 9 Pro,Online payment
TXN_20260803_02166_2b84c7,ACC1002,ACC40593754,39460.36,13.0,False,completed,2026-08-03T07:14:47.305305,"Jaipur, IN",iPad Pro (Safari),Online payment
TXN_20260803_01792_877273,ACC66777666,ACC15211290,497.81,22.0,False,completed,2026-08-03T06:43:32.476692,"Bangalore, IN",MacBook Pro (Chrome 128),Online payment
TXN_20260803_03994_a0562a,ACC59760987,ACC86445636,11321.34,26.0,False,completed,2026-08-03T06:35:34.851877,"Jaipur, IN",Pixel 9 Pro,Utility bill
TXN_20260803_04382_589682,ACC25189145,ACC_RING_B,38075.45,19.0,False,completed,2026-08-03T06:30:53.357797,"Bangalore, IN",Pixel 9 Pro,P2P transfer
TXN_20260803_02575_f644fa,ACC64246741,ACC39727090,1355.33,8.0,False,completed,2026-08-03T06:27:54.433624,"Delhi, IN",iPad Pro (Safari),Grocery purchase
TXN_20260803_01241_680b06,ACC36297523,ACC72717142,44453.16,26.0,False,completed,2026-08-03T06:23:05.874895,"Chennai, IN",Windows 11 (Edge 128),Vendor payment
TXN_20260803_03943_5b13e0,ACC39727090,ACC65809811,42139.58,14.0,False,completed,2026-08-03T06:16:16.170916,"Bangalore, IN",iPad Pro (Safari),Grocery purchase
TXN_20260803_01035_012436,ACC25189145,ACC43907404,42393.16,25.0,False,completed,2026-08-03T05:45:21.887111,"Chennai, IN",Samsung Galaxy S24 Ultra,Utility bill
TXN_20260803_00803_b1cb48,ACC59760987,ACC64246741,14739.19,24.0,False,completed,2026-08-03T05:21:17.261811,"Chennai, IN",Pixel 9 Pro,Rent transfer
TXN_20260803_00007_f0d7b8,ACC82456100,ACC40593754,128074.0,95.0,True,completed,2026-08-03T04:52:02.345895,"Hyderabad, IN",iPad Pro (Safari),Vendor payment
TXN_20260803_02159_297d9b,ACC_RING_A,ACC16314613,41133.98,20.0,False,completed,2026-08-03T04:35:27.634857,"Bangalore, IN",Samsung Galaxy S24 Ultra,Software subscription
TXN_20260803_03163_b9602c,ACC_RING_A,ACC1004,22768.89,8.0,False,completed,2026-08-03T04:26:31.155769,"Delhi, IN",Samsung Galaxy S24 Ultra,Software subscription
TXN_20260803_01558_144a3d,ACC40593754,ACC97828025,39364.51,21.0,False,completed,2026-08-03T04:14:18.421605,"Hyderabad, IN",iPhone 16 Pro Max,Invoice settlement
TXN_20260803_02455_2acca4,ACC20858654,ACC_RING_B,34124.3,23.0,False,completed,2026-08-03T04:06:01.338255,"Mumbai, IN",MacBook Pro (Chrome 128),P2P transfer
TXN_20260803_03138_0eab77,ACC70103438,ACC86445636,27869.36,14.0,False,completed,2026-08-03T04:04:24.571369,"Chennai, IN",Pixel 9 Pro,Invoice settlement
TXN_20260803_01777_6214e7,ACC64246741,ACC15211290,24471.35,13.0,False,completed,2026-08-03T03:58:44.491752,"Bangalore, IN",Samsung Galaxy S24 Ultra,Consulting fee
TXN_20260803_01267_9ce913,ACC25189145,ACC40593754,33015.29,7.0,False,completed,2026-08-03T03:51:29.763309,"Kolkata, IN",Samsung Galaxy S24 Ultra,P2P transfer
TXN_20260803_02330_cfba5d,ACC_RING_B,ACC57224534,20792.66,7.0,False,completed,2026-08-03T03:20:29.373566,"Jaipur, IN",MacBook Pro (Chrome 128),P2P transfer
TXN_20260803_01839_d35f84,ACC1002,ACC64246741,21414.93,20.0,False,completed,2026-08-03T02:50:20.161412,"Chennai, IN",OnePlus 12,Consulting fee
TXN_20260803_03146_74c956,ACC_RING_B,ACC97828025,4085.34,5.0,False,completed,2026-08-03T02:40:23.060063,"Jaipur, IN",OnePlus 12,Consulting fee
TXN_20260803_03829_f712ca,ACC1003,ACC16314613,9361.48,22.0,False,completed,2026-08-03T02:30:59.319837,"Bangalore, IN",Samsung Galaxy S24 Ultra,Utility bill
TXN_20260803_02808_1e4971,ACC97828025,ACC59760987,38749.02,20.0,False,completed,2026-08-03T02:12:02.074350,"Delhi, IN",Windows 11 (Edge 128),Vendor payment
TXN_20260803_01647_4bab2b,ACC11706152,ACC59760987,1062.56,5.0,False,completed,2026-08-03T01:40:06.061462,"Ahmedabad, IN",Samsung Galaxy S24 Ultra,Vendor payment
TXN_20260803_02797_f6b1a6,ACC1002,ACC61076366,6049.74,14.0,False,completed,2026-08-03T01:13:54.394951,"Jaipur, IN",MacBook Pro (Chrome 128),Urgent remittance
TXN_20260803_04471_e0627a,ACC43467724,ACC91181015,29856.04,16.0,False,completed,2026-08-03T01:12:29.460743,"Chennai, IN",OnePlus 12,Urgent remittance
TXN_20260803_01290_86ec32,ACC64246741,ACC1004,13823.9,13.0,False,completed,2026-08-03T01:01:26.798900,"Delhi, IN",Pixel 9 Pro,Consulting fee
TXN_20260803_05129_33b2e4,ACC20858654,ACC1004,7925.91,16.0,False,completed,2026-08-03T01:00:40.751501,"Chennai, IN",Pixel 9 Pro,Grocery purchase
TXN_20260803_00008_016e45,ACC25189145,ACC10897161,236252.0,84.0,True,completed,2026-08-03T00:54:07.580574,"Bangalore, IN",OnePlus 12,Consulting fee
TXN_20260803_03817_20967e,ACC97828025,ACC66777666,22919.19,8.0,False,completed,2026-08-03T00:42:13.376556,"Kolkata, IN",Windows 11 (Edge 128),Consulting fee
TXN_20260803_00930_5e471a,ACC1002,ACC65809811,42002.04,28.0,False,completed,2026-08-03T00:39:29.277046,"Hyderabad, IN",MacBook Pro (Chrome 128),Invoice settlement
TXN_20260803_02828_a67a83,ACC66777666,ACC43249524,14641.97,14.0,False,completed,2026-08-03T00:37:34.826378,"Bangalore, IN",Pixel 9 Pro,Invoice settlement
TXN_20260803_00137_f2d58d,ACC1002,ACC65809811,2885.75,28.0,False,completed,2026-08-03T00:37:04.026667,"Kolkata, IN",iPad Pro (Safari),Utility bill
TXN_20260803_03056_5e9f85,ACC74473089,ACC43907404,18436.47,24.0,False,completed,2026-08-03T00:34:55.195479,"Jaipur, IN",Windows 11 (Edge 128),Urgent remittance
TXN_20260803_02454_d2c207,ACC1003,ACC97828025,32419.44,13.0,False,completed,2026-08-03T00:33:26.714878,"Bangalore, IN",OnePlus 12,Urgent remittance
TXN_20260803_02528_28e059,ACC43907404,ACC74473089,21465.35,16.0,False,completed,2026-08-03T00:29:18.489859,"Ahmedabad, IN",OnePlus 12,Online payment
TXN_20260803_00093_851d6a,ACC86445636,ACC70103438,17820.74,28.0,False,completed,2026-08-03T00:04:59.815996,"Delhi, IN",MacBook Pro (Chrome 128),Invoice settlement
TXN_20260802_03128_9ec8b0,ACC39727090,ACC75385116,23892.23,6.0,False,completed,2026-08-02T23:46:49.265565,"Hyderabad, IN",iPad Pro (Safari),Software subscription
TXN_20260802_04071_e6a8f3,ACC43467724,ACC1004,21906.95,8.0,False,completed,2026-08-02T23:43:36.459206,"Chennai, IN",MacBook Pro (Chrome 128),Online payment
TXN_20260802_01565_f3ffea,ACC74473089,ACC_RING_C,35844.03,7.0,False,completed,2026-08-02T23:22:31.427844,"Mumbai, IN",Samsung Galaxy S24 Ultra,Consulting fee
TXN_20260802_02178_ed5cdf,ACC50081547,ACC70103438,25795.57,10.0,False,completed,2026-08-02T23:20:15.990463,"Kolkata, IN",Samsung Galaxy S24 Ultra,Invoice settlement
TXN_20260802_04375_741c9d,ACC1003,ACC1001,498.37,17.0,False,completed,2026-08-02T22:52:05.542646,"Hyderabad, IN",Windows 11 (Edge 128),Grocery purchase
TXN_20260802_03585_1c581a,ACC1003,ACC64246741,38192.17,17.0,False,completed,2026-08-02T22:49:09.101656,"Kolkata, IN",Windows 11 (Edge 128),Grocery purchase
TXN_20260802_03402_42cbc2,ACC25189145,ACC74473089,43622.44,10.0,False,completed,2026-08-02T22:45:09.541735,"Mumbai, IN",iPad Pro (Safari),Vendor payment
TXN_20260802_03273_8b66ed,ACC1002,ACC11706152,9332.19,18.0,False,completed,2026-08-02T22:44:52.687518,"Kolkata, IN",iPhone 16 Pro Max,Grocery purchase
TXN_20260802_00100_92fefc,ACC91181015,ACC61076366,1349.64,13.0,False,completed,2026-08-02T22:35:49.216924,"Delhi, IN",OnePlus 12,Consulting fee
TXN_20260802_00741_b32914,ACC16314613,ACC1002,6903.08,17.0,False,completed,2026-08-02T22:29:45.254483,"Pune, IN",MacBook Pro (Chrome 128),Online payment
TXN_20260802_05011_28bcd8,ACC11706152,ACC75385116,12100.66,15.0,False,completed,2026-08-02T22:25:21.686624,"Bangalore, IN",MacBook Pro (Chrome 128),Software subscription
TXN_20260802_00181_60088e,ACC43907404,ACC74473089,5893.84,28.0,False,completed,2026-08-02T22:24:30.709706,"Ahmedabad, IN",iPhone 16 Pro Max,Consulting fee
TXN_20260802_00202_b00e9e,ACC43249524,ACC57224534,2594.48,18.0,False,completed,2026-08-02T22:18:39.449228,"Delhi, IN",MacBook Pro (Chrome 128),Rent transfer
TXN_20260802_05080_98f88e,ACC43249524,ACC59760987,83428.0,66.0,True,completed,2026-08-02T22:07:12.029213,"Mumbai, IN",Windows 11 (Edge 128),Online payment
TXN_20260802_01236_a08052,ACC86445636,ACC1001,22750.64,13.0,False,completed,2026-08-02T21:56:58.460307,"Pune, IN",Windows 11 (Edge 128),Rent transfer
TXN_20260802_02614_9febf7,ACC97828025,ACC66777666,24832.29,27.0,False,completed,2026-08-02T21:49:58.519418,"Pune, IN",iPad Pro (Safari),Rent transfer
TXN_20260802_02219_757df3,ACC36297523,ACC25189145,43889.54,11.0,False,completed,2026-08-02T21:37:35.869302,"Chennai, IN",Pixel 9 Pro,Online payment
TXN_20260802_03232_84c663,ACC_RING_A,ACC_RING_C,8365.87,21.0,False,completed,2026-08-02T21:30:58.129007,"Hyderabad, IN",Samsung Galaxy S24 Ultra,Urgent remittance
TXN_20260802_01947_a03082,ACC65809811,ACC15373430,13179.16,18.0,False,completed,2026-08-02T21:13:36.092762,"Kolkata, IN",Samsung Galaxy S24 Ultra,Urgent remittance
TXN_20260802_04889_d4a7ee,ACC1003,ACC25189145,8161.89,19.0,False,completed,2026-08-02T21:12:15.411999,"Pune, IN",MacBook Pro (Chrome 128),Grocery purchase
TXN_20260802_01553_b3a549,ACC15211290,ACC65809811,17236.23,23.0,False,completed,2026-08-02T21:07:47.309964,"Bangalore, IN",OnePlus 12,P2P transfer
TXN_20260802_04551_b4d433,ACC97828025,ACC15373430,12867.57,17.0,False,completed,2026-08-02T21:05:40.034840,"Hyderabad, IN",OnePlus 12,Vendor payment
TXN_20260802_03119_bbf3b4,ACC36297523,ACC64246741,35510.01,7.0,False,completed,2026-08-02T20:57:15.762746,"Delhi, IN",OnePlus 12,Rent transfer
TXN_20260802_03047_3e56e9,ACC91181015,ACC72717142,30668.3,24.0,False,completed,2026-08-02T20:44:31.220342,"Delhi, IN",iPad Pro (Safari),Utility bill
TXN_20260802_03313_6ec1cd,ACC70103438,ACC39727090,1450.36,6.0,False,completed,2026-08-02T20:20:41.800888,"Kolkata, IN",iPad Pro (Safari),Grocery purchase
TXN_20260802_00869_e436e8,ACC1001,ACC64246741,9244.14,12.0,False,completed,2026-08-02T20:16:10.550881,"Jaipur, IN",Windows 11 (Edge 128),Utility bill
TXN_20260802_04248_95cf9a,ACC15211290,ACC20858654,35736.02,25.0,False,completed,2026-08-02T20:03:24.984068,"Hyderabad, IN",iPhone 16 Pro Max,Grocery purchase
TXN_20260802_03021_3fd573,ACC43907404,ACC10897161,36660.91,20.0,False,completed,2026-08-02T20:01:12.357094,"Pune, IN",Samsung Galaxy S24 Ultra,Online payment
TXN_20260802_00829_c56156,ACC43467724,ACC16314613,11570.71,28.0,False,completed,2026-08-02T19:59:16.315514,"Bangalore, IN",Samsung Galaxy S24 Ultra,Invoice settlement
TXN_20260802_04244_78242b,ACC59760987,ACC43467724,12324.96,6.0,False,completed,2026-08-02T19:30:06.122292,"Hyderabad, IN",Pixel 9 Pro,Consulting fee
TXN_20260802_05159_116be6,ACC75311120,ACC57224534,2915.36,6.0,False,completed,2026-08-02T19:01:58.743116,"Kolkata, IN",Pixel 9 Pro,Urgent remittance
TXN_20260802_01801_452109,ACC75311120,ACC1001,35951.45,5.0,False,completed,2026-08-02T18:54:27.347639,"Mumbai, IN",iPad Pro (Safari),Invoice settlement
TXN_20260802_05141_2bceff,ACC_RING_A,ACC75311120,32442.88,5.0,False,completed,2026-08-02T18:54:00.232457,"Pune, IN",iPad Pro (Safari),Urgent remittance
TXN_20260802_00775_4da8fc,ACC36297523,ACC15211290,39368.12,26.0,False,completed,2026-08-02T18:25:02.377270,"Delhi, IN",Pixel 9 Pro,Grocery purchase
TXN_20260802_00862_dfc57e,ACC1003,ACC20858654,14448.49,17.0,False,completed,2026-08-02T18:20:06.132885,"Jaipur, IN",MacBook Pro (Chrome 128),Urgent remittance
TXN_20260802_00634_26685b,ACC1002,ACC1001,1132.39,11.0,False,completed,2026-08-02T18:16:39.541634,"Pune, IN",iPad Pro (Safari),Rent transfer
TXN_20260802_02817_11b755,ACC75385116,ACC40593754,15461.47,10.0,False,completed,2026-08-02T18:10:31.483115,"Kolkata, IN",iPad Pro (Safari),Utility bill
TXN_20260802_02489_a4e1db,ACC92107699,ACC65809811,24963.73,21.0,False,completed,2026-08-02T17:49:21.090666,"Jaipur, IN",Pixel 9 Pro,Software subscription
TXN_20260802_00831_2a95c7,ACC86445636,ACC75311120,14711.82,7.0,False,completed,2026-08-02T17:47:32.178764,"Hyderabad, IN",OnePlus 12,Rent transfer
TXN_20260802_00963_bb7f65,ACC15373430,ACC1002,18344.83,18.0,False,completed,2026-08-02T17:24:37.175721,"Ahmedabad, IN",OnePlus 12,Online payment
TXN_20260802_05191_27463d,ACC40593754,ACC_RING_C,28891.42,8.0,False,completed,2026-08-02T17:19:47.715653,"Delhi, IN",OnePlus 12,Utility bill
TXN_20260802_05151_83248b,ACC1004,ACC16314613,36744.88,9.0,False,completed,2026-08-02T17:10:19.219465,"Bangalore, IN",OnePlus 12,Consulting fee
TXN_20260802_04019_e06bc7,ACC1002,ACC75385116,25577.7,19.0,False,completed,2026-08-02T16:59:59.456751,"Hyderabad, IN",OnePlus 12,Vendor payment
TXN_20260802_01612_f40be9,ACC75311120,ACC1004,31914.13,18.0,False,completed,2026-08-02T16:52:30.326371,"Jaipur, IN",Samsung Galaxy S24 Ultra,Vendor payment
TXN_20260802_01597_4f9a05,ACC1001,ACC39727090,9627.57,19.0,False,completed,2026-08-02T16:48:00.301267,"Delhi, IN",Pixel 9 Pro,Rent transfer
TXN_20260802_00759_ce8477,ACC10897161,ACC43249524,18101.83,15.0,False,completed,2026-08-02T16:42:34.446026,"Delhi, IN",Windows 11 (Edge 128),Software subscription
TXN_20260802_05099_e73ea9,ACC50081547,ACC43249524,43385.65,23.0,False,completed,2026-08-02T16:23:51.988241,"Ahmedabad, IN",iPad Pro (Safari),Grocery purchase
TXN_20260802_01125_c8983f,ACC72717142,ACC91181015,397.16,23.0,False,completed,2026-08-02T16:19:27.934366,"Mumbai, IN",iPad Pro (Safari),Utility bill
TXN_20260802_04478_ab15e6,ACC57224534,ACC1003,36229.71,26.0,False,completed,2026-08-02T16:03:24.360081,"Pune, IN",iPad Pro (Safari),P2P transfer
TXN_20260802_03998_a4d1cd,ACC15211290,ACC11706152,32803.94,7.0,False,completed,2026-08-02T15:59:32.553354,"Hyderabad, IN",iPad Pro (Safari),Consulting fee
TXN_20260802_03226_2d47cc,ACC1004,ACC65809811,20355.89,19.0,False,completed,2026-08-02T15:36:11.507083,"Chennai, IN",Windows 11 (Edge 128),Invoice settlement
TXN_20260802_01782_7622ac,ACC_RING_A,ACC43907404,36906.28,23.0,False,completed,2026-08-02T15:26:57.062912,"Pune, IN",Samsung Galaxy S24 Ultra,P2P transfer
TXN_20260802_00633_2ebf75,ACC75385116,ACC92107699,5339.68,16.0,False,completed,2026-08-02T15:07:57.300986,"Ahmedabad, IN",MacBook Pro (Chrome 128),Online payment
TXN_20260802_00113_558ca8,ACC1003,ACC10897161,40855.07,9.0,False,completed,2026-08-02T14:57:23.392174,"Chennai, IN",iPad Pro (Safari),Software subscription
TXN_20260802_02531_60fb92,ACC15211290,ACC1001,22014.35,10.0,False,completed,2026-08-02T14:42:45.101341,"Pune, IN",iPhone 16 Pro Max,Grocery purchase
TXN_20260802_01220_834426,ACC15211290,ACC43249524,44145.81,25.0,False,completed,2026-08-02T14:36:15.453457,"Bangalore, IN",Pixel 9 Pro,Rent transfer
TXN_20260802_00459_431fc2,ACC43467724,ACC82456100,26823.36,6.0,False,completed,2026-08-02T14:35:26.836709,"Ahmedabad, IN",Pixel 9 Pro,Software subscription
TXN_20260802_00809_17fd73,ACC1004,ACC20858654,34488.9,16.0,False,completed,2026-08-02T14:18:43.207435,"Bangalore, IN",MacBook Pro (Chrome 128),Urgent remittance
TXN_20260802_04806_dea9d3,ACC50081547,ACC_RING_C,22606.61,27.0,False,completed,2026-08-02T14:07:50.790583,"Pune, IN",Pixel 9 Pro,Grocery purchase
TXN_20260802_05061_8b8da7,ACC74473089,ACC_RING_A,14839.93,15.0,False,completed,2026-08-02T13:58:18.010515,"Delhi, IN",OnePlus 12,Software subscription
TXN_20260802_02548_4edf83,ACC39727090,ACC43249524,39941.0,23.0,False,completed,2026-08-02T13:53:53.147210,"Ahmedabad, IN",iPhone 16 Pro Max,Grocery purchase
TXN_20260802_01703_ffdf48,ACC_RING_B,ACC1001,43534.29,26.0,False,completed,2026-08-02T13:19:53.345492,"Hyderabad, IN",MacBook Pro (Chrome 128),Urgent remittance
TXN_20260802_01385_a93b1d,ACC65809811,ACC72717142,36519.57,21.0,False,completed,2026-08-02T13:19:14.735524,"Chennai, IN",iPad Pro (Safari),Online payment
TXN_20260802_03434_0fcaca,ACC65809811,ACC25189145,19182.22,19.0,False,completed,2026-08-02T13:13:48.390787,"Pune, IN",Windows 11 (Edge 128),Rent transfer
TXN_20260802_04722_28e885,ACC39727090,ACC1003,21083.56,13.0,False,completed,2026-08-02T13:06:04.491201,"Jaipur, IN",MacBook Pro (Chrome 128),Utility bill
TXN_20260802_00767_f73754,ACC40593754,ACC1001,36912.44,26.0,False,completed,2026-08-02T13:03:09.344189,"Jaipur, IN",Samsung Galaxy S24 Ultra,Vendor payment
TXN_20260802_00661_d64260,ACC40593754,ACC92107699,11984.12,6.0,False,completed,2026-08-02T12:55:23.460944,"Pune, IN",Windows 11 (Edge 128),Utility bill
TXN_20260802_03494_684e70,ACC74473089,ACC1002,12180.58,23.0,False,completed,2026-08-02T12:32:00.856511,"Chennai, IN",iPad Pro (Safari),Online payment
TXN_20260802_04768_fb5a13,ACC10897161,ACC_RING_C,17352.45,15.0,False,completed,2026-08-02T12:15:25.759022,"Ahmedabad, IN",iPhone 16 Pro Max,Invoice settlement
TXN_20260802_04744_785e93,ACC86445636,ACC15211290,3224.35,13.0,False,completed,2026-08-02T12:08:46.161481,"Bangalore, IN",OnePlus 12,Consulting fee
TXN_20260802_02334_18d9ae,ACC1003,ACC1001,25317.82,11.0,False,completed,2026-08-02T12:06:21.220151,"Mumbai, IN",iPad Pro (Safari),Vendor payment
TXN_20260802_04280_4292da,ACC40593754,ACC65809811,93721.0,85.0,True,completed,2026-08-02T11:59:56.534900,"Bangalore, IN",Samsung Galaxy S24 Ultra,Urgent remittance
TXN_20260802_00331_beb90d,ACC_RING_A,ACC70103438,42272.15,28.0,False,completed,2026-08-02T11:59:06.267132,"Jaipur, IN",iPhone 16 Pro Max,Rent transfer
TXN_20260802_04213_182423,ACC57224534,ACC25189145,16548.49,8.0,False,completed,2026-08-02T11:56:32.602212,"Chennai, IN",MacBook Pro (Chrome 128),Rent transfer
TXN_20260802_04927_4c4314,ACC39727090,ACC43907404,6120.51,9.0,False,completed,2026-08-02T11:39:09.622953,"Mumbai, IN",Samsung Galaxy S24 Ultra,Urgent remittance
TXN_20260802_05001_2f6acf,ACC59760987,ACC_RING_C,18554.5,26.0,False,completed,2026-08-02T11:33:30.384614,"Delhi, IN",Samsung Galaxy S24 Ultra,Grocery purchase
TXN_20260802_03258_1f9cff,ACC97828025,ACC64246741,39990.7,6.0,False,completed,2026-08-02T11:25:41.114460,"Ahmedabad, IN",MacBook Pro (Chrome 128),Invoice settlement
TXN_20260802_02389_f05bce,ACC61076366,ACC15373430,1746.77,9.0,False,completed,2026-08-02T11:23:25.620519,"Chennai, IN",Windows 11 (Edge 128),Invoice settlement
TXN_20260802_03948_f1db1f,ACC66777666,ACC70103438,17913.05,22.0,False,completed,2026-08-02T11:18:20.949348,"Delhi, IN",Windows 11 (Edge 128),Consulting fee
TXN_20260802_05192_f55048,ACC_RING_C,ACC64246741,2062.04,7.0,False,completed,2026-08-02T11:12:53.698320,"Hyderabad, IN",iPhone 16 Pro Max,Invoice settlement
TXN_20260802_03088_92050c,ACC_RING_B,ACC97828025,13008.16,8.0,False,completed,2026-08-02T10:42:46.899295,"Chennai, IN",Pixel 9 Pro,Urgent remittance
TXN_20260802_00006_a05410,ACC72717142,ACC10897161,198662.0,98.0,True,completed,2026-08-02T10:29:35.250785,"Hyderabad, IN",Samsung Galaxy S24 Ultra,Software subscription
TXN_20260802_01048_6e3c8d,ACC25189145,ACC15373430,9401.17,24.0,False,completed,2026-08-02T10:16:16.007322,"Delhi, IN",iPad Pro (Safari),Software subscription
TXN_20260802_01989_001a15,ACC25189145,ACC50081547,37736.23,5.0,False,completed,2026-08-02T10:12:59.775335,"Chennai, IN",iPhone 16 Pro Max,Vendor payment
TXN_20260802_01243_3eb478,ACC_RING_C,ACC25189145,27157.85,21.0,False,completed,2026-08-02T10:03:34.880255,"Ahmedabad, IN",Pixel 9 Pro,Rent transfer
TXN_20260802_02846_1a2eb9,ACC70103438,ACC43467724,8207.34,28.0,False,completed,2026-08-02T10:02:13.030936,"Pune, IN",OnePlus 12,Consulting fee
TXN_20260802_03418_bb9814,ACC86445636,ACC66777666,14219.73,18.0,False,completed,2026-08-02T09:36:25.379484,"Chennai, IN",MacBook Pro (Chrome 128),P2P transfer
TXN_20260802_02566_512ecf,ACC75385116,ACC39727090,21658.11,27.0,False,completed,2026-08-02T09:30:38.857347,"Kolkata, IN",Windows 11 (Edge 128),Vendor payment
TXN_20260802_01620_133bf1,ACC64246741,ACC16314613,35290.87,19.0,False,completed,2026-08-02T09:20:42.696505,"Delhi, IN",iPhone 16 Pro Max,Vendor payment
TXN_20260802_02689_c2f16c,ACC64246741,ACC91181015,40621.19,24.0,False,completed,2026-08-02T09:07:38.977097,"Mumbai, IN",MacBook Pro (Chrome 128),Utility bill
TXN_20260802_03295_bb6102,ACC86445636,ACC75311120,19226.99,10.0,False,completed,2026-08-02T09:04:49.542833,"Delhi, IN",Samsung Galaxy S24 Ultra,Utility bill
TXN_20260802_03428_cc34f3,ACC16314613,ACC43467724,9808.37,21.0,False,completed,2026-08-02T08:40:08.880150,"Bangalore, IN",OnePlus 12,Utility bill
TXN_20260802_03010_259fbf,ACC57224534,ACC74473089,23011.97,26.0,False,completed,2026-08-02T08:26:54.791589,"Delhi, IN",MacBook Pro (Chrome 128),Software subscription
TXN_20260802_03362_e66f2f,ACC50081547,ACC_RING_C,20288.18,25.0,False,completed,2026-08-02T08:16:01.692150,"Bangalore, IN",Pixel 9 Pro,Grocery purchase
TXN_20260802_04604_195068,ACC10897161,ACC97828025,28997.08,24.0,False,completed,2026-08-02T07:53:17.169489,"Hyderabad, IN",Windows 11 (Edge 128),Utility bill
TXN_20260802_02440_e9faf2,ACC70103438,ACC15211290,104902.0,96.0,True,completed,2026-08-02T07:47:32.987587,"Ahmedabad, IN",Samsung Galaxy S24 Ultra,Vendor payment
TXN_20260802_03783_ca0257,ACC59760987,ACC1003,34341.96,28.0,False,completed,2026-08-02T07:40:20.599407,"Mumbai, IN",iPad Pro (Safari),Utility bill
TXN_20260802_01762_d7dff2,ACC86445636,ACC_RING_A,7793.52,7.0,False,completed,2026-08-02T07:36:58.459525,"Ahmedabad, IN",Samsung Galaxy S24 Ultra,Vendor payment
TXN_20260802_04352_e445e2,ACC_RING_A,ACC97828025,23139.8,17.0,False,completed,2026-08-02T07:34:18.181457,"Delhi, IN",MacBook Pro (Chrome 128),Vendor payment
TXN_20260802_04772_817d87,ACC86445636,ACC75385116,32838.31,22.0,False,completed,2026-08-02T07:32:09.307551,"Hyderabad, IN",Pixel 9 Pro,Consulting fee
TXN_20260802_01930_b2e8c6,ACC15211290,ACC86445636,24275.5,9.0,False,completed,2026-08-02T07:30:58.556107,"Delhi, IN",Samsung Galaxy S24 Ultra,Consulting fee
TXN_20260802_02813_3ee15c,ACC65809811,ACC97828025,12159.04,12.0,False,completed,2026-08-02T07:26:49.505639,"Mumbai, IN",OnePlus 12,Vendor payment
TXN_20260802_02975_88a36a,ACC91181015,ACC75385116,21843.4,6.0,False,completed,2026-08-02T07:11:59.105094,"Hyderabad, IN",iPad Pro (Safari),Rent transfer
TXN_20260802_00812_d9ec5b,ACC16314613,ACC1002,43770.42,22.0,False,completed,2026-08-02T07:04:09.500442,"Hyderabad, IN",MacBook Pro (Chrome 128),Vendor payment
TXN_20260802_00192_f2223d,ACC65809811,ACC16314613,18166.36,8.0,False,completed,2026-08-02T06:59:06.163857,"Kolkata, IN",Pixel 9 Pro,Vendor payment
TXN_20260802_04585_88612c,ACC97828025,ACC72717142,33743.29,15.0,False,completed,2026-08-02T06:53:09.858186,"Ahmedabad, IN",iPad Pro (Safari),Vendor payment
TXN_20260802_05172_a3cb2e,ACC82456100,ACC1001,33608.92,21.0,False,completed,2026-08-02T06:42:55.191305,"Jaipur, IN",iPad Pro (Safari),Rent transfer
TXN_20260802_02373_76aec1,ACC_RING_B,ACC10897161,16475.54,24.0,False,completed,2026-08-02T06:28:27.041632,"Kolkata, IN",iPhone 16 Pro Max,Software subscription
TXN_20260802_04084_58d692,ACC75311120,ACC57029336,43041.54,13.0,False,completed,2026-08-02T06:21:49.458175,"Hyderabad, IN",Pixel 9 Pro,Invoice settlement
TXN_20260802_04602_aaef79,ACC15211290,ACC1001,24590.66,20.0,False,completed,2026-08-02T06:05:29.867613,"Hyderabad, IN",Pixel 9 Pro,Consulting fee
TXN_20260802_01509_af77cf,ACC_RING_C,ACC39727090,35956.39,11.0,False,completed,2026-08-02T06:05:29.020879,"Ahmedabad, IN",iPhone 16 Pro Max,Online payment
TXN_20260802_00112_01eb01,ACC1002,ACC11706152,11905.98,16.0,False,completed,2026-08-02T05:47:28.941693,"Kolkata, IN",iPhone 16 Pro Max,Utility bill
TXN_20260802_04140_715972,ACC_RING_B,ACC43249524,3529.59,12.0,False,completed,2026-08-02T05:46:23.541923,"Hyderabad, IN",Windows 11 (Edge 128),P2P transfer
TXN_20260802_01127_30a7d0,ACC15373430,ACC61076366,26651.14,25.0,False,completed,2026-08-02T05:46:03.241175,"Ahmedabad, IN",Samsung Galaxy S24 Ultra,Rent transfer
TXN_20260802_00893_c01274,ACC75385116,ACC1004,37348.28,22.0,False,completed,2026-08-02T05:07:22.946490,"Jaipur, IN",MacBook Pro (Chrome 128),Urgent remittance
TXN_20260802_02418_e86388,ACC_RING_C,ACC16314613,30904.82,12.0,False,completed,2026-08-02T04:57:43.114451,"Hyderabad, IN",iPhone 16 Pro Max,Vendor payment
TXN_20260802_04573_f0599a,ACC39727090,ACC70103438,35276.61,14.0,False,completed,2026-08-02T04:48:40.320414,"Bangalore, IN",iPad Pro (Safari),P2P transfer
TXN_20260802_00031_6b76cb,ACC25189145,ACC82456100,112301.0,77.0,True,completed,2026-08-02T04:42:08.982524,"Jaipur, IN",OnePlus 12,Urgent remittance
TXN_20260802_02895_35241d,ACC40593754,ACC74473089,7519.77,9.0,False,completed,2026-08-02T03:49:18.451856,"Delhi, IN",Pixel 9 Pro,Software subscription
TXN_20260802_01913_6d31ed,ACC25189145,ACC86445636,43774.82,22.0,False,completed,2026-08-02T03:37:23.151591,"Hyderabad, IN",OnePlus 12,Consulting fee
TXN_20260802_01425_5c5a01,ACC70103438,ACC40593754,25574.69,9.0,False,completed,2026-08-02T03:35:59.103292,"Delhi, IN",Pixel 9 Pro,Utility bill
TXN_20260802_01894_48aa82,ACC10897161,ACC91181015,5262.53,20.0,False,completed,2026-08-02T03:34:53.456553,"Ahmedabad, IN",Windows 11 (Edge 128),Software subscription
TXN_20260802_01967_636170,ACC_RING_C,ACC1001,38298.37,9.0,False,completed,2026-08-02T03:30:18.699002,"Kolkata, IN",MacBook Pro (Chrome 128),Software subscription
TXN_20260802_01575_174fb1,ACC43249524,ACC97828025,27498.1,18.0,False,completed,2026-08-02T03:18:08.417214,"Ahmedabad, IN",iPad Pro (Safari),P2P transfer
TXN_20260802_02349_e5d3a9,ACC1002,ACC74473089,28228.93,16.0,False,completed,2026-08-02T03:13:00.538351,"Hyderabad, IN",Samsung Galaxy S24 Ultra,P2P transfer
TXN_20260802_01563_06afac,ACC15211290,ACC11706152,13186.34,14.0,False,completed,2026-08-02T03:07:01.654827,"Chennai, IN",iPad Pro (Safari),Rent transfer
TXN_20260802_02901_687d55,ACC65809811,ACC92107699,39785.2,14.0,False,completed,2026-08-02T03:02:19.082334,"Kolkata, IN",MacBook Pro (Chrome 128),Urgent remittance
TXN_20260802_01264_e0893f,ACC65809811,ACC11706152,20115.25,11.0,False,completed,2026-08-02T02:59:56.491597,"Pune, IN",Windows 11 (Edge 128),P2P transfer
TXN_20260802_04308_4ea5fd,ACC70103438,ACC_RING_C,4771.21,12.0,False,completed,2026-08-02T02:54:40.588848,"Mumbai, IN",iPad Pro (Safari),Consulting fee
TXN_20260802_02435_eaa29f,ACC74473089,ACC70103438,6446.92,19.0,False,completed,2026-08-02T02:50:42.449494,"Kolkata, IN",Windows 11 (Edge 128),Utility bill
TXN_20260802_01975_e83fc7,ACC36297523,ACC40593754,214.96,15.0,False,completed,2026-08-02T02:23:54.019437,"Hyderabad, IN",Windows 11 (Edge 128),Vendor payment
TXN_20260802_03405_6266a2,ACC72717142,ACC10897161,22643.13,25.0,False,completed,2026-08-02T02:15:41.942896,"Chennai, IN",iPad Pro (Safari),Vendor payment
TXN_20260802_03289_e59a82,ACC59760987,ACC61076366,13983.14,13.0,False,completed,2026-08-02T01:53:42.141129,"Mumbai, IN",iPad Pro (Safari),Urgent remittance
TXN_20260802_03469_b71623,ACC82456100,ACC43249524,44220.82,18.0,False,completed,2026-08-02T01:49:26.592138,"Pune, IN",Pixel 9 Pro,Software subscription
TXN_20260802_00047_23dc59,ACC_RING_B,ACC15373430,180579.0,89.0,True,completed,2026-08-02T01:42:29.346240,"Ahmedabad, IN",iPhone 16 Pro Max,Urgent remittance
TXN_20260802_00994_b72cf9,ACC25189145,ACC75311120,9624.84,28.0,False,completed,2026-08-02T01:22:50.675038,"Bangalore, IN",Samsung Galaxy S24 Ultra,Online payment
TXN_20260802_04131_1b5e9d,ACC25189145,ACC10897161,18097.9,28.0,False,completed,2026-08-02T01:22:36.841978,"Pune, IN",iPhone 16 Pro Max,P2P transfer
TXN_20260802_04803_539186,ACC75385116,ACC43907404,23822.85,17.0,False,completed,2026-08-02T01:18:08.884325,"Hyderabad, IN",Pixel 9 Pro,Grocery purchase
TXN_20260802_01412_1d4e99,ACC1002,ACC65809811,44300.12,27.0,False,completed,2026-08-02T01:14:50.933990,"Jaipur, IN",iPhone 16 Pro Max,Vendor payment
TXN_20260802_01392_d63a8c,ACC61076366,ACC1004,10887.37,15.0,False,completed,2026-08-02T01:12:20.491816,"Delhi, IN",MacBook Pro (Chrome 128),Consulting fee
TXN_20260802_04988_af5188,ACC15211290,ACC43467724,2039.46,10.0,False,completed,2026-08-02T01:11:09.064958,"Chennai, IN",iPad Pro (Safari),Online payment
TXN_20260802_01667_1aed73,ACC50081547,ACC20858654,36571.04,11.0,False,completed,2026-08-02T01:10:43.577122,"Kolkata, IN",MacBook Pro (Chrome 128),Utility bill
TXN_20260802_03698_c13ac4,ACC43907404,ACC15373430,30630.33,8.0,False,completed,2026-08-02T00:51:13.524176,"Kolkata, IN",MacBook Pro (Chrome 128),Invoice settlement
TXN_20260802_04995_85b34a,ACC64246741,ACC75311120,34245.21,12.0,False,completed,2026-08-02T00:49:29.245262,"Jaipur, IN",iPhone 16 Pro Max,Vendor payment
TXN_20260802_00017_959970,ACC75385116,ACC11706152,121247.0,69.0,True,completed,2026-08-02T00:47:53.383660,"Bangalore, IN",MacBook Pro (Chrome 128),Urgent remittance
TXN_20260802_03761_ae5819,ACC92107699,ACC43249524,10335.43,28.0,False,completed,2026-08-02T00:44:42.670172,"Kolkata, IN",Samsung Galaxy S24 Ultra,Urgent remittance
TXN_20260802_01260_36ca39,ACC64246741,ACC82456100,31200.1,11.0,False,completed,2026-08-02T00:39:20.309026,"Kolkata, IN",Samsung Galaxy S24 Ultra,Urgent remittance
TXN_20260802_00167_1d9838,ACC50081547,ACC_RING_C,44348.93,14.0,False,completed,2026-08-02T00:39:14.723069,"Pune, IN",MacBook Pro (Chrome 128),Software subscription
TXN_20260802_00399_24a5a4,ACC1004,ACC11706152,35535.45,24.0,False,completed,2026-08-02T00:35:31.906327,"Mumbai, IN",Pixel 9 Pro,Consulting fee
TXN_20260802_04378_7c68b1,ACC43467724,ACC75311120,7687.0,10.0,False,completed,2026-08-02T00:24:46.197685,"Chennai, IN",Samsung Galaxy S24 Ultra,Utility bill
TXN_20260802_02337_59df3d,ACC57224534,ACC_RING_C,39124.94,16.0,False,completed,2026-08-02T00:18:14.633043,"Kolkata, IN",iPhone 16 Pro Max,Invoice settlement
TXN_20260802_01542_6bc323,ACC20858654,ACC43467724,44041.62,7.0,False,completed,2026-08-02T00:07:41.656566,"Delhi, IN",iPhone 16 Pro Max,Urgent remittance
TXN_20260801_03706_2feaf3,ACC39727090,ACC43907404,2347.18,16.0,False,completed,2026-08-01T23:53:31.065324,"Chennai, IN",Samsung Galaxy S24 Ultra,Online payment
TXN_20260801_00974_160399,ACC61076366,ACC66777666,39434.85,6.0,False,completed,2026-08-01T23:21:30.588353,"Pune, IN",MacBook Pro (Chrome 128),Software subscription
TXN_20260801_01145_05d5c0,ACC66777666,ACC43467724,27781.13,9.0,False,completed,2026-08-01T23:05:36.243328,"Hyderabad, IN",iPad Pro (Safari),Online payment
TXN_20260801_01884_99e045,ACC_RING_C,ACC43907404,41947.63,15.0,False,completed,2026-08-01T22:57:55.916682,"Mumbai, IN",MacBook Pro (Chrome 128),Vendor payment
TXN_20260801_00528_a05de5,ACC43467724,ACC_RING_B,41457.12,27.0,False,completed,2026-08-01T22:40:22.581168,"Delhi, IN",MacBook Pro (Chrome 128),Software subscription
TXN_20260801_01543_364da6,ACC65809811,ACC25189145,23606.18,12.0,False,completed,2026-08-01T22:38:23.950244,"Kolkata, IN",OnePlus 12,Invoice settlement
TXN_20260801_03092_777a19,ACC20858654,ACC72717142,22277.05,6.0,False,completed,2026-08-01T22:17:51.021195,"Bangalore, IN",Pixel 9 Pro,P2P transfer
TXN_20260801_02473_ad8ed6,ACC91181015,ACC_RING_B,12393.49,5.0,False,completed,2026-08-01T22:13:18.014597,"Delhi, IN",Windows 11 (Edge 128),Consulting fee
TXN_20260801_00333_911f9b,ACC1001,ACC92107699,10076.02,28.0,False,completed,2026-08-01T22:00:43.990720,"Pune, IN",MacBook Pro (Chrome 128),Consulting fee
TXN_20260801_00390_e9aad2,ACC1004,ACC75311120,19860.69,25.0,False,completed,2026-08-01T21:59:26.769541,"Kolkata, IN",Windows 11 (Edge 128),Consulting fee
TXN_20260801_00648_810e48,ACC1001,ACC75385116,11449.44,15.0,False,completed,2026-08-01T21:47:48.374198,"Kolkata, IN",iPad Pro (Safari),Grocery purchase
TXN_20260801_00343_ec159a,ACC15211290,ACC82456100,22346.24,13.0,False,completed,2026-08-01T21:37:38.703485,"Chennai, IN",OnePlus 12,Vendor payment
TXN_20260801_03637_317a17,ACC86445636,ACC1002,16072.89,19.0,False,completed,2026-08-01T21:29:57.717267,"Chennai, IN",iPad Pro (Safari),Rent transfer
TXN_20260801_04757_418680,ACC86445636,ACC50081547,21230.9,22.0,False,completed,2026-08-01T21:22:35.820648,"Ahmedabad, IN",iPhone 16 Pro Max,Software subscription
TXN_20260801_00899_542bda,ACC92107699,ACC97828025,23151.02,20.0,False,completed,2026-08-01T21:12:53.379634,"Kolkata, IN",MacBook Pro (Chrome 128),Online payment
TXN_20260801_04412_e9aced,ACC_RING_C,ACC75311120,14816.78,11.0,False,completed,2026-08-01T20:55:26.563957,"Delhi, IN",Samsung Galaxy S24 Ultra,Vendor payment
TXN_20260801_01489_178574,ACC1003,ACC16314613,38477.68,15.0,False,completed,2026-08-01T20:46:01.532158,"Pune, IN",OnePlus 12,P2P transfer
TXN_20260801_03890_3a6c1a,ACC25189145,ACC39727090,39362.54,6.0,False,completed,2026-08-01T20:44:06.868549,"Kolkata, IN",MacBook Pro (Chrome 128),P2P transfer
TXN_20260801_02138_6dca15,ACC86445636,ACC15373430,35878.81,17.0,False,completed,2026-08-01T20:20:43.680762,"Ahmedabad, IN",Samsung Galaxy S24 Ultra,Grocery purchase
TXN_20260801_00221_97f58e,ACC1002,ACC65809811,38446.71,26.0,False,completed,2026-08-01T19:56:34.942630,"Mumbai, IN",Windows 11 (Edge 128),Utility bill
TXN_20260801_02733_8ace26,ACC72717142,ACC1002,2932.66,17.0,False,completed,2026-08-01T19:56:19.778873,"Ahmedabad, IN",iPhone 16 Pro Max,Software subscription
TXN_20260801_03545_89f4d3,ACC57224534,ACC70103438,21236.88,16.0,False,completed,2026-08-01T19:52:19.986629,"Hyderabad, IN",iPhone 16 Pro Max,Software subscription
TXN_20260801_00428_26ab97,ACC74473089,ACC75385116,27848.5,25.0,False,completed,2026-08-01T19:52:18.365523,"Jaipur, IN",OnePlus 12,P2P transfer
TXN_20260801_00980_6c0a80,ACC_RING_B,ACC75311120,25564.9,14.0,False,completed,2026-08-01T19:42:38.450173,"Kolkata, IN",Samsung Galaxy S24 Ultra,Urgent remittance
TXN_20260801_01432_7d5c17,ACC57224534,ACC20858654,18066.0,21.0,False,completed,2026-08-01T19:42:23.209260,"Kolkata, IN",MacBook Pro (Chrome 128),P2P transfer
TXN_20260801_03076_c76357,ACC75385116,ACC11706152,20317.31,11.0,False,completed,2026-08-01T19:38:30.561233,"Pune, IN",MacBook Pro (Chrome 128),Urgent remittance
TXN_20260801_01323_6d43fa,ACC70103438,ACC72717142,25617.33,25.0,False,completed,2026-08-01T19:20:31.014873,"Ahmedabad, IN",Windows 11 (Edge 128),Grocery purchase
TXN_20260801_00321_9faeca,ACC50081547,ACC75311120,39068.37,9.0,False,completed,2026-08-01T19:09:19.151983,"Hyderabad, IN",Windows 11 (Edge 128),Utility bill
TXN_20260801_01016_0df6fb,ACC20858654,ACC43467724,26316.42,8.0,False,completed,2026-08-01T18:48:21.205326,"Mumbai, IN",MacBook Pro (Chrome 128),P2P transfer
TXN_20260801_03238_f45827,ACC65809811,ACC_RING_B,32835.62,12.0,False,completed,2026-08-01T18:46:15.263668,"Hyderabad, IN",Pixel 9 Pro,P2P transfer
TXN_20260801_03538_2def96,ACC75311120,ACC1003,24863.22,5.0,False,completed,2026-08-01T18:39:13.489378,"Pune, IN",Pixel 9 Pro,Software subscription
TXN_20260801_03741_a5574c,ACC40593754,ACC1001,5986.85,14.0,False,completed,2026-08-01T18:33:05.413381,"Ahmedabad, IN",Pixel 9 Pro,Urgent remittance
TXN_20260801_03832_9ec267,ACC43467724,ACC57224534,16203.36,23.0,False,completed,2026-08-01T18:25:55.125929,"Ahmedabad, IN",iPhone 16 Pro Max,Vendor payment
TXN_20260801_01916_ff2ddb,ACC_RING_C,ACC66777666,22223.19,28.0,False,completed,2026-08-01T18:25:32.237224,"Mumbai, IN",Pixel 9 Pro,P2P transfer
TXN_20260801_02043_7b24b9,ACC39727090,ACC82456100,3942.14,19.0,False,completed,2026-08-01T18:20:12.798180,"Kolkata, IN",Windows 11 (Edge 128),P2P transfer
TXN_20260801_01786_133545,ACC_RING_C,ACC20858654,17715.87,8.0,False,completed,2026-08-01T18:15:23.043552,"Delhi, IN",iPad Pro (Safari),Grocery purchase
TXN_20260801_00537_f9473f,ACC91181015,ACC97828025,33315.12,16.0,False,completed,2026-08-01T18:03:36.141722,"Bangalore, IN",Samsung Galaxy S24 Ultra,Invoice settlement
TXN_20260801_02410_b2941e,ACC75311120,ACC20858654,16201.14,5.0,False,completed,2026-08-01T18:01:03.912015,"Chennai, IN",MacBook Pro (Chrome 128),P2P transfer
TXN_20260801_01419_f691b5,ACC66777666,ACC15373430,44907.0,22.0,False,completed,2026-08-01T18:00:53.759461,"Mumbai, IN",Samsung Galaxy S24 Ultra,Urgent remittance
TXN_20260801_01806_a8bb49,ACC50081547,ACC86445636,29007.68,15.0,False,completed,2026-08-01T17:50:31.291608,"Ahmedabad, IN",Windows 11 (Edge 128),Online payment
TXN_20260801_02884_421aba,ACC91181015,ACC10897161,39351.65,16.0,False,completed,2026-08-01T17:23:22.236879,"Pune, IN",MacBook Pro (Chrome 128),Rent transfer
TXN_20260801_03489_608f93,ACC15373430,ACC82456100,35508.46,17.0,False,completed,2026-08-01T17:19:01.278548,"Delhi, IN",Windows 11 (Edge 128),Rent transfer
TXN_20260801_02098_7f7d18,ACC15211290,ACC59760987,35282.92,7.0,False,completed,2026-08-01T17:03:46.491794,"Jaipur, IN",MacBook Pro (Chrome 128),Software subscription
TXN_20260801_04877_30134a,ACC1003,ACC_RING_B,17845.43,25.0,False,completed,2026-08-01T16:31:52.465150,"Mumbai, IN",Samsung Galaxy S24 Ultra,Online payment
TXN_20260801_02341_dd9b06,ACC66777666,ACC82456100,34410.9,27.0,False,completed,2026-08-01T16:30:53.627902,"Pune, IN",MacBook Pro (Chrome 128),P2P transfer
TXN_20260801_04696_67f3f9,ACC66777666,ACC75385116,2455.73,8.0,False,completed,2026-08-01T16:29:15.700274,"Pune, IN",Pixel 9 Pro,Grocery purchase
TXN_20260801_01304_5505c3,ACC91181015,ACC75311120,511.36,18.0,False,completed,2026-08-01T16:18:28.959750,"Bangalore, IN",MacBook Pro (Chrome 128),Online payment
TXN_20260801_04066_868256,ACC25189145,ACC15211290,30243.46,5.0,False,completed,2026-08-01T16:14:56.471443,"Hyderabad, IN",MacBook Pro (Chrome 128),Vendor payment
TXN_20260801_00858_6c0ef2,ACC10897161,ACC72717142,8454.95,6.0,False,completed,2026-08-01T16:07:19.610862,"Mumbai, IN",Samsung Galaxy S24 Ultra,Software subscription
TXN_20260801_02169_5c455b,ACC_RING_A,ACC_RING_C,22041.4,14.0,False,completed,2026-08-01T15:54:49.710713,"Chennai, IN",OnePlus 12,P2P transfer
TXN_20260801_00723_82445a,ACC_RING_C,ACC70103438,26566.36,28.0,False,completed,2026-08-01T15:54:30.996581,"Chennai, IN",iPhone 16 Pro Max,Rent transfer
TXN_20260801_00668_dfdcf7,ACC1004,ACC75385116,6838.76,27.0,False,completed,2026-08-01T15:44:43.110491,"Mumbai, IN",Windows 11 (Edge 128),Grocery purchase
TXN_20260801_04398_74b0e7,ACC75311120,ACC59760987,24765.26,10.0,False,completed,2026-08-01T15:41:01.336236,"Ahmedabad, IN",Pixel 9 Pro,P2P transfer
TXN_20260801_02071_1b0df4,ACC1004,ACC1001,35982.27,28.0,False,completed,2026-08-01T15:40:37.997403,"Ahmedabad, IN",Pixel 9 Pro,Utility bill
TXN_20260801_03866_d66406,ACC25189145,ACC20858654,42484.11,10.0,False,completed,2026-08-01T15:17:21.727580,"Delhi, IN",OnePlus 12,Software subscription
TXN_20260801_02128_f1f9cc,ACC20858654,ACC25189145,18307.41,10.0,False,completed,2026-08-01T15:11:33.159606,"Mumbai, IN",Pixel 9 Pro,Software subscription
TXN_20260801_03173_96cf9b,ACC15211290,ACC82456100,3585.02,21.0,False,completed,2026-08-01T15:01:13.630010,"Pune, IN",Samsung Galaxy S24 Ultra,Grocery purchase
TXN_20260801_00197_74d8e2,ACC_RING_C,ACC61076366,5385.95,14.0,False,completed,2026-08-01T14:20:07.141915,"Jaipur, IN",Pixel 9 Pro,Grocery purchase
TXN_20260801_03218_9fbf1e,ACC92107699,ACC86445636,6445.35,12.0,False,completed,2026-08-01T14:12:20.917836,"Hyderabad, IN",iPad Pro (Safari),Urgent remittance
TXN_20260801_00931_456c16,ACC15211290,ACC86445636,32160.58,15.0,False,completed,2026-08-01T14:06:24.191801,"Jaipur, IN",Samsung Galaxy S24 Ultra,Software subscription
TXN_20260801_03099_e2a0ba,ACC86445636,ACC74473089,40264.55,5.0,False,completed,2026-08-01T14:04:56.450066,"Bangalore, IN",iPhone 16 Pro Max,P2P transfer
TXN_20260801_04727_5bf58f,ACC61076366,ACC72717142,31615.85,25.0,False,completed,2026-08-01T13:53:45.335894,"Ahmedabad, IN",MacBook Pro (Chrome 128),Grocery purchase
TXN_20260801_03674_ae9d2f,ACC1001,ACC16314613,30326.72,19.0,False,completed,2026-08-01T13:48:25.041609,"Pune, IN",OnePlus 12,Grocery purchase
TXN_20260801_03972_f742f2,ACC10897161,ACC64246741,8230.4,11.0,False,completed,2026-08-01T13:47:33.435954,"Hyderabad, IN",Windows 11 (Edge 128),Software subscription
TXN_20260801_03999_a2de31,ACC1003,ACC20858654,13775.6,10.0,False,completed,2026-08-01T13:42:49.697304,"Ahmedabad, IN",MacBook Pro (Chrome 128),Software subscription
TXN_20260801_01510_9067e8,ACC72717142,ACC86445636,33112.19,6.0,False,completed,2026-08-01T13:28:09.962702,"Pune, IN",Windows 11 (Edge 128),P2P transfer
TXN_20260801_05196_fc8762,ACC16314613,ACC15211290,9658.09,25.0,False,completed,2026-08-01T13:26:34.343045,"Jaipur, IN",OnePlus 12,Online payment
TXN_20260801_03350_c1dfeb,ACC39727090,ACC43907404,43808.32,15.0,False,completed,2026-08-01T13:24:59.298255,"Bangalore, IN",iPhone 16 Pro Max,Software subscription
TXN_20260801_01355_243437,ACC57224534,ACC57029336,4893.74,28.0,False,completed,2026-08-01T13:16:23.497172,"Kolkata, IN",Samsung Galaxy S24 Ultra,Rent transfer
TXN_20260801_00725_da12d7,ACC_RING_B,ACC50081547,34892.4,6.0,False,completed,2026-08-01T12:57:06.000469,"Bangalore, IN",Pixel 9 Pro,Grocery purchase
TXN_20260801_00504_179044,ACC75311120,ACC1004,26812.68,20.0,False,completed,2026-08-01T12:07:19.083351,"Mumbai, IN",iPhone 16 Pro Max,Online payment
TXN_20260801_01186_c0d091,ACC74473089,ACC40593754,13955.42,18.0,False,completed,2026-08-01T12:01:09.861365,"Bangalore, IN",MacBook Pro (Chrome 128),Vendor payment
TXN_20260801_04123_73d338,ACC16314613,ACC70103438,10938.16,27.0,False,completed,2026-08-01T12:00:44.938922,"Jaipur, IN",OnePlus 12,Online payment
TXN_20260801_03619_a06e37,ACC59760987,ACC66777666,11018.81,16.0,False,completed,2026-08-01T12:00:33.165728,"Jaipur, IN",OnePlus 12,Vendor payment
TXN_20260801_05183_fd78ef,ACC57029336,ACC43907404,7103.78,17.0,False,completed,2026-08-01T11:45:51.383844,"Hyderabad, IN",Windows 11 (Edge 128),Vendor payment
TXN_20260801_00906_5281b2,ACC_RING_A,ACC15373430,202.5,16.0,False,completed,2026-08-01T11:36:24.037985,"Bangalore, IN",Pixel 9 Pro,Online payment
TXN_20260801_04593_e4023c,ACC1004,ACC16314613,16421.58,10.0,False,completed,2026-08-01T11:32:00.396571,"Pune, IN",iPad Pro (Safari),Rent transfer
TXN_20260801_02862_3ef498,ACC74473089,ACC61076366,29877.37,25.0,False,completed,2026-08-01T11:28:46.309883,"Mumbai, IN",OnePlus 12,Vendor payment
TXN_20260801_03074_8b884b,ACC36297523,ACC15373430,28367.94,28.0,False,completed,2026-08-01T11:24:05.450192,"Chennai, IN",MacBook Pro (Chrome 128),Urgent remittance
TXN_20260801_03692_99c8ab,ACC75311120,ACC43467724,29117.19,18.0,False,completed,2026-08-01T11:12:53.184441,"Jaipur, IN",Windows 11 (Edge 128),Invoice settlement
TXN_20260801_01440_095d7e,ACC66777666,ACC59760987,207077.0,78.0,True,completed,2026-08-01T11:12:33.257442,"Pune, IN",iPad Pro (Safari),Invoice settlement
TXN_20260801_04373_500f7e,ACC50081547,ACC11706152,10833.15,20.0,False,completed,2026-08-01T11:07:07.857463,"Kolkata, IN",MacBook Pro (Chrome 128),Online payment
TXN_20260801_00611_2e4c97,ACC92107699,ACC57029336,21046.44,20.0,False,completed,2026-08-01T10:36:46.815156,"Mumbai, IN",Pixel 9 Pro,Utility bill
TXN_20260801_00596_ccd945,ACC91181015,ACC61076366,29663.04,10.0,False,completed,2026-08-01T10:29:02.106300,"Mumbai, IN",MacBook Pro (Chrome 128),Grocery purchase
TXN_20260801_00180_f16524,ACC1002,ACC10897161,6706.23,26.0,False,completed,2026-08-01T10:24:45.717893,"Jaipur, IN",Pixel 9 Pro,Invoice settlement
TXN_20260801_01737_683a77,ACC66777666,ACC50081547,2892.45,26.0,False,completed,2026-08-01T10:05:51.070709,"Kolkata, IN",Pixel 9 Pro,Online payment
TXN_20260801_02200_6b150d,ACC92107699,ACC39727090,103234.0,66.0,True,completed,2026-08-01T10:00:11.865664,"Delhi, IN",iPhone 16 Pro Max,Utility bill
TXN_20260801_04843_19ff68,ACC1004,ACC1003,6393.85,12.0,False,completed,2026-08-01T09:58:43.167921,"Delhi, IN",MacBook Pro (Chrome 128),P2P transfer
TXN_20260801_05088_ac3d87,ACC1003,ACC1001,42132.49,11.0,False,completed,2026-08-01T09:58:18.504906,"Delhi, IN",iPad Pro (Safari),Utility bill
TXN_20260801_00274_af9939,ACC_RING_A,ACC86445636,19296.57,13.0,False,completed,2026-08-01T09:36:22.739754,"Chennai, IN",iPad Pro (Safari),Utility bill
TXN_20260801_00040_efa568,ACC64246741,ACC57224534,60297.0,92.0,True,completed,2026-08-01T09:00:27.398290,"Ahmedabad, IN",Pixel 9 Pro,Rent transfer
TXN_20260801_04150_21656f,ACC1002,ACC92107699,38234.19,16.0,False,completed,2026-08-01T08:51:32.265862,"Ahmedabad, IN",Pixel 9 Pro,Rent transfer
TXN_20260801_01793_f89b15,ACC72717142,ACC59760987,14883.75,23.0,False,completed,2026-08-01T08:51:02.382039,"Ahmedabad, IN",iPad Pro (Safari),Consulting fee
TXN_20260801_01250_44756b,ACC1004,ACC74473089,12175.52,20.0,False,completed,2026-08-01T08:51:00.684519,"Delhi, IN",OnePlus 12,Urgent remittance
TXN_20260801_01726_c36004,ACC1003,ACC39727090,10891.81,19.0,False,completed,2026-08-01T08:29:06.029374,"Jaipur, IN",OnePlus 12,P2P transfer
TXN_20260801_03733_96d044,ACC_RING_B,ACC92107699,5708.15,28.0,False,completed,2026-08-01T08:26:23.373244,"Pune, IN",Samsung Galaxy S24 Ultra,Consulting fee
TXN_20260801_01363_d24c4c,ACC72717142,ACC61076366,30274.84,21.0,False,completed,2026-08-01T08:04:18.772964,"Delhi, IN",OnePlus 12,Rent transfer
TXN_20260801_03995_b0de18,ACC20858654,ACC65809811,16268.01,27.0,False,completed,2026-08-01T08:00:47.502246,"Jaipur, IN",iPhone 16 Pro Max,Online payment
TXN_20260801_02708_36bd41,ACC97828025,ACC25189145,16239.89,24.0,False,completed,2026-08-01T07:57:17.903497,"Delhi, IN",Windows 11 (Edge 128),P2P transfer
TXN_20260801_03996_b40b15,ACC11706152,ACC1001,36682.93,28.0,False,completed,2026-08-01T07:51:46.331718,"Mumbai, IN",Samsung Galaxy S24 Ultra,Urgent remittance
TXN_20260801_02509_7fb62f,ACC25189145,ACC91181015,6772.62,27.0,False,completed,2026-08-01T07:05:17.618779,"Hyderabad, IN",Windows 11 (Edge 128),Software subscription
TXN_20260801_02106_ac5436,ACC10897161,ACC16314613,31184.03,28.0,False,completed,2026-08-01T06:51:54.278057,"Jaipur, IN",Pixel 9 Pro,Vendor payment
TXN_20260801_00279_c28fd4,ACC59760987,ACC75385116,44989.85,24.0,False,completed,2026-08-01T06:38:39.315289,"Kolkata, IN",MacBook Pro (Chrome 128),Rent transfer
TXN_20260801_01760_1754dc,ACC65809811,ACC86445636,99719.0,73.0,True,completed,2026-08-01T06:18:33.373820,"Jaipur, IN",Pixel 9 Pro,Online payment
TXN_20260801_05150_bb9693,ACC50081547,ACC25189145,21827.88,12.0,False,completed,2026-08-01T06:16:22.032911,"Hyderabad, IN",Pixel 9 Pro,P2P transfer
TXN_20260801_00956_7db0b5,ACC82456100,ACC1002,5719.9,15.0,False,completed,2026-08-01T06:13:12.755063,"Bangalore, IN",iPad Pro (Safari),Vendor payment
TXN_20260801_03210_f8faa0,ACC43907404,ACC61076366,44865.03,19.0,False,completed,2026-08-01T05:58:46.079349,"Mumbai, IN",MacBook Pro (Chrome 128),Utility bill
TXN_20260801_00594_9fe700,ACC40593754,ACC70103438,14871.02,16.0,False,completed,2026-08-01T05:43:06.180520,"Ahmedabad, IN",MacBook Pro (Chrome 128),Vendor payment
TXN_20260801_00364_e0e653,ACC57029336,ACC64246741,2431.31,22.0,False,completed,2026-08-01T05:38:37.372887,"Kolkata, IN",Samsung Galaxy S24 Ultra,Rent transfer
TXN_20260801_00437_690aea,ACC57224534,ACC82456100,39156.7,11.0,False,completed,2026-08-01T05:03:06.896499,"Delhi, IN",Samsung Galaxy S24 Ultra,Urgent remittance
TXN_20260801_01372_39106d,ACC74473089,ACC11706152,2763.42,7.0,False,completed,2026-08-01T04:48:30.843939,"Delhi, IN",iPhone 16 Pro Max,Online payment
TXN_20260801_03957_09bacc,ACC75311120,ACC57029336,2956.9,12.0,False,completed,2026-08-01T04:45:15.036178,"Chennai, IN",iPhone 16 Pro Max,Urgent remittance
TXN_20260801_03371_ae3ac3,ACC72717142,ACC1001,20259.55,23.0,False,completed,2026-08-01T04:34:28.017444,"Kolkata, IN",iPhone 16 Pro Max,Grocery purchase
TXN_20260801_01828_1ca707,ACC64246741,ACC92107699,6616.18,20.0,False,completed,2026-08-01T04:30:44.453670,"Jaipur, IN",Samsung Galaxy S24 Ultra,P2P transfer
TXN_20260801_04167_2b71a6,ACC97828025,ACC59760987,30337.36,14.0,False,completed,2026-08-01T03:14:44.280653,"Jaipur, IN",Samsung Galaxy S24 Ultra,Rent transfer
TXN_20260801_04703_abd3cc,ACC25189145,ACC72717142,6104.27,25.0,False,completed,2026-08-01T03:08:33.114397,"Jaipur, IN",Windows 11 (Edge 128),Online payment
TXN_20260801_01527_9380e0,ACC57029336,ACC75311120,29300.3,25.0,False,completed,2026-08-01T02:44:55.210253,"Mumbai, IN",Pixel 9 Pro,Rent transfer
TXN_20260801_02381_065a95,ACC15211290,ACC20858654,12418.97,18.0,False,completed,2026-08-01T02:42:22.501627,"Chennai, IN",MacBook Pro (Chrome 128),Rent transfer
TXN_20260801_00945_35d631,ACC64246741,ACC10897161,40683.67,13.0,False,completed,2026-08-01T02:41:32.536826,"Ahmedabad, IN",iPad Pro (Safari),Grocery purchase
TXN_20260801_05037_7bcfe5,ACC75385116,ACC72717142,36273.04,22.0,False,completed,2026-08-01T02:38:54.184731,"Jaipur, IN",MacBook Pro (Chrome 128),Software subscription
TXN_20260801_01789_53160e,ACC50081547,ACC36297523,27364.16,5.0,False,completed,2026-08-01T02:38:09.976706,"Delhi, IN",iPad Pro (Safari),Rent transfer
TXN_20260801_02450_3cdd9d,ACC10897161,ACC15211290,42654.45,18.0,False,completed,2026-08-01T02:30:54.602459,"Delhi, IN",iPad Pro (Safari),P2P transfer
TXN_20260801_01062_0155e0,ACC20858654,ACC1001,1452.56,12.0,False,completed,2026-08-01T02:17:40.384536,"Hyderabad, IN",Pixel 9 Pro,Urgent remittance
TXN_20260801_03393_3f01b2,ACC11706152,ACC10897161,33142.49,23.0,False,completed,2026-08-01T01:56:36.036022,"Hyderabad, IN",Samsung Galaxy S24 Ultra,Urgent remittance
TXN_20260801_01805_face71,ACC97828025,ACC59760987,40864.28,16.0,False,completed,2026-08-01T01:52:38.813501,"Chennai, IN",OnePlus 12,Invoice settlement
TXN_20260801_02327_ba811a,ACC_RING_B,ACC1001,1803.11,22.0,False,completed,2026-08-01T01:36:39.128249,"Chennai, IN",Windows 11 (Edge 128),Grocery purchase
TXN_20260801_02259_21b9fa,ACC1004,ACC59760987,20737.64,26.0,False,completed,2026-08-01T01:15:31.512232,"Delhi, IN",iPhone 16 Pro Max,Online payment
TXN_20260801_03110_b36be3,ACC97828025,ACC74473089,3405.96,19.0,False,completed,2026-08-01T01:08:37.468044,"Hyderabad, IN",Windows 11 (Edge 128),Vendor payment
TXN_20260801_02539_52b2e0,ACC16314613,ACC75385116,6476.12,10.0,False,completed,2026-08-01T01:00:30.679537,"Delhi, IN",iPhone 16 Pro Max,Urgent remittance
TXN_20260801_02707_84dff7,ACC_RING_A,ACC50081547,34363.73,21.0,False,completed,2026-08-01T00:54:17.210406,"Bangalore, IN",OnePlus 12,Software subscription
TXN_20260801_02199_d9a115,ACC1003,ACC36297523,31195.87,12.0,False,completed,2026-08-01T00:52:33.818721,"Kolkata, IN",Windows 11 (Edge 128),P2P transfer
TXN_20260801_05092_6f7b0c,ACC92107699,ACC_RING_A,30658.19,7.0,False,completed,2026-08-01T00:50:54.481451,"Mumbai, IN",Windows 11 (Edge 128),Software subscription
TXN_20260801_00847_5b35da,ACC15373430,ACC43907404,1194.02,21.0,False,completed,2026-08-01T00:44:38.314618,"Chennai, IN",Pixel 9 Pro,P2P transfer
TXN_20260801_05028_a9cbc8,ACC1004,ACC97828025,35688.19,25.0,False,completed,2026-08-01T00:36:47.078786,"Delhi, IN",iPad Pro (Safari),Grocery purchase
TXN_20260801_04701_a0be3f,ACC91181015,ACC43907404,16243.39,19.0,False,completed,2026-08-01T00:04:50.426113,"Mumbai, IN",Windows 11 (Edge 128),Grocery purchase
TXN_20260731_00538_7fedc9,ACC15211290,ACC40593754,4186.46,27.0,False,completed,2026-07-31T23:51:10.058748,"Kolkata, IN",MacBook Pro (Chrome 128),Urgent remittance
TXN_20260731_04156_4642a2,ACC10897161,ACC50081547,26591.15,14.0,False,completed,2026-07-31T23:44:59.907299,"Kolkata, IN",iPad Pro (Safari),Utility bill
TXN_20260731_05043_d83367,ACC40593754,ACC1003,774.58,23.0,False,completed,2026-07-31T23:24:50.969517,"Bangalore, IN",iPhone 16 Pro Max,P2P transfer
TXN_20260731_03753_857ac5,ACC39727090,ACC11706152,294.58,24.0,False,completed,2026-07-31T23:19:46.382451,"Ahmedabad, IN",iPad Pro (Safari),Rent transfer
TXN_20260731_02736_c6d57a,ACC57224534,ACC20858654,44856.85,17.0,False,completed,2026-07-31T22:52:29.259266,"Jaipur, IN",Samsung Galaxy S24 Ultra,Vendor payment
TXN_20260731_04149_70a7b4,ACC_RING_A,ACC36297523,6465.95,13.0,False,completed,2026-07-31T22:48:59.742971,"Chennai, IN",Samsung Galaxy S24 Ultra,Grocery purchase
TXN_20260731_01695_688d4a,ACC_RING_B,ACC11706152,35148.24,8.0,False,completed,2026-07-31T22:47:38.699305,"Bangalore, IN",OnePlus 12,Invoice settlement
TXN_20260731_04162_441312,ACC40593754,ACC75385116,9720.16,12.0,False,completed,2026-07-31T22:45:24.356593,"Chennai, IN",iPad Pro (Safari),Software subscription
TXN_20260731_01651_3cb73e,ACC36297523,ACC43907404,20908.37,24.0,False,completed,2026-07-31T22:33:15.242928,"Hyderabad, IN",MacBook Pro (Chrome 128),Vendor payment
TXN_20260731_03461_5b5da7,ACC70103438,ACC1004,13999.72,13.0,False,completed,2026-07-31T22:30:38.336775,"Kolkata, IN",MacBook Pro (Chrome 128),Software subscription
TXN_20260731_02405_00d158,ACC15211290,ACC97828025,18638.75,11.0,False,completed,2026-07-31T22:24:43.623575,"Pune, IN",Samsung Galaxy S24 Ultra,Grocery purchase
TXN_20260731_02590_d089f7,ACC20858654,ACC91181015,33053.82,16.0,False,completed,2026-07-31T22:22:34.133039,"Chennai, IN",MacBook Pro (Chrome 128),Urgent remittance
TXN_20260731_05007_57005c,ACC36297523,ACC25189145,43221.83,17.0,False,completed,2026-07-31T22:16:43.196554,"Jaipur, IN",iPad Pro (Safari),Consulting fee
TXN_20260731_01650_b61cee,ACC_RING_B,ACC15211290,16138.41,20.0,False,completed,2026-07-31T22:12:13.905594,"Pune, IN",iPhone 16 Pro Max,Grocery purchase
TXN_20260731_00489_493ad8,ACC75385116,ACC43907404,16372.34,28.0,False,completed,2026-07-31T21:59:42.361864,"Bangalore, IN",Pixel 9 Pro,Vendor payment
TXN_20260731_04254_70168a,ACC1001,ACC1004,8137.52,24.0,False,completed,2026-07-31T21:39:43.442236,"Pune, IN",Windows 11 (Edge 128),Software subscription
TXN_20260731_00610_112117,ACC39727090,ACC92107699,19257.81,18.0,False,completed,2026-07-31T21:13:44.966734,"Hyderabad, IN",OnePlus 12,Rent transfer
TXN_20260731_00374_981f13,ACC25189145,ACC1002,7588.3,18.0,False,completed,2026-07-31T21:01:42.161341,"Pune, IN",iPad Pro (Safari),Software subscription
TXN_20260731_05140_d1c9b8,ACC36297523,ACC86445636,20357.94,25.0,False,completed,2026-07-31T21:01:01.281419,"Hyderabad, IN",OnePlus 12,Vendor payment
TXN_20260731_01676_6ee37a,ACC43249524,ACC61076366,14037.58,6.0,False,completed,2026-07-31T20:54:48.374599,"Hyderabad, IN",Windows 11 (Edge 128),Vendor payment
TXN_20260731_02014_d7c25f,ACC43467724,ACC25189145,38153.66,14.0,False,completed,2026-07-31T20:32:57.860587,"Jaipur, IN",Samsung Galaxy S24 Ultra,Grocery purchase
TXN_20260731_04299_38182f,ACC_RING_B,ACC39727090,3442.78,26.0,False,completed,2026-07-31T20:17:55.469686,"Bangalore, IN",Windows 11 (Edge 128),Grocery purchase
TXN_20260731_01618_688d2e,ACC43467724,ACC64246741,32658.28,25.0,False,completed,2026-07-31T20:14:17.022077,"Ahmedabad, IN",iPhone 16 Pro Max,Online payment
TXN_20260731_00859_149a8c,ACC1001,ACC75385116,20218.16,28.0,False,completed,2026-07-31T20:13:26.282753,"Ahmedabad, IN",Windows 11 (Edge 128),Invoice settlement
TXN_20260731_01936_946af4,ACC57224534,ACC43249524,1088.05,27.0,False,completed,2026-07-31T20:01:11.483239,"Hyderabad, IN",MacBook Pro (Chrome 128),Online payment
TXN_20260731_00921_8ef107,ACC75311120,ACC43467724,9929.61,24.0,False,completed,2026-07-31T19:47:14.994445,"Mumbai, IN",Pixel 9 Pro,Utility bill
TXN_20260731_01137_68f2b2,ACC_RING_B,ACC74473089,24498.33,22.0,False,completed,2026-07-31T19:44:34.292554,"Mumbai, IN",Samsung Galaxy S24 Ultra,Invoice settlement
TXN_20260731_01235_5be432,ACC86445636,ACC72717142,13059.98,6.0,False,completed,2026-07-31T19:43:33.974041,"Kolkata, IN",Windows 11 (Edge 128),Utility bill
TXN_20260731_03513_be92f3,ACC_RING_C,ACC43907404,691.14,26.0,False,completed,2026-07-31T19:38:37.331620,"Chennai, IN",iPhone 16 Pro Max,Software subscription
TXN_20260731_01944_81a32e,ACC43467724,ACC57029336,39389.51,18.0,False,completed,2026-07-31T19:23:00.054944,"Hyderabad, IN",iPad Pro (Safari),Software subscription
TXN_20260731_04913_d6d3fb,ACC40593754,ACC43907404,37908.26,28.0,False,completed,2026-07-31T19:20:41.123119,"Ahmedabad, IN",Windows 11 (Edge 128),Vendor payment
TXN_20260731_00740_256d9a,ACC50081547,ACC_RING_C,36450.43,20.0,False,completed,2026-07-31T19:16:31.562593,"Mumbai, IN",Pixel 9 Pro,Grocery purchase
TXN_20260731_02472_02447e,ACC20858654,ACC57029336,6143.08,21.0,False,completed,2026-07-31T18:59:40.811971,"Pune, IN",Samsung Galaxy S24 Ultra,Utility bill
TXN_20260731_00021_9ac21e,ACC64246741,ACC97828025,186895.0,86.0,True,completed,2026-07-31T18:44:02.928032,"Hyderabad, IN",OnePlus 12,Rent transfer
TXN_20260731_04269_681722,ACC43907404,ACC20858654,14668.28,16.0,False,completed,2026-07-31T18:41:28.589773,"Ahmedabad, IN",iPad Pro (Safari),P2P transfer
TXN_20260731_00836_bb338f,ACC20858654,ACC74473089,19496.61,22.0,False,completed,2026-07-31T18:40:39.099879,"Mumbai, IN",Samsung Galaxy S24 Ultra,Online payment
TXN_20260731_04348_342f21,ACC57224534,ACC1001,36859.62,27.0,False,completed,2026-07-31T18:27:40.791472,"Kolkata, IN",iPhone 16 Pro Max,Consulting fee
TXN_20260731_01602_a3c6c8,ACC59760987,ACC1002,20246.22,19.0,False,completed,2026-07-31T18:18:45.040294,"Hyderabad, IN",iPad Pro (Safari),Rent transfer
TXN_20260731_01132_5fd4f7,ACC86445636,ACC59760987,1666.68,27.0,False,completed,2026-07-31T18:17:23.983643,"Jaipur, IN",Windows 11 (Edge 128),Utility bill
TXN_20260731_02581_b0f66f,ACC64246741,ACC50081547,32155.66,10.0,False,completed,2026-07-31T18:04:32.934321,"Jaipur, IN",OnePlus 12,Utility bill
TXN_20260731_01252_36a88a,ACC15373430,ACC16314613,11770.66,24.0,False,completed,2026-07-31T18:04:27.518218,"Jaipur, IN",Pixel 9 Pro,Software subscription
TXN_20260731_03439_3b1724,ACC43249524,ACC1001,26923.57,6.0,False,completed,2026-07-31T17:40:42.955664,"Delhi, IN",iPhone 16 Pro Max,Utility bill
TXN_20260731_02442_ef8880,ACC11706152,ACC72717142,44611.01,24.0,False,completed,2026-07-31T17:36:13.506009,"Chennai, IN",Samsung Galaxy S24 Ultra,Consulting fee
TXN_20260731_00905_1dbda0,ACC75311120,ACC74473089,32037.23,10.0,False,completed,2026-07-31T17:28:31.351129,"Chennai, IN",iPad Pro (Safari),Vendor payment
TXN_20260731_02002_f7c63d,ACC15211290,ACC1004,21085.53,11.0,False,completed,2026-07-31T17:28:27.944876,"Mumbai, IN",Pixel 9 Pro,Invoice settlement
TXN_20260731_04572_598b0c,ACC75311120,ACC43467724,28826.21,18.0,False,completed,2026-07-31T17:17:13.694636,"Jaipur, IN",MacBook Pro (Chrome 128),Utility bill
TXN_20260731_02275_298572,ACC50081547,ACC1002,32356.07,12.0,False,completed,2026-07-31T16:59:15.396982,"Hyderabad, IN",Samsung Galaxy S24 Ultra,Consulting fee
TXN_20260731_02437_c28e50,ACC1002,ACC43467724,5087.53,15.0,False,completed,2026-07-31T16:50:05.971036,"Mumbai, IN",iPhone 16 Pro Max,Software subscription
TXN_20260731_00672_1b1183,ACC92107699,ACC11706152,44537.98,24.0,False,completed,2026-07-31T16:49:02.764646,"Kolkata, IN",Samsung Galaxy S24 Ultra,Grocery purchase
TXN_20260731_02099_7f863b,ACC25189145,ACC15211290,24157.71,25.0,False,completed,2026-07-31T16:47:26.134355,"Kolkata, IN",iPad Pro (Safari),Grocery purchase
TXN_20260731_05097_67d997,ACC_RING_B,ACC57029336,21199.03,7.0,False,completed,2026-07-31T16:41:51.311994,"Mumbai, IN",iPhone 16 Pro Max,Invoice settlement
TXN_20260731_00292_bef083,ACC40593754,ACC36297523,24780.1,11.0,False,completed,2026-07-31T16:16:45.790605,"Kolkata, IN",Pixel 9 Pro,P2P transfer
TXN_20260731_04180_a442f3,ACC43467724,ACC1004,36905.68,13.0,False,completed,2026-07-31T16:14:27.636181,"Kolkata, IN",Windows 11 (Edge 128),Online payment
TXN_20260731_01184_ba6450,ACC_RING_B,ACC57224534,18374.51,18.0,False,completed,2026-07-31T16:12:38.879424,"Bangalore, IN",Windows 11 (Edge 128),Rent transfer
TXN_20260731_05009_befa6f,ACC64246741,ACC43467724,7815.14,26.0,False,completed,2026-07-31T16:09:51.882225,"Delhi, IN",Windows 11 (Edge 128),P2P transfer
TXN_20260731_02298_0f4dae,ACC82456100,ACC15373430,26290.73,28.0,False,completed,2026-07-31T16:07:07.450166,"Kolkata, IN",iPad Pro (Safari),Consulting fee
TXN_20260731_00162_96d488,ACC65809811,ACC_RING_A,36494.68,27.0,False,completed,2026-07-31T16:00:14.792082,"Kolkata, IN",iPhone 16 Pro Max,Grocery purchase
TXN_20260731_00673_4c0054,ACC39727090,ACC_RING_B,25512.14,26.0,False,completed,2026-07-31T15:59:04.056082,"Jaipur, IN",OnePlus 12,Grocery purchase
TXN_20260731_02109_c40a38,ACC40593754,ACC50081547,1626.43,19.0,False,completed,2026-07-31T15:52:40.783292,"Bangalore, IN",iPad Pro (Safari),Software subscription
TXN_20260731_01998_328558,ACC_RING_C,ACC1001,891.7,19.0,False,completed,2026-07-31T15:49:03.121119,"Hyderabad, IN",Samsung Galaxy S24 Ultra,Consulting fee
TXN_20260731_02419_7300f0,ACC15373430,ACC75311120,42453.02,27.0,False,completed,2026-07-31T15:35:26.226983,"Kolkata, IN",OnePlus 12,Rent transfer
TXN_20260731_03429_30d105,ACC20858654,ACC15373430,32387.92,8.0,False,completed,2026-07-31T15:31:31.571400,"Chennai, IN",OnePlus 12,Utility bill
TXN_20260731_04409_200003,ACC92107699,ACC61076366,28492.54,21.0,False,completed,2026-07-31T15:10:31.429615,"Bangalore, IN",iPhone 16 Pro Max,Urgent remittance
TXN_20260731_01051_ee57d2,ACC43907404,ACC15373430,8521.48,12.0,False,completed,2026-07-31T15:09:16.424120,"Chennai, IN",OnePlus 12,P2P transfer
TXN_20260731_01710_2230e7,ACC43467724,ACC40593754,35375.07,16.0,False,completed,2026-07-31T15:06:15.772268,"Delhi, IN",Samsung Galaxy S24 Ultra,Rent transfer
TXN_20260731_03340_3147de,ACC75385116,ACC10897161,24145.93,5.0,False,completed,2026-07-31T15:02:38.284149,"Kolkata, IN",iPad Pro (Safari),Urgent remittance
TXN_20260731_00566_2560a6,ACC1002,ACC72717142,31093.25,23.0,False,completed,2026-07-31T14:56:57.920823,"Bangalore, IN",Pixel 9 Pro,P2P transfer
TXN_20260731_00037_0d0bf8,ACC1004,ACC64246741,186044.0,73.0,True,completed,2026-07-31T14:28:44.460312,"Pune, IN",Samsung Galaxy S24 Ultra,Grocery purchase
TXN_20260731_00731_8020f4,ACC59760987,ACC20858654,35283.87,22.0,False,completed,2026-07-31T14:24:56.983926,"Chennai, IN",OnePlus 12,Vendor payment
TXN_20260731_02308_02b3b5,ACC57224534,ACC16314613,37115.46,23.0,False,completed,2026-07-31T14:17:08.350779,"Ahmedabad, IN",MacBook Pro (Chrome 128),Grocery purchase
TXN_20260731_00642_1970b5,ACC1003,ACC11706152,6587.81,15.0,False,completed,2026-07-31T14:11:16.989550,"Kolkata, IN",iPhone 16 Pro Max,Online payment
TXN_20260731_00868_61b915,ACC36297523,ACC20858654,36181.71,26.0,False,completed,2026-07-31T13:59:22.248797,"Hyderabad, IN",OnePlus 12,Grocery purchase
TXN_20260731_04092_f1c1fb,ACC36297523,ACC25189145,16674.78,6.0,False,completed,2026-07-31T13:44:01.317784,"Jaipur, IN",OnePlus 12,Utility bill
TXN_20260731_00885_b28b9f,ACC57029336,ACC75385116,26454.21,6.0,False,completed,2026-07-31T13:30:07.338824,"Mumbai, IN",Pixel 9 Pro,Invoice settlement
TXN_20260731_01373_2cb91e,ACC66777666,ACC11706152,28344.44,22.0,False,completed,2026-07-31T13:29:08.336664,"Delhi, IN",OnePlus 12,P2P transfer
TXN_20260731_03951_96ad1a,ACC82456100,ACC_RING_B,1009.33,9.0,False,completed,2026-07-31T13:13:56.126075,"Kolkata, IN",iPad Pro (Safari),Grocery purchase
TXN_20260731_00549_71a4df,ACC_RING_C,ACC43907404,42054.47,20.0,False,completed,2026-07-31T12:44:58.566460,"Jaipur, IN",MacBook Pro (Chrome 128),Grocery purchase
TXN_20260731_03971_1c5208,ACC_RING_B,ACC61076366,11776.74,13.0,False,completed,2026-07-31T12:14:58.935219,"Kolkata, IN",iPad Pro (Safari),Urgent remittance
TXN_20260731_01994_dd9ada,ACC92107699,ACC64246741,21338.95,28.0,False,completed,2026-07-31T12:09:56.751857,"Delhi, IN",MacBook Pro (Chrome 128),Vendor payment
TXN_20260731_02222_c65152,ACC10897161,ACC74473089,30250.9,23.0,False,completed,2026-07-31T11:45:33.095782,"Ahmedabad, IN",OnePlus 12,Utility bill
TXN_20260731_00204_8681a6,ACC15373430,ACC25189145,892.04,6.0,False,completed,2026-07-31T11:41:32.317827,"Delhi, IN",MacBook Pro (Chrome 128),Urgent remittance
TXN_20260731_04717_99389b,ACC91181015,ACC10897161,24181.99,22.0,False,completed,2026-07-31T11:38:07.518229,"Mumbai, IN",MacBook Pro (Chrome 128),Consulting fee
TXN_20260731_00369_e15cd8,ACC75311120,ACC40593754,24071.33,8.0,False,completed,2026-07-31T11:37:36.907369,"Ahmedabad, IN",Pixel 9 Pro,Software subscription
TXN_20260731_03543_443e94,ACC92107699,ACC43907404,14737.91,14.0,False,completed,2026-07-31T11:24:37.998882,"Hyderabad, IN",MacBook Pro (Chrome 128),Invoice settlement
TXN_20260731_02177_586f76,ACC75311120,ACC10897161,34013.69,10.0,False,completed,2026-07-31T10:55:34.158432,"Jaipur, IN",iPad Pro (Safari),Invoice settlement
TXN_20260731_01550_e79284,ACC57029336,ACC50081547,33591.12,5.0,False,completed,2026-07-31T10:53:39.258898,"Jaipur, IN",OnePlus 12,Online payment
TXN_20260731_01375_f29527,ACC61076366,ACC_RING_C,23383.53,15.0,False,completed,2026-07-31T10:52:41.125415,"Hyderabad, IN",OnePlus 12,P2P transfer
TXN_20260731_03031_9724dc,ACC66777666,ACC75311120,4446.15,9.0,False,completed,2026-07-31T10:49:07.668612,"Delhi, IN",Windows 11 (Edge 128),Rent transfer
TXN_20260731_03452_f0be32,ACC65809811,ACC15373430,41241.37,7.0,False,completed,2026-07-31T10:18:56.365983,"Hyderabad, IN",OnePlus 12,Software subscription
TXN_20260731_04567_eb0f8d,ACC91181015,ACC1003,12409.18,20.0,False,completed,2026-07-31T10:11:08.727253,"Bangalore, IN",Samsung Galaxy S24 Ultra,Online payment
TXN_20260731_01233_345bb0,ACC1001,ACC11706152,13476.83,25.0,False,completed,2026-07-31T09:49:08.207348,"Chennai, IN",iPhone 16 Pro Max,Rent transfer
TXN_20260731_03257_f33fb8,ACC1001,ACC_RING_C,3212.73,22.0,False,completed,2026-07-31T09:47:20.156373,"Hyderabad, IN",Windows 11 (Edge 128),Grocery purchase
TXN_20260731_02051_d41ff6,ACC43249524,ACC66777666,39060.02,18.0,False,completed,2026-07-31T09:46:59.818154,"Kolkata, IN",Windows 11 (Edge 128),Invoice settlement
TXN_20260731_00867_338dc5,ACC70103438,ACC43907404,14963.8,19.0,False,completed,2026-07-31T09:34:01.426117,"Hyderabad, IN",MacBook Pro (Chrome 128),Utility bill
TXN_20260731_01194_65dc92,ACC15373430,ACC1001,1958.38,28.0,False,completed,2026-07-31T09:21:31.566322,"Ahmedabad, IN",iPad Pro (Safari),Rent transfer
TXN_20260731_04223_f01074,ACC43467724,ACC57224534,24315.85,23.0,False,completed,2026-07-31T09:14:24.267515,"Delhi, IN",MacBook Pro (Chrome 128),Online payment
TXN_20260731_02189_85605e,ACC1002,ACC86445636,39314.95,15.0,False,completed,2026-07-31T09:12:00.036571,"Delhi, IN",iPhone 16 Pro Max,Software subscription
TXN_20260731_03215_266bab,ACC64246741,ACC74473089,26997.18,13.0,False,completed,2026-07-31T09:08:00.446152,"Ahmedabad, IN",Samsung Galaxy S24 Ultra,Grocery purchase
TXN_20260731_03930_fc7b2c,ACC16314613,ACC1001,28281.93,14.0,False,completed,2026-07-31T08:50:36.773699,"Chennai, IN",MacBook Pro (Chrome 128),Urgent remittance
TXN_20260731_02339_9da470,ACC40593754,ACC1004,39792.73,14.0,False,completed,2026-07-31T08:41:50.168633,"Ahmedabad, IN",Samsung Galaxy S24 Ultra,Utility bill
TXN_20260731_00264_36947f,ACC57029336,ACC43907404,13562.37,20.0,False,completed,2026-07-31T08:34:56.147407,"Kolkata, IN",MacBook Pro (Chrome 128),Invoice settlement
TXN_20260731_02429_8caf98,ACC70103438,ACC15373430,2157.84,17.0,False,completed,2026-07-31T08:29:24.728160,"Hyderabad, IN",Samsung Galaxy S24 Ultra,Vendor payment
TXN_20260731_00720_c9daae,ACC43249524,ACC72717142,177199.0,69.0,True,completed,2026-07-31T08:10:25.263017,"Ahmedabad, IN",iPhone 16 Pro Max,Vendor payment
TXN_20260731_00996_919637,ACC20858654,ACC57029336,8648.65,17.0,False,completed,2026-07-31T08:07:42.176007,"Pune, IN",iPhone 16 Pro Max,Grocery purchase
TXN_20260731_02523_983df9,ACC11706152,ACC10897161,2618.02,8.0,False,completed,2026-07-31T08:04:38.370370,"Ahmedabad, IN",Pixel 9 Pro,Utility bill
TXN_20260731_01822_efa383,ACC11706152,ACC16314613,28102.88,23.0,False,completed,2026-07-31T07:48:52.621138,"Bangalore, IN",iPad Pro (Safari),Rent transfer
TXN_20260731_02400_bf7da3,ACC65809811,ACC75385116,137436.0,87.0,True,completed,2026-07-31T07:47:24.179836,"Chennai, IN",iPhone 16 Pro Max,P2P transfer
TXN_20260731_02696_026dce,ACC72717142,ACC75385116,23368.34,27.0,False,completed,2026-07-31T07:46:36.566717,"Delhi, IN",MacBook Pro (Chrome 128),Software subscription
TXN_20260731_02922_924134,ACC57029336,ACC61076366,29303.71,26.0,False,completed,2026-07-31T07:44:19.079691,"Delhi, IN",Samsung Galaxy S24 Ultra,Software subscription
TXN_20260731_01709_b9bf0a,ACC75385116,ACC15211290,19474.65,19.0,False,completed,2026-07-31T07:39:16.817799,"Chennai, IN",Samsung Galaxy S24 Ultra,Utility bill
TXN_20260731_00124_81769b,ACC97828025,ACC74473089,32999.6,20.0,False,completed,2026-07-31T07:39:15.942372,"Ahmedabad, IN",Pixel 9 Pro,Rent transfer
TXN_20260731_00915_e49918,ACC11706152,ACC20858654,19820.85,7.0,False,completed,2026-07-31T07:25:05.041663,"Ahmedabad, IN",OnePlus 12,Online payment
TXN_20260731_00284_130954,ACC59760987,ACC15373430,41991.51,27.0,False,completed,2026-07-31T07:23:02.112897,"Delhi, IN",Samsung Galaxy S24 Ultra,Invoice settlement
TXN_20260731_01637_a52788,ACC1002,ACC43467724,41828.76,24.0,False,completed,2026-07-31T07:12:43.618592,"Bangalore, IN",MacBook Pro (Chrome 128),Urgent remittance
TXN_20260731_03737_bc78f3,ACC86445636,ACC36297523,12411.35,19.0,False,completed,2026-07-31T07:04:16.476099,"Mumbai, IN",Pixel 9 Pro,Online payment
TXN_20260731_00655_961119,ACC1002,ACC72717142,23482.13,19.0,False,completed,2026-07-31T06:53:03.641536,"Bangalore, IN",Pixel 9 Pro,Utility bill
TXN_20260731_04383_58e345,ACC1003,ACC65809811,12554.27,21.0,False,completed,2026-07-31T06:50:25.048480,"Pune, IN",Windows 11 (Edge 128),Grocery purchase
TXN_20260731_04132_b59d27,ACC82456100,ACC66777666,2428.59,22.0,False,completed,2026-07-31T06:49:13.859245,"Bangalore, IN",Samsung Galaxy S24 Ultra,Utility bill
TXN_20260731_03145_9a926c,ACC1003,ACC75385116,1696.73,13.0,False,completed,2026-07-31T06:25:27.386575,"Delhi, IN",Samsung Galaxy S24 Ultra,Utility bill
TXN_20260731_01750_69129c,ACC20858654,ACC16314613,41138.76,16.0,False,completed,2026-07-31T06:25:13.984560,"Jaipur, IN",iPad Pro (Safari),Rent transfer
TXN_20260731_02825_591982,ACC74473089,ACC75385116,33203.62,7.0,False,completed,2026-07-31T06:24:43.967694,"Bangalore, IN",Pixel 9 Pro,Utility bill
TXN_20260731_04406_cb8ccd,ACC43249524,ACC92107699,7009.76,6.0,False,completed,2026-07-31T06:20:38.291562,"Ahmedabad, IN",OnePlus 12,Consulting fee
TXN_20260731_01941_34834b,ACC70103438,ACC92107699,10553.29,23.0,False,completed,2026-07-31T06:20:01.131279,"Kolkata, IN",Windows 11 (Edge 128),Grocery purchase
TXN_20260731_03941_b96df5,ACC43249524,ACC91181015,29089.77,26.0,False,completed,2026-07-31T06:01:23.220000,"Pune, IN",iPhone 16 Pro Max,Rent transfer
TXN_20260731_00267_4a07a0,ACC1001,ACC_RING_A,9495.95,16.0,False,completed,2026-07-31T05:58:01.349539,"Ahmedabad, IN",Windows 11 (Edge 128),Online payment
TXN_20260731_04532_e8fba7,ACC57224534,ACC25189145,5118.46,11.0,False,completed,2026-07-31T05:57:45.071345,"Ahmedabad, IN",iPad Pro (Safari),Utility bill
TXN_20260731_04485_8e86e7,ACC_RING_C,ACC91181015,41448.99,11.0,False,completed,2026-07-31T05:57:26.642667,"Chennai, IN",iPhone 16 Pro Max,Rent transfer
TXN_20260731_03863_5631a9,ACC64246741,ACC1002,28166.52,6.0,False,completed,2026-07-31T05:56:25.898609,"Kolkata, IN",iPhone 16 Pro Max,Software subscription
TXN_20260731_01141_a12166,ACC1001,ACC36297523,34799.16,6.0,False,completed,2026-07-31T05:39:53.848883,"Delhi, IN",OnePlus 12,P2P transfer
TXN_20260731_02729_491ab9,ACC75311120,ACC_RING_A,11801.67,9.0,False,completed,2026-07-31T05:38:49.709134,"Mumbai, IN",MacBook Pro (Chrome 128),Invoice settlement
TXN_20260731_02067_705f2c,ACC43249524,ACC65809811,22689.69,28.0,False,completed,2026-07-31T05:31:54.359700,"Jaipur, IN",Samsung Galaxy S24 Ultra,Grocery purchase
TXN_20260731_00698_7ee476,ACC57224534,ACC1001,35873.89,5.0,False,completed,2026-07-31T05:27:52.120101,"Kolkata, IN",Pixel 9 Pro,Consulting fee
TXN_20260731_00232_8bb26c,ACC40593754,ACC_RING_A,19023.63,13.0,False,completed,2026-07-31T05:18:52.417043,"Ahmedabad, IN",iPhone 16 Pro Max,Grocery purchase
TXN_20260731_02749_841902,ACC70103438,ACC1003,33932.18,6.0,False,completed,2026-07-31T05:13:30.917554,"Hyderabad, IN",Windows 11 (Edge 128),Software subscription
TXN_20260731_04938_d76017,ACC82456100,ACC61076366,5888.44,21.0,False,completed,2026-07-31T05:06:33.601271,"Ahmedabad, IN",iPad Pro (Safari),Software subscription
TXN_20260731_03846_32d920,ACC40593754,ACC_RING_C,42827.48,7.0,False,completed,2026-07-31T04:58:54.216357,"Chennai, IN",Windows 11 (Edge 128),Vendor payment
TXN_20260731_02229_41b36a,ACC1004,ACC1003,41051.22,20.0,False,completed,2026-07-31T04:48:16.872437,"Jaipur, IN",Samsung Galaxy S24 Ultra,Online payment
TXN_20260731_01952_138866,ACC75311120,ACC97828025,16962.3,7.0,False,completed,2026-07-31T04:47:14.253366,"Kolkata, IN",Pixel 9 Pro,Urgent remittance
TXN_20260731_01675_59f87b,ACC65809811,ACC1004,7984.32,12.0,False,completed,2026-07-31T04:37:35.026124,"Bangalore, IN",MacBook Pro (Chrome 128),Utility bill
TXN_20260731_01272_560dc2,ACC65809811,ACC10897161,8615.7,7.0,False,completed,2026-07-31T04:33:28.267053,"Hyderabad, IN",iPad Pro (Safari),Online payment
TXN_20260731_02395_b1a0cb,ACC66777666,ACC65809811,13496.21,21.0,False,completed,2026-07-31T04:29:58.539544,"Mumbai, IN",OnePlus 12,Vendor payment
TXN_20260731_01182_3cd1cf,ACC10897161,ACC70103438,13115.48,28.0,False,completed,2026-07-31T04:27:47.476540,"Ahmedabad, IN",Windows 11 (Edge 128),Grocery purchase
TXN_20260731_02446_7b0df9,ACC1001,ACC1002,23144.08,19.0,False,completed,2026-07-31T04:13:02.276276,"Bangalore, IN",Windows 11 (Edge 128),Grocery purchase
TXN_20260731_00173_1e5b2a,ACC74473089,ACC70103438,26688.58,28.0,False,completed,2026-07-31T04:11:36.457771,"Jaipur, IN",MacBook Pro (Chrome 128),Vendor payment
TXN_20260731_00547_c2361e,ACC75385116,ACC65809811,1114.14,20.0,False,completed,2026-07-31T03:57:34.773138,"Bangalore, IN",iPad Pro (Safari),P2P transfer
TXN_20260731_03745_a8e59e,ACC10897161,ACC66777666,23423.11,19.0,False,completed,2026-07-31T03:50:12.557783,"Mumbai, IN",MacBook Pro (Chrome 128),Software subscription
TXN_20260731_01802_241296,ACC66777666,ACC86445636,10751.47,10.0,False,completed,2026-07-31T03:20:40.695192,"Bangalore, IN",iPhone 16 Pro Max,Grocery purchase
TXN_20260731_04142_df0f63,ACC15373430,ACC1002,29247.63,5.0,False,completed,2026-07-31T03:05:06.553898,"Ahmedabad, IN",iPad Pro (Safari),Utility bill
TXN_20260731_00391_4d95c4,ACC11706152,ACC91181015,1362.15,16.0,False,completed,2026-07-31T03:04:32.149684,"Jaipur, IN",Samsung Galaxy S24 Ultra,Software subscription
TXN_20260731_01662_4e1af0,ACC59760987,ACC43467724,44569.31,24.0,False,completed,2026-07-31T03:03:32.043681,"Jaipur, IN",Pixel 9 Pro,Grocery purchase
TXN_20260731_02985_430023,ACC82456100,ACC61076366,14377.07,22.0,False,completed,2026-07-31T03:02:52.199056,"Hyderabad, IN",Windows 11 (Edge 128),P2P transfer
TXN_20260731_00168_53895a,ACC20858654,ACC1001,3613.4,25.0,False,completed,2026-07-31T02:56:13.848387,"Chennai, IN",iPad Pro (Safari),Urgent remittance
TXN_20260731_02096_aaad6c,ACC61076366,ACC97828025,11515.67,10.0,False,completed,2026-07-31T02:45:52.737271,"Delhi, IN",Windows 11 (Edge 128),Rent transfer
TXN_20260731_00384_2a4890,ACC57029336,ACC59760987,30360.72,12.0,False,completed,2026-07-31T02:30:47.606142,"Chennai, IN",iPhone 16 Pro Max,Grocery purchase
TXN_20260731_03080_e49db8,ACC15373430,ACC20858654,201409.0,95.0,True,completed,2026-07-31T02:25:32.623162,"Chennai, IN",Samsung Galaxy S24 Ultra,Urgent remittance
TXN_20260731_04729_0c2f00,ACC_RING_B,ACC20858654,20610.41,28.0,False,completed,2026-07-31T02:22:29.095722,"Kolkata, IN",MacBook Pro (Chrome 128),Vendor payment
TXN_20260731_01146_531477,ACC15211290,ACC57029336,39326.76,11.0,False,completed,2026-07-31T02:02:50.839135,"Jaipur, IN",Samsung Galaxy S24 Ultra,Grocery purchase
TXN_20260731_04056_8d0cf3,ACC66777666,ACC57224534,44810.51,13.0,False,completed,2026-07-31T01:58:45.766837,"Hyderabad, IN",Windows 11 (Edge 128),Grocery purchase
TXN_20260731_02294_d9afdc,ACC66777666,ACC57224534,18574.9,27.0,False,completed,2026-07-31T01:52:07.264046,"Hyderabad, IN",iPhone 16 Pro Max,Invoice settlement
TXN_20260731_04224_25add5,ACC20858654,ACC15373430,7007.86,12.0,False,completed,2026-07-31T01:49:32.613998,"Jaipur, IN",Windows 11 (Edge 128),Rent transfer
TXN_20260731_02282_e4e6d8,ACC97828025,ACC43467724,15321.97,11.0,False,completed,2026-07-31T01:30:23.526598,"Kolkata, IN",Samsung Galaxy S24 Ultra,P2P transfer
TXN_20260731_04175_c398d0,ACC91181015,ACC1002,5364.45,5.0,False,completed,2026-07-31T01:27:06.051317,"Ahmedabad, IN",iPad Pro (Safari),Online payment
TXN_20260731_02760_72069e,ACC40593754,ACC91181015,233796.0,67.0,True,completed,2026-07-31T01:25:52.507230,"Bangalore, IN",OnePlus 12,Software subscription
TXN_20260731_04627_fb161a,ACC65809811,ACC_RING_C,39115.59,6.0,False,completed,2026-07-31T01:24:38.172420,"Mumbai, IN",Windows 11 (Edge 128),Rent transfer
TXN_20260731_02248_724ae2,ACC86445636,ACC_RING_A,14891.31,25.0,False,completed,2026-07-31T01:23:52.571061,"Delhi, IN",Pixel 9 Pro,Consulting fee
TXN_20260731_04961_68cc93,ACC20858654,ACC57224534,18412.85,26.0,False,completed,2026-07-31T01:21:40.949579,"Delhi, IN",Windows 11 (Edge 128),Grocery purchase
TXN_20260731_00816_ca289b,ACC1002,ACC10897161,33332.29,22.0,False,completed,2026-07-31T01:08:52.407527,"Chennai, IN",MacBook Pro (Chrome 128),Online payment
TXN_20260731_02928_87ffbd,ACC92107699,ACC1004,12837.84,19.0,False,completed,2026-07-31T01:05:57.213118,"Chennai, IN",OnePlus 12,Consulting fee
TXN_20260731_04601_ff3351,ACC40593754,ACC86445636,32291.15,21.0,False,completed,2026-07-31T01:05:27.168827,"Jaipur, IN",iPhone 16 Pro Max,Invoice settlement
TXN_20260731_00339_faa29b,ACC74473089,ACC_RING_B,1414.92,7.0,False,completed,2026-07-31T01:05:03.750260,"Kolkata, IN",Samsung Galaxy S24 Ultra,Invoice settlement
TXN_20260731_03200_855b37,ACC86445636,ACC92107699,186126.0,83.0,True,completed,2026-07-31T00:45:18.178137,"Jaipur, IN",OnePlus 12,Utility bill
TXN_20260731_00908_a03c37,ACC82456100,ACC1001,6776.8,24.0,False,completed,2026-07-31T00:31:44.724081,"Bangalore, IN",Windows 11 (Edge 128),Rent transfer
TXN_20260731_02117_79d92a,ACC20858654,ACC_RING_C,41117.05,18.0,False,completed,2026-07-31T00:18:27.542039,"Ahmedabad, IN",iPhone 16 Pro Max,Grocery purchase
TXN_20260731_04520_120952,ACC50081547,ACC59760987,124353.0,70.0,True,completed,2026-07-31T00:13:15.074769,"Delhi, IN",MacBook Pro (Chrome 128),Grocery purchase
TXN_20260731_03373_9ecc63,ACC1003,ACC43249524,44830.88,26.0,False,completed,2026-07-31T00:07:59.457232,"Kolkata, IN",OnePlus 12,Urgent remittance
TXN_20260730_03507_9706d1,ACC20858654,ACC15373430,24474.09,11.0,False,completed,2026-07-30T23:45:02.812654,"Chennai, IN",iPhone 16 Pro Max,Urgent remittance
TXN_20260730_04606_22787c,ACC15373430,ACC72717142,25595.75,8.0,False,completed,2026-07-30T23:40:48.234676,"Ahmedabad, IN",OnePlus 12,Utility bill
TXN_20260730_01370_624965,ACC97828025,ACC25189145,39115.27,10.0,False,completed,2026-07-30T23:18:12.274382,"Kolkata, IN",Windows 11 (Edge 128),Software subscription
TXN_20260730_04279_96672c,ACC43907404,ACC66777666,35050.6,24.0,False,completed,2026-07-30T22:51:30.612899,"Chennai, IN",Windows 11 (Edge 128),Rent transfer
TXN_20260730_01157_13a629,ACC61076366,ACC_RING_C,18110.76,14.0,False,completed,2026-07-30T22:39:46.643009,"Bangalore, IN",iPhone 16 Pro Max,Urgent remittance
TXN_20260730_04709_02ef0c,ACC97828025,ACC1003,6779.31,27.0,False,completed,2026-07-30T22:36:17.281457,"Chennai, IN",Windows 11 (Edge 128),Consulting fee
TXN_20260730_03147_a4a7a7,ACC65809811,ACC15211290,40795.43,16.0,False,completed,2026-07-30T22:36:11.874651,"Pune, IN",MacBook Pro (Chrome 128),Software subscription
TXN_20260730_04447_46162c,ACC10897161,ACC15373430,37854.19,8.0,False,completed,2026-07-30T22:07:40.324628,"Jaipur, IN",iPhone 16 Pro Max,Software subscription
TXN_20260730_01100_d16d84,ACC43249524,ACC74473089,29605.38,16.0,False,completed,2026-07-30T22:04:10.200878,"Delhi, IN",MacBook Pro (Chrome 128),Rent transfer
TXN_20260730_04314_a8748d,ACC11706152,ACC40593754,28276.58,7.0,False,completed,2026-07-30T21:56:06.778634,"Delhi, IN",Windows 11 (Edge 128),Vendor payment
TXN_20260730_03493_6a1336,ACC_RING_B,ACC57224534,22220.09,13.0,False,completed,2026-07-30T21:55:13.777760,"Kolkata, IN",Windows 11 (Edge 128),Utility bill
TXN_20260730_03721_689889,ACC1004,ACC20858654,25075.53,16.0,False,completed,2026-07-30T21:30:52.398861,"Ahmedabad, IN",iPad Pro (Safari),P2P transfer
TXN_20260730_02645_629c75,ACC75311120,ACC64246741,13735.17,19.0,False,completed,2026-07-30T21:24:32.797013,"Hyderabad, IN",MacBook Pro (Chrome 128),Consulting fee
TXN_20260730_02930_aa021e,ACC39727090,ACC_RING_C,8530.5,17.0,False,completed,2026-07-30T21:08:37.961732,"Pune, IN",MacBook Pro (Chrome 128),Software subscription
TXN_20260730_02903_36fddd,ACC57224534,ACC43249524,18818.13,7.0,False,completed,2026-07-30T21:00:22.893792,"Mumbai, IN",iPhone 16 Pro Max,Online payment
TXN_20260730_00544_d30e84,ACC75385116,ACC36297523,34550.76,27.0,False,completed,2026-07-30T20:57:42.357030,"Bangalore, IN",OnePlus 12,Vendor payment
TXN_20260730_00678_b5cc47,ACC_RING_C,ACC36297523,3451.6,9.0,False,completed,2026-07-30T20:54:29.601712,"Delhi, IN",Pixel 9 Pro,Consulting fee
TXN_20260730_03281_acac2b,ACC36297523,ACC57224534,644.85,15.0,False,completed,2026-07-30T20:33:35.833428,"Kolkata, IN",iPhone 16 Pro Max,Utility bill
TXN_20260730_04972_254abf,ACC1002,ACC59760987,42811.63,22.0,False,completed,2026-07-30T20:23:32.334413,"Jaipur, IN",Pixel 9 Pro,Invoice settlement
TXN_20260730_04413_952380,ACC_RING_A,ACC16314613,29554.73,24.0,False,completed,2026-07-30T20:21:10.215909,"Bangalore, IN",Pixel 9 Pro,Vendor payment
TXN_20260730_04469_470f0d,ACC40593754,ACC82456100,11926.85,5.0,False,completed,2026-07-30T20:20:56.636209,"Ahmedabad, IN",OnePlus 12,P2P transfer
TXN_20260730_01002_792d0e,ACC43249524,ACC57029336,37547.87,11.0,False,completed,2026-07-30T20:15:39.041776,"Mumbai, IN",Samsung Galaxy S24 Ultra,Consulting fee
TXN_20260730_04839_9095b9,ACC50081547,ACC11706152,7234.26,7.0,False,completed,2026-07-30T20:05:24.897987,"Ahmedabad, IN",Samsung Galaxy S24 Ultra,Vendor payment
TXN_20260730_02793_260578,ACC1001,ACC75385116,24055.29,6.0,False,completed,2026-07-30T19:52:03.862873,"Pune, IN",Windows 11 (Edge 128),Consulting fee
TXN_20260730_00860_aab561,ACC57224534,ACC92107699,27453.57,26.0,False,completed,2026-07-30T19:49:38.506032,"Chennai, IN",iPhone 16 Pro Max,Rent transfer
TXN_20260730_01382_7ab419,ACC72717142,ACC75385116,12955.43,6.0,False,completed,2026-07-30T19:26:25.398894,"Hyderabad, IN",MacBook Pro (Chrome 128),Vendor payment
TXN_20260730_04395_9ab5ff,ACC65809811,ACC43467724,9826.62,17.0,False,completed,2026-07-30T19:21:39.137443,"Ahmedabad, IN",iPad Pro (Safari),Software subscription
TXN_20260730_01261_b6821d,ACC20858654,ACC43467724,10006.36,26.0,False,completed,2026-07-30T19:09:17.187521,"Bangalore, IN",MacBook Pro (Chrome 128),Consulting fee
TXN_20260730_01328_2bb124,ACC74473089,ACC16314613,2535.46,15.0,False,completed,2026-07-30T19:09:12.914155,"Hyderabad, IN",iPhone 16 Pro Max,Urgent remittance
TXN_20260730_00527_a66774,ACC59760987,ACC82456100,13189.5,19.0,False,completed,2026-07-30T19:06:07.449132,"Delhi, IN",Pixel 9 Pro,Software subscription
TXN_20260730_01978_27c170,ACC10897161,ACC64246741,19455.87,28.0,False,completed,2026-07-30T19:05:40.378776,"Bangalore, IN",Pixel 9 Pro,Consulting fee
TXN_20260730_02891_01b203,ACC40593754,ACC59760987,3844.12,7.0,False,completed,2026-07-30T18:57:56.598411,"Jaipur, IN",MacBook Pro (Chrome 128),P2P transfer
TXN_20260730_02608_fc55be,ACC40593754,ACC_RING_A,4528.17,10.0,False,completed,2026-07-30T18:55:59.161661,"Jaipur, IN",Pixel 9 Pro,Invoice settlement
TXN_20260730_01656_0d4337,ACC64246741,ACC50081547,7025.7,8.0,False,completed,2026-07-30T18:55:36.729208,"Ahmedabad, IN",MacBook Pro (Chrome 128),P2P transfer
TXN_20260730_03283_5b39d2,ACC1004,ACC15211290,44503.12,7.0,False,completed,2026-07-30T18:22:11.722718,"Mumbai, IN",Windows 11 (Edge 128),Grocery purchase
TXN_20260730_03982_79cebf,ACC40593754,ACC11706152,8292.1,23.0,False,completed,2026-07-30T18:21:55.431623,"Delhi, IN",OnePlus 12,Vendor payment
TXN_20260730_03466_15073c,ACC15373430,ACC97828025,22666.71,27.0,False,completed,2026-07-30T18:09:00.286971,"Delhi, IN",Samsung Galaxy S24 Ultra,Urgent remittance
TXN_20260730_01367_565bdf,ACC1003,ACC36297523,13297.82,14.0,False,completed,2026-07-30T17:51:04.520994,"Ahmedabad, IN",iPad Pro (Safari),P2P transfer
TXN_20260730_03898_dd6c30,ACC91181015,ACC66777666,29043.06,23.0,False,completed,2026-07-30T17:39:08.326429,"Ahmedabad, IN",Pixel 9 Pro,Rent transfer
TXN_20260730_01648_c91881,ACC1004,ACC57224534,19442.15,16.0,False,completed,2026-07-30T17:36:25.991734,"Chennai, IN",MacBook Pro (Chrome 128),Grocery purchase
TXN_20260730_02712_879cca,ACC43907404,ACC92107699,864.95,8.0,False,completed,2026-07-30T17:35:36.697132,"Hyderabad, IN",iPad Pro (Safari),Urgent remittance
TXN_20260730_00095_5af719,ACC36297523,ACC74473089,8287.93,15.0,False,completed,2026-07-30T17:24:19.239596,"Ahmedabad, IN",MacBook Pro (Chrome 128),P2P transfer
TXN_20260730_03533_447ca5,ACC40593754,ACC16314613,12655.61,19.0,False,completed,2026-07-30T17:20:02.178231,"Chennai, IN",Pixel 9 Pro,Utility bill
TXN_20260730_01674_6269c0,ACC_RING_B,ACC10897161,14023.0,23.0,False,completed,2026-07-30T17:19:31.448075,"Hyderabad, IN",iPhone 16 Pro Max,Consulting fee
TXN_20260730_03448_cb3a0f,ACC86445636,ACC74473089,44421.92,21.0,False,completed,2026-07-30T17:08:14.426910,"Ahmedabad, IN",OnePlus 12,P2P transfer
TXN_20260730_00659_711dde,ACC57029336,ACC43907404,9495.68,23.0,False,completed,2026-07-30T16:58:11.038113,"Chennai, IN",iPad Pro (Safari),Software subscription
TXN_20260730_03160_592b72,ACC59760987,ACC16314613,193139.0,69.0,True,completed,2026-07-30T16:55:16.714728,"Jaipur, IN",iPhone 16 Pro Max,Grocery purchase
TXN_20260730_00578_ae0ee9,ACC86445636,ACC91181015,2426.95,12.0,False,completed,2026-07-30T16:46:32.570415,"Kolkata, IN",Samsung Galaxy S24 Ultra,Invoice settlement
TXN_20260730_00605_c5552b,ACC40593754,ACC25189145,29655.91,22.0,False,completed,2026-07-30T16:35:29.844638,"Ahmedabad, IN",Samsung Galaxy S24 Ultra,Online payment
TXN_20260730_04464_051267,ACC86445636,ACC40593754,16470.38,10.0,False,completed,2026-07-30T16:08:49.208484,"Delhi, IN",iPhone 16 Pro Max,Vendor payment
TXN_20260730_04527_88af74,ACC97828025,ACC36297523,4901.19,27.0,False,completed,2026-07-30T16:02:16.612753,"Ahmedabad, IN",MacBook Pro (Chrome 128),Software subscription
TXN_20260730_04426_95ec69,ACC1001,ACC82456100,14854.38,25.0,False,completed,2026-07-30T15:59:20.658804,"Chennai, IN",OnePlus 12,Utility bill
TXN_20260730_00401_4e2dc5,ACC16314613,ACC72717142,23201.04,5.0,False,completed,2026-07-30T15:55:24.104465,"Mumbai, IN",iPhone 16 Pro Max,Grocery purchase
TXN_20260730_03759_4be24e,ACC25189145,ACC65809811,31058.55,9.0,False,completed,2026-07-30T15:44:18.002859,"Hyderabad, IN",iPhone 16 Pro Max,Rent transfer
TXN_20260730_03294_8a62c6,ACC20858654,ACC_RING_C,16142.69,28.0,False,completed,2026-07-30T15:36:56.724005,"Kolkata, IN",Pixel 9 Pro,Consulting fee
TXN_20260730_04130_2a6cfd,ACC43467724,ACC61076366,9818.5,13.0,False,completed,2026-07-30T15:27:17.938545,"Chennai, IN",iPad Pro (Safari),Online payment
TXN_20260730_04898_3d88d8,ACC1001,ACC70103438,8345.84,17.0,False,completed,2026-07-30T15:21:24.511267,"Bangalore, IN",iPhone 16 Pro Max,Software subscription
TXN_20260730_03192_1f343c,ACC75385116,ACC1002,32631.98,24.0,False,completed,2026-07-30T15:14:43.054276,"Chennai, IN",OnePlus 12,Utility bill
TXN_20260730_00325_ae9617,ACC75385116,ACC70103438,8262.82,26.0,False,completed,2026-07-30T15:11:47.316718,"Ahmedabad, IN",Samsung Galaxy S24 Ultra,Online payment
TXN_20260730_01274_b375ad,ACC16314613,ACC66777666,36794.72,14.0,False,completed,2026-07-30T15:07:45.567714,"Mumbai, IN",iPad Pro (Safari),Urgent remittance
TXN_20260730_03490_216c4e,ACC1001,ACC1003,27771.33,9.0,False,completed,2026-07-30T15:05:24.402361,"Mumbai, IN",iPhone 16 Pro Max,P2P transfer
TXN_20260730_02470_9988d4,ACC74473089,ACC_RING_B,32959.85,5.0,False,completed,2026-07-30T14:54:11.929426,"Chennai, IN",iPhone 16 Pro Max,Online payment
TXN_20260730_00691_5742c8,ACC36297523,ACC66777666,10787.89,26.0,False,completed,2026-07-30T14:53:03.316756,"Pune, IN",Windows 11 (Edge 128),Rent transfer
TXN_20260730_05109_4576ba,ACC50081547,ACC64246741,36672.28,15.0,False,completed,2026-07-30T14:09:54.088324,"Bangalore, IN",Windows 11 (Edge 128),P2P transfer
TXN_20260730_04597_b8c6a6,ACC39727090,ACC97828025,15507.16,21.0,False,completed,2026-07-30T14:03:13.953708,"Kolkata, IN",iPad Pro (Safari),Vendor payment
TXN_20260730_01399_dedc55,ACC1003,ACC1004,3924.98,13.0,False,completed,2026-07-30T13:38:30.789422,"Jaipur, IN",iPhone 16 Pro Max,Grocery purchase
TXN_20260730_02003_b21068,ACC97828025,ACC43249524,26405.59,16.0,False,completed,2026-07-30T13:37:47.800863,"Pune, IN",OnePlus 12,Vendor payment
TXN_20260730_02368_f43523,ACC1003,ACC70103438,41891.64,11.0,False,completed,2026-07-30T13:31:56.111127,"Mumbai, IN",OnePlus 12,Rent transfer
TXN_20260730_00081_1c011c,ACC_RING_A,ACC_RING_B,38845.84,26.0,False,completed,2026-07-30T13:16:55.358150,"Jaipur, IN",Windows 11 (Edge 128),Grocery purchase
TXN_20260730_02112_808a97,ACC_RING_C,ACC15373430,22645.67,21.0,False,completed,2026-07-30T13:10:06.558290,"Delhi, IN",Pixel 9 Pro,Invoice settlement
TXN_20260730_00582_33a196,ACC15211290,ACC_RING_A,11308.17,25.0,False,completed,2026-07-30T12:58:24.647106,"Chennai, IN",Samsung Galaxy S24 Ultra,Software subscription
TXN_20260730_03707_7c761d,ACC70103438,ACC86445636,35646.61,19.0,False,completed,2026-07-30T12:44:59.625078,"Ahmedabad, IN",Samsung Galaxy S24 Ultra,Rent transfer
TXN_20260730_02385_179209,ACC43249524,ACC1004,31013.04,14.0,False,completed,2026-07-30T12:44:31.352540,"Chennai, IN",Samsung Galaxy S24 Ultra,Software subscription
TXN_20260730_04659_c76834,ACC97828025,ACC1002,20504.18,13.0,False,completed,2026-07-30T12:05:01.324237,"Jaipur, IN",MacBook Pro (Chrome 128),Grocery purchase
TXN_20260730_01443_6f015f,ACC97828025,ACC50081547,43382.95,15.0,False,completed,2026-07-30T11:57:25.229634,"Chennai, IN",MacBook Pro (Chrome 128),Utility bill
TXN_20260730_00199_a1e321,ACC40593754,ACC39727090,9964.32,17.0,False,completed,2026-07-30T11:52:27.368479,"Bangalore, IN",MacBook Pro (Chrome 128),Consulting fee
TXN_20260730_01082_8309ae,ACC16314613,ACC75311120,2971.45,12.0,False,completed,2026-07-30T11:49:37.384900,"Chennai, IN",OnePlus 12,Consulting fee
TXN_20260730_00699_ac2d38,ACC39727090,ACC82456100,14889.93,18.0,False,completed,2026-07-30T11:43:09.301358,"Ahmedabad, IN",MacBook Pro (Chrome 128),Vendor payment
TXN_20260730_00837_7af56f,ACC75311120,ACC15211290,44007.34,13.0,False,completed,2026-07-30T11:36:10.276210,"Mumbai, IN",iPad Pro (Safari),Online payment
TXN_20260730_05122_8cda6a,ACC15373430,ACC57224534,7826.67,13.0,False,completed,2026-07-30T11:21:33.326553,"Kolkata, IN",Samsung Galaxy S24 Ultra,Online payment
TXN_20260730_00879_1132a0,ACC_RING_B,ACC57224534,29663.05,23.0,False,completed,2026-07-30T11:16:48.627337,"Bangalore, IN",MacBook Pro (Chrome 128),Urgent remittance
TXN_20260730_03944_f2bb6a,ACC50081547,ACC59760987,14561.43,15.0,False,completed,2026-07-30T10:58:57.349774,"Mumbai, IN",iPad Pro (Safari),Utility bill
TXN_20260730_01265_4cd75d,ACC20858654,ACC_RING_C,15162.62,15.0,False,completed,2026-07-30T10:50:09.438490,"Chennai, IN",iPhone 16 Pro Max,Grocery purchase
TXN_20260730_01293_f78e74,ACC10897161,ACC65809811,10436.4,23.0,False,completed,2026-07-30T10:33:32.934536,"Bangalore, IN",OnePlus 12,Urgent remittance
TXN_20260730_01196_cfc2b2,ACC97828025,ACC43249524,17385.58,21.0,False,completed,2026-07-30T10:30:07.410478,"Ahmedabad, IN",iPad Pro (Safari),Software subscription
TXN_20260730_03949_0b84f9,ACC97828025,ACC70103438,31153.15,28.0,False,completed,2026-07-30T10:25:03.350531,"Hyderabad, IN",Windows 11 (Edge 128),Consulting fee
TXN_20260730_02343_4926e8,ACC66777666,ACC15373430,10728.72,5.0,False,completed,2026-07-30T10:23:27.968771,"Kolkata, IN",MacBook Pro (Chrome 128),Invoice settlement
TXN_20260730_04292_00e279,ACC10897161,ACC1002,44791.09,13.0,False,completed,2026-07-30T10:10:25.193232,"Delhi, IN",Pixel 9 Pro,Consulting fee
TXN_20260730_04510_0a089d,ACC40593754,ACC43467724,2358.3,14.0,False,completed,2026-07-30T10:09:25.698703,"Kolkata, IN",Samsung Galaxy S24 Ultra,Software subscription
TXN_20260730_01174_788b11,ACC_RING_B,ACC61076366,1118.88,27.0,False,completed,2026-07-30T10:05:17.728900,"Delhi, IN",OnePlus 12,Online payment
TXN_20260730_03834_cd6b23,ACC64246741,ACC11706152,5887.69,5.0,False,completed,2026-07-30T10:04:15.343879,"Bangalore, IN",Windows 11 (Edge 128),Software subscription
TXN_20260730_01331_6a3d86,ACC_RING_B,ACC40593754,30101.1,24.0,False,completed,2026-07-30T09:56:55.050475,"Kolkata, IN",Windows 11 (Edge 128),Software subscription
TXN_20260730_00282_6df291,ACC36297523,ACC20858654,13852.18,10.0,False,completed,2026-07-30T09:53:52.351523,"Pune, IN",iPad Pro (Safari),Consulting fee
TXN_20260730_01632_396e50,ACC_RING_A,ACC43467724,14725.49,22.0,False,completed,2026-07-30T09:38:35.300765,"Mumbai, IN",iPhone 16 Pro Max,Invoice settlement
TXN_20260730_03819_dc7e57,ACC_RING_C,ACC1003,28030.63,27.0,False,completed,2026-07-30T09:19:29.630583,"Delhi, IN",MacBook Pro (Chrome 128),Software subscription
TXN_20260730_00864_86c653,ACC40593754,ACC_RING_B,24374.79,11.0,False,completed,2026-07-30T09:05:26.865267,"Bangalore, IN",Pixel 9 Pro,Software subscription
TXN_20260730_03961_783072,ACC_RING_A,ACC61076366,1335.76,18.0,False,completed,2026-07-30T09:05:06.575656,"Kolkata, IN",OnePlus 12,Online payment
TXN_20260730_02311_00180d,ACC82456100,ACC65809811,38577.19,6.0,False,completed,2026-07-30T08:58:13.291817,"Mumbai, IN",iPhone 16 Pro Max,Invoice settlement
TXN_20260730_04872_6edaa5,ACC50081547,ACC70103438,10022.37,23.0,False,completed,2026-07-30T08:57:11.648848,"Hyderabad, IN",Samsung Galaxy S24 Ultra,Consulting fee
TXN_20260730_00345_7e7ce8,ACC20858654,ACC50081547,11566.43,28.0,False,completed,2026-07-30T08:44:45.147770,"Kolkata, IN",Windows 11 (Edge 128),Software subscription
TXN_20260730_02776_f3e570,ACC75311120,ACC50081547,34384.56,6.0,False,completed,2026-07-30T08:38:23.285388,"Hyderabad, IN",iPhone 16 Pro Max,Grocery purchase
TXN_20260730_02292_cf82b8,ACC15211290,ACC_RING_A,42813.26,8.0,False,completed,2026-07-30T08:16:22.242286,"Kolkata, IN",iPad Pro (Safari),Rent transfer
TXN_20260730_02058_f4c3ea,ACC10897161,ACC75311120,27566.9,25.0,False,completed,2026-07-30T08:15:22.123541,"Kolkata, IN",Samsung Galaxy S24 Ultra,Invoice settlement
TXN_20260730_04458_0933e4,ACC39727090,ACC36297523,30388.34,26.0,False,completed,2026-07-30T08:01:16.892876,"Mumbai, IN",Pixel 9 Pro,P2P transfer
TXN_20260730_04328_db8145,ACC75385116,ACC40593754,28226.45,6.0,False,completed,2026-07-30T08:00:12.627023,"Bangalore, IN",Windows 11 (Edge 128),P2P transfer
TXN_20260730_02478_f26206,ACC15373430,ACC66777666,21627.02,11.0,False,completed,2026-07-30T07:20:19.944406,"Ahmedabad, IN",iPhone 16 Pro Max,Utility bill
TXN_20260730_04086_c91d41,ACC97828025,ACC91181015,27058.42,19.0,False,completed,2026-07-30T07:19:40.518712,"Delhi, IN",Samsung Galaxy S24 Ultra,Online payment
TXN_20260730_03958_38b080,ACC15373430,ACC61076366,1828.09,23.0,False,completed,2026-07-30T07:08:19.075022,"Ahmedabad, IN",MacBook Pro (Chrome 128),Utility bill
TXN_20260730_05102_542afb,ACC15211290,ACC15373430,19923.81,9.0,False,completed,2026-07-30T07:05:07.097594,"Hyderabad, IN",Pixel 9 Pro,Consulting fee
TXN_20260730_03953_748f55,ACC75385116,ACC82456100,23425.1,9.0,False,completed,2026-07-30T06:49:50.903671,"Pune, IN",OnePlus 12,Urgent remittance
TXN_20260730_04091_21e283,ACC20858654,ACC91181015,14134.16,27.0,False,completed,2026-07-30T06:34:35.207716,"Ahmedabad, IN",Samsung Galaxy S24 Ultra,Consulting fee
TXN_20260730_02601_7b1754,ACC64246741,ACC40593754,39185.49,26.0,False,completed,2026-07-30T06:30:16.776197,"Jaipur, IN",iPhone 16 Pro Max,Invoice settlement
TXN_20260730_03984_388377,ACC59760987,ACC39727090,1220.26,14.0,False,completed,2026-07-30T05:28:06.523209,"Mumbai, IN",Windows 11 (Edge 128),Invoice settlement
TXN_20260730_03381_14446e,ACC74473089,ACC16314613,42401.64,5.0,False,completed,2026-07-30T05:13:20.188108,"Mumbai, IN",Samsung Galaxy S24 Ultra,Vendor payment
TXN_20260730_02637_6ad33c,ACC43249524,ACC75311120,44037.46,20.0,False,completed,2026-07-30T05:11:42.646658,"Pune, IN",MacBook Pro (Chrome 128),Utility bill
TXN_20260730_01815_b610cd,ACC1004,ACC20858654,11747.88,23.0,False,completed,2026-07-30T05:11:31.225406,"Mumbai, IN",OnePlus 12,Utility bill
TXN_20260730_02711_de0b62,ACC50081547,ACC43467724,31882.6,22.0,False,completed,2026-07-30T05:01:44.492764,"Kolkata, IN",MacBook Pro (Chrome 128),Rent transfer
TXN_20260730_01417_ec522f,ACC_RING_C,ACC50081547,17823.51,16.0,False,completed,2026-07-30T04:47:30.040342,"Pune, IN",Samsung Galaxy S24 Ultra,Rent transfer
TXN_20260730_05038_77a1f5,ACC43249524,ACC10897161,4980.74,23.0,False,completed,2026-07-30T04:46:00.324253,"Ahmedabad, IN",iPad Pro (Safari),Rent transfer
TXN_20260730_03085_964113,ACC86445636,ACC39727090,39591.62,22.0,False,completed,2026-07-30T04:43:12.714323,"Kolkata, IN",Pixel 9 Pro,Urgent remittance
TXN_20260730_04220_a0532a,ACC91181015,ACC40593754,4815.6,26.0,False,completed,2026-07-30T04:35:00.479311,"Chennai, IN",Windows 11 (Edge 128),P2P transfer
TXN_20260730_02917_fcc661,ACC_RING_A,ACC20858654,32389.82,5.0,False,completed,2026-07-30T04:24:33.049208,"Hyderabad, IN",Windows 11 (Edge 128),Urgent remittance
TXN_20260730_00447_04b1f6,ACC50081547,ACC36297523,20459.08,12.0,False,completed,2026-07-30T04:21:47.719151,"Jaipur, IN",Windows 11 (Edge 128),Utility bill
TXN_20260730_00342_5b2c30,ACC_RING_A,ACC74473089,20265.03,7.0,False,completed,2026-07-30T04:02:23.835163,"Delhi, IN",Pixel 9 Pro,P2P transfer
TXN_20260730_02853_8d4eaa,ACC15211290,ACC43907404,20981.89,23.0,False,completed,2026-07-30T03:39:23.098611,"Delhi, IN",OnePlus 12,Utility bill
TXN_20260730_04168_1566ca,ACC75311120,ACC74473089,20222.48,28.0,False,completed,2026-07-30T02:54:51.169343,"Chennai, IN",OnePlus 12,Online payment
TXN_20260730_01433_e3d9a9,ACC10897161,ACC1004,13937.65,27.0,False,completed,2026-07-30T02:43:44.459712,"Chennai, IN",MacBook Pro (Chrome 128),Invoice settlement
TXN_20260730_01386_2ff180,ACC97828025,ACC61076366,20048.45,22.0,False,completed,2026-07-30T02:37:05.182482,"Kolkata, IN",MacBook Pro (Chrome 128),Grocery purchase
TXN_20260730_01273_94b35f,ACC86445636,ACC1001,23018.11,7.0,False,completed,2026-07-30T02:30:53.315049,"Hyderabad, IN",Samsung Galaxy S24 Ultra,Urgent remittance
TXN_20260730_02843_8c8751,ACC1004,ACC43249524,26361.96,14.0,False,completed,2026-07-30T02:29:05.683700,"Bangalore, IN",Windows 11 (Edge 128),Grocery purchase
TXN_20260730_00606_7701c3,ACC50081547,ACC66777666,41094.09,28.0,False,completed,2026-07-30T02:28:28.615840,"Ahmedabad, IN",iPad Pro (Safari),Vendor payment
TXN_20260730_02740_12ea17,ACC16314613,ACC_RING_A,9068.67,26.0,False,completed,2026-07-30T02:23:09.697660,"Chennai, IN",iPad Pro (Safari),Urgent remittance
TXN_20260730_00212_682686,ACC15373430,ACC16314613,8951.51,11.0,False,completed,2026-07-30T02:13:33.619713,"Bangalore, IN",OnePlus 12,Urgent remittance
TXN_20260730_04643_f2915e,ACC25189145,ACC74473089,3352.91,26.0,False,completed,2026-07-30T01:43:49.426589,"Delhi, IN",Windows 11 (Edge 128),Grocery purchase
TXN_20260730_04756_9f1cee,ACC40593754,ACC43907404,44447.71,11.0,False,completed,2026-07-30T01:34:12.674819,"Ahmedabad, IN",iPad Pro (Safari),P2P transfer
TXN_20260730_04261_192074,ACC1001,ACC1003,17284.91,14.0,False,completed,2026-07-30T01:14:00.634354,"Delhi, IN",Pixel 9 Pro,Utility bill
TXN_20260730_01431_e5388e,ACC75311120,ACC50081547,5775.68,14.0,False,completed,2026-07-30T01:11:53.460757,"Hyderabad, IN",iPhone 16 Pro Max,Software subscription
TXN_20260730_01193_e9d84a,ACC97828025,ACC61076366,925.67,28.0,False,completed,2026-07-30T01:00:28.898292,"Pune, IN",MacBook Pro (Chrome 128),Grocery purchase
TXN_20260730_05152_3e07bb,ACC1001,ACC86445636,32020.21,20.0,False,completed,2026-07-30T00:21:40.397157,"Kolkata, IN",MacBook Pro (Chrome 128),Vendor payment
TXN_20260730_02662_f1d4b9,ACC16314613,ACC72717142,30390.51,23.0,False,completed,2026-07-30T00:17:25.722559,"Hyderabad, IN",OnePlus 12,Grocery purchase
TXN_20260729_04829_e5377b,ACC75311120,ACC_RING_B,36565.9,14.0,False,completed,2026-07-29T23:45:42.389722,"Pune, IN",iPhone 16 Pro Max,Utility bill
TXN_20260729_02562_23e456,ACC25189145,ACC70103438,3029.71,24.0,False,completed,2026-07-29T23:43:35.779414,"Hyderabad, IN",Windows 11 (Edge 128),Utility bill
TXN_20260729_04560_13a7fe,ACC1003,ACC36297523,212330.0,69.0,True,completed,2026-07-29T23:25:19.150139,"Jaipur, IN",OnePlus 12,Grocery purchase
TXN_20260729_02681_a1ea59,ACC1004,ACC72717142,26569.96,11.0,False,completed,2026-07-29T23:21:32.624097,"Delhi, IN",Pixel 9 Pro,Online payment
TXN_20260729_00911_f8a50a,ACC_RING_C,ACC75311120,35158.63,13.0,False,completed,2026-07-29T23:15:09.870451,"Pune, IN",Pixel 9 Pro,Utility bill
TXN_20260729_01081_d770e6,ACC75385116,ACC50081547,26265.85,7.0,False,completed,2026-07-29T22:39:06.889839,"Delhi, IN",OnePlus 12,Online payment
TXN_20260729_01076_62ec6d,ACC57029336,ACC82456100,20544.4,10.0,False,completed,2026-07-29T22:37:54.584747,"Chennai, IN",OnePlus 12,Online payment
TXN_20260729_00326_76815a,ACC15373430,ACC59760987,21403.23,14.0,False,completed,2026-07-29T22:36:17.081652,"Delhi, IN",Pixel 9 Pro,Online payment
TXN_20260729_03879_350d66,ACC61076366,ACC20858654,43838.16,19.0,False,completed,2026-07-29T22:16:00.223217,"Hyderabad, IN",Windows 11 (Edge 128),Rent transfer
TXN_20260729_00067_15e9e2,ACC_RING_C,ACC1004,15112.12,20.0,False,completed,2026-07-29T22:06:24.410497,"Kolkata, IN",iPad Pro (Safari),Invoice settlement
TXN_20260729_02309_075893,ACC1002,ACC86445636,10817.32,28.0,False,completed,2026-07-29T22:02:53.547035,"Pune, IN",iPhone 16 Pro Max,Invoice settlement
TXN_20260729_00601_ae2896,ACC74473089,ACC82456100,29559.09,8.0,False,completed,2026-07-29T22:01:02.451967,"Delhi, IN",Windows 11 (Edge 128),Rent transfer
TXN_20260729_00394_3133fd,ACC70103438,ACC40593754,21065.51,8.0,False,completed,2026-07-29T22:00:21.302919,"Hyderabad, IN",Pixel 9 Pro,Invoice settlement
TXN_20260729_00225_8fad5e,ACC_RING_B,ACC1003,39939.87,15.0,False,completed,2026-07-29T21:50:53.782496,"Kolkata, IN",Pixel 9 Pro,Invoice settlement
TXN_20260729_05133_45d5cf,ACC25189145,ACC1002,40041.3,14.0,False,completed,2026-07-29T21:36:08.135359,"Pune, IN",Samsung Galaxy S24 Ultra,Vendor payment
TXN_20260729_04061_7325b2,ACC65809811,ACC1002,33004.04,20.0,False,completed,2026-07-29T21:29:01.534719,"Jaipur, IN",iPhone 16 Pro Max,Software subscription
TXN_20260729_02947_489d5b,ACC50081547,ACC10897161,29862.92,19.0,False,completed,2026-07-29T21:24:06.876987,"Pune, IN",Samsung Galaxy S24 Ultra,Software subscription
TXN_20260729_03208_4aa3ff,ACC75385116,ACC1002,43739.89,8.0,False,completed,2026-07-29T21:01:02.517736,"Kolkata, IN",OnePlus 12,Grocery purchase
TXN_20260729_01638_3f46e1,ACC97828025,ACC10897161,6188.09,8.0,False,completed,2026-07-29T20:58:46.857056,"Mumbai, IN",iPhone 16 Pro Max,Online payment
TXN_20260729_03318_385c1e,ACC57029336,ACC97828025,18027.97,21.0,False,completed,2026-07-29T20:51:21.706945,"Jaipur, IN",iPad Pro (Safari),Utility bill
TXN_20260729_00656_eeec85,ACC97828025,ACC72717142,13924.47,17.0,False,completed,2026-07-29T20:36:52.634758,"Hyderabad, IN",Samsung Galaxy S24 Ultra,Invoice settlement
TXN_20260729_02649_d4b6bd,ACC43907404,ACC_RING_B,23365.6,17.0,False,completed,2026-07-29T20:34:06.475180,"Ahmedabad, IN",Pixel 9 Pro,P2P transfer
TXN_20260729_05125_5c8895,ACC1001,ACC66777666,3154.55,11.0,False,completed,2026-07-29T20:25:42.109859,"Delhi, IN",OnePlus 12,Vendor payment
TXN_20260729_01551_206e0d,ACC64246741,ACC25189145,32555.69,9.0,False,completed,2026-07-29T20:24:20.385463,"Mumbai, IN",iPad Pro (Safari),Consulting fee
TXN_20260729_03855_e43a43,ACC61076366,ACC97828025,37516.44,7.0,False,completed,2026-07-29T20:19:20.062501,"Delhi, IN",Pixel 9 Pro,Online payment
TXN_20260729_02674_46ae28,ACC39727090,ACC82456100,10460.93,27.0,False,completed,2026-07-29T20:08:35.026347,"Chennai, IN",Windows 11 (Edge 128),Invoice settlement
TXN_20260729_01965_24db8c,ACC11706152,ACC15211290,22698.12,19.0,False,completed,2026-07-29T20:07:30.791707,"Mumbai, IN",MacBook Pro (Chrome 128),Grocery purchase
TXN_20260729_02658_ba94d4,ACC15211290,ACC10897161,31115.91,14.0,False,completed,2026-07-29T19:59:11.378537,"Kolkata, IN",Samsung Galaxy S24 Ultra,Vendor payment
TXN_20260729_02485_1b046a,ACC72717142,ACC61076366,19621.09,7.0,False,completed,2026-07-29T19:48:59.908802,"Pune, IN",Windows 11 (Edge 128),Utility bill
TXN_20260729_03631_d6e650,ACC10897161,ACC_RING_B,30230.17,25.0,False,completed,2026-07-29T19:38:58.822557,"Hyderabad, IN",MacBook Pro (Chrome 128),Grocery purchase
TXN_20260729_04136_412221,ACC74473089,ACC1003,30431.95,6.0,False,completed,2026-07-29T19:34:50.706321,"Hyderabad, IN",iPhone 16 Pro Max,Online payment
TXN_20260729_03211_9b6311,ACC_RING_C,ACC74473089,17104.15,13.0,False,completed,2026-07-29T19:33:46.446913,"Mumbai, IN",Windows 11 (Edge 128),Invoice settlement
TXN_20260729_02007_9cc08c,ACC40593754,ACC43907404,27478.19,14.0,False,completed,2026-07-29T19:04:42.798073,"Chennai, IN",Windows 11 (Edge 128),Software subscription
TXN_20260729_02857_e34c25,ACC1003,ACC50081547,29538.8,6.0,False,completed,2026-07-29T19:01:52.213461,"Kolkata, IN",iPhone 16 Pro Max,Grocery purchase
TXN_20260729_01840_8fdccc,ACC57029336,ACC91181015,166100.0,79.0,True,completed,2026-07-29T18:47:58.164923,"Delhi, IN",Samsung Galaxy S24 Ultra,Invoice settlement
TXN_20260729_03572_629d25,ACC75385116,ACC61076366,40291.43,17.0,False,completed,2026-07-29T18:33:43.642417,"Ahmedabad, IN",Pixel 9 Pro,Utility bill
TXN_20260729_04940_b0dc6c,ACC82456100,ACC66777666,29753.66,20.0,False,completed,2026-07-29T18:29:12.665928,"Bangalore, IN",Pixel 9 Pro,Vendor payment
TXN_20260729_04494_f8d292,ACC82456100,ACC86445636,1145.67,23.0,False,completed,2026-07-29T18:28:39.981205,"Mumbai, IN",Pixel 9 Pro,Software subscription
TXN_20260729_03583_21ab52,ACC25189145,ACC1004,13808.76,5.0,False,completed,2026-07-29T18:25:27.797550,"Ahmedabad, IN",Pixel 9 Pro,P2P transfer
TXN_20260729_04969_a2254f,ACC74473089,ACC11706152,36906.91,13.0,False,completed,2026-07-29T18:25:24.843871,"Pune, IN",iPad Pro (Safari),Consulting fee
TXN_20260729_02686_3b1906,ACC92107699,ACC86445636,14091.99,20.0,False,completed,2026-07-29T18:24:28.087921,"Kolkata, IN",OnePlus 12,Grocery purchase
TXN_20260729_02766_00e605,ACC92107699,ACC75311120,2695.6,26.0,False,completed,2026-07-29T18:17:50.598588,"Mumbai, IN",MacBook Pro (Chrome 128),Urgent remittance
TXN_20260729_02596_e4ccf0,ACC_RING_A,ACC64246741,26846.53,16.0,False,completed,2026-07-29T18:03:28.939774,"Ahmedabad, IN",MacBook Pro (Chrome 128),Rent transfer
TXN_20260729_03241_6ac673,ACC1003,ACC1004,3921.74,11.0,False,completed,2026-07-29T18:03:12.693475,"Pune, IN",Pixel 9 Pro,Consulting fee
TXN_20260729_04154_625671,ACC1004,ACC43907404,38971.27,11.0,False,completed,2026-07-29T17:59:34.004886,"Chennai, IN",Samsung Galaxy S24 Ultra,Vendor payment
TXN_20260729_03838_34d332,ACC66777666,ACC1002,16618.44,6.0,False,completed,2026-07-29T17:26:00.368646,"Jaipur, IN",Pixel 9 Pro,Rent transfer
TXN_20260729_02042_ae2ff1,ACC97828025,ACC82456100,4693.83,21.0,False,completed,2026-07-29T17:23:39.895165,"Mumbai, IN",Pixel 9 Pro,Software subscription
TXN_20260729_00246_9c749f,ACC_RING_B,ACC64246741,19476.97,14.0,False,completed,2026-07-29T17:19:50.151387,"Delhi, IN",OnePlus 12,Urgent remittance
TXN_20260729_02072_8a5d56,ACC70103438,ACC_RING_B,31181.41,20.0,False,completed,2026-07-29T17:11:04.515312,"Jaipur, IN",MacBook Pro (Chrome 128),Online payment
TXN_20260729_02881_0fc818,ACC25189145,ACC15211290,22443.15,7.0,False,completed,2026-07-29T17:03:05.447209,"Delhi, IN",iPhone 16 Pro Max,Invoice settlement
TXN_20260729_01724_209858,ACC39727090,ACC92107699,34106.83,21.0,False,completed,2026-07-29T17:00:31.835031,"Chennai, IN",Pixel 9 Pro,Vendor payment
TXN_20260729_01521_bc2cb5,ACC43249524,ACC39727090,6597.62,23.0,False,completed,2026-07-29T16:55:41.743301,"Mumbai, IN",iPhone 16 Pro Max,Urgent remittance
TXN_20260729_00198_5a3902,ACC74473089,ACC25189145,26636.61,18.0,False,completed,2026-07-29T16:55:32.006022,"Kolkata, IN",OnePlus 12,Vendor payment
TXN_20260729_01176_ef2175,ACC_RING_B,ACC72717142,10181.88,7.0,False,completed,2026-07-29T16:54:49.587537,"Pune, IN",MacBook Pro (Chrome 128),Consulting fee
TXN_20260729_02409_6975a3,ACC_RING_C,ACC1004,12132.48,22.0,False,completed,2026-07-29T16:49:43.447990,"Hyderabad, IN",MacBook Pro (Chrome 128),Software subscription
TXN_20260729_00439_1c2205,ACC82456100,ACC40593754,38221.66,9.0,False,completed,2026-07-29T16:46:27.777362,"Pune, IN",OnePlus 12,Invoice settlement
TXN_20260729_01635_109f74,ACC1003,ACC_RING_A,23450.67,23.0,False,completed,2026-07-29T16:37:50.329573,"Bangalore, IN",OnePlus 12,Rent transfer
TXN_20260729_02824_7440c7,ACC1001,ACC36297523,22966.78,9.0,False,completed,2026-07-29T16:36:50.386705,"Jaipur, IN",OnePlus 12,Rent transfer
TXN_20260729_04780_b23cf6,ACC86445636,ACC11706152,32301.9,22.0,False,completed,2026-07-29T16:01:45.374738,"Pune, IN",Pixel 9 Pro,Vendor payment
TXN_20260729_01769_aba5bb,ACC57029336,ACC61076366,41956.67,17.0,False,completed,2026-07-29T16:00:45.909264,"Kolkata, IN",Pixel 9 Pro,Rent transfer
TXN_20260729_02834_c7780b,ACC_RING_C,ACC43249524,10962.56,20.0,False,completed,2026-07-29T15:40:18.187957,"Ahmedabad, IN",Windows 11 (Edge 128),Consulting fee
TXN_20260729_01420_d572ae,ACC82456100,ACC97828025,41656.88,14.0,False,completed,2026-07-29T15:29:47.148267,"Mumbai, IN",iPad Pro (Safari),Vendor payment
TXN_20260729_04826_1b2d17,ACC43467724,ACC57224534,27973.26,27.0,False,completed,2026-07-29T15:13:53.396081,"Ahmedabad, IN",Windows 11 (Edge 128),Online payment
TXN_20260729_03443_8b6e88,ACC59760987,ACC1002,11148.24,19.0,False,completed,2026-07-29T15:07:32.557108,"Bangalore, IN",Windows 11 (Edge 128),Urgent remittance
TXN_20260729_01198_c8d647,ACC65809811,ACC_RING_C,22640.68,6.0,False,completed,2026-07-29T14:59:34.462740,"Jaipur, IN",MacBook Pro (Chrome 128),Rent transfer
TXN_20260729_01300_973f03,ACC59760987,ACC36297523,16562.63,14.0,False,completed,2026-07-29T14:57:15.530074,"Mumbai, IN",MacBook Pro (Chrome 128),P2P transfer
TXN_20260729_02285_7a9a64,ACC66777666,ACC43249524,28730.46,5.0,False,completed,2026-07-29T14:53:57.527317,"Jaipur, IN",iPad Pro (Safari),Vendor payment
TXN_20260729_04809_10ba2d,ACC15211290,ACC1001,42082.02,24.0,False,completed,2026-07-29T14:53:25.263572,"Bangalore, IN",Pixel 9 Pro,Invoice settlement
TXN_20260729_00397_c2c7ff,ACC66777666,ACC57224534,22182.14,8.0,False,completed,2026-07-29T14:52:35.331200,"Chennai, IN",Samsung Galaxy S24 Ultra,Invoice settlement
TXN_20260729_04072_598127,ACC50081547,ACC97828025,10339.29,18.0,False,completed,2026-07-29T14:43:36.816454,"Hyderabad, IN",Samsung Galaxy S24 Ultra,Invoice settlement
TXN_20260729_00277_afd98c,ACC74473089,ACC75385116,26252.99,12.0,False,completed,2026-07-29T14:42:33.164948,"Pune, IN",Pixel 9 Pro,Urgent remittance
TXN_20260729_04871_0ef193,ACC43249524,ACC15373430,16120.26,8.0,False,completed,2026-07-29T14:34:02.918400,"Ahmedabad, IN",OnePlus 12,Vendor payment
TXN_20260729_01933_00ec65,ACC66777666,ACC40593754,2402.4,13.0,False,completed,2026-07-29T14:28:46.725588,"Ahmedabad, IN",OnePlus 12,Vendor payment
TXN_20260729_03346_7f6204,ACC1003,ACC11706152,40238.84,26.0,False,completed,2026-07-29T14:11:43.980844,"Chennai, IN",Windows 11 (Edge 128),Software subscription
TXN_20260729_00774_d13765,ACC1004,ACC43907404,8891.04,17.0,False,completed,2026-07-29T14:08:14.844942,"Jaipur, IN",MacBook Pro (Chrome 128),Utility bill
TXN_20260729_01050_4116ab,ACC11706152,ACC70103438,30162.69,13.0,False,completed,2026-07-29T14:01:27.157713,"Chennai, IN",Pixel 9 Pro,Software subscription
TXN_20260729_01931_ee8ef8,ACC75311120,ACC15373430,5137.77,8.0,False,completed,2026-07-29T13:39:36.844636,"Pune, IN",Samsung Galaxy S24 Ultra,Rent transfer
TXN_20260729_04320_cac4c4,ACC20858654,ACC39727090,213039.0,76.0,True,completed,2026-07-29T13:37:25.533902,"Pune, IN",Pixel 9 Pro,Utility bill
TXN_20260729_01263_a5b2f7,ACC86445636,ACC11706152,37624.02,18.0,False,completed,2026-07-29T13:34:22.364005,"Kolkata, IN",Windows 11 (Edge 128),P2P transfer
TXN_20260729_03634_daf53e,ACC75385116,ACC64246741,17263.89,22.0,False,completed,2026-07-29T13:26:55.554457,"Jaipur, IN",OnePlus 12,Invoice settlement
TXN_20260729_01490_2a2638,ACC43249524,ACC15211290,31386.54,20.0,False,completed,2026-07-29T13:18:56.908956,"Kolkata, IN",Pixel 9 Pro,Urgent remittance
TXN_20260729_03033_44d90d,ACC65809811,ACC43249524,38434.2,5.0,False,completed,2026-07-29T13:04:59.894947,"Pune, IN",Samsung Galaxy S24 Ultra,Invoice settlement
TXN_20260729_00169_64c17e,ACC92107699,ACC82456100,25928.5,5.0,False,completed,2026-07-29T13:03:42.186653,"Jaipur, IN",Pixel 9 Pro,P2P transfer
TXN_20260729_00966_b9a48e,ACC72717142,ACC92107699,37885.66,19.0,False,completed,2026-07-29T12:48:50.465886,"Bangalore, IN",iPhone 16 Pro Max,P2P transfer
TXN_20260729_00968_ef1fb3,ACC1004,ACC65809811,4499.32,18.0,False,completed,2026-07-29T12:19:37.379771,"Ahmedabad, IN",OnePlus 12,Invoice settlement
TXN_20260729_01943_f47db3,ACC75311120,ACC40593754,44035.27,15.0,False,completed,2026-07-29T12:18:27.191468,"Delhi, IN",MacBook Pro (Chrome 128),Urgent remittance
TXN_20260729_00166_cee7ad,ACC16314613,ACC15373430,28659.42,10.0,False,completed,2026-07-29T12:11:32.065373,"Delhi, IN",Windows 11 (Edge 128),Rent transfer
TXN_20260729_01971_e09775,ACC70103438,ACC92107699,28374.9,7.0,False,completed,2026-07-29T11:58:03.923689,"Jaipur, IN",MacBook Pro (Chrome 128),Vendor payment
TXN_20260729_05156_3a9565,ACC_RING_A,ACC72717142,7221.15,16.0,False,completed,2026-07-29T11:39:53.845530,"Jaipur, IN",Windows 11 (Edge 128),Invoice settlement
TXN_20260729_01707_dc1a4a,ACC75385116,ACC50081547,27500.42,15.0,False,completed,2026-07-29T11:29:13.531872,"Ahmedabad, IN",iPhone 16 Pro Max,Utility bill
TXN_20260729_04993_5ddf08,ACC75311120,ACC92107699,17933.5,7.0,False,completed,2026-07-29T11:15:09.881528,"Kolkata, IN",OnePlus 12,Grocery purchase
TXN_20260729_03540_a0a1e0,ACC75311120,ACC43249524,30695.03,12.0,False,completed,2026-07-29T11:08:13.506086,"Ahmedabad, IN",iPhone 16 Pro Max,Invoice settlement
TXN_20260729_00854_bf5181,ACC40593754,ACC10897161,13649.23,18.0,False,completed,2026-07-29T10:51:33.573474,"Hyderabad, IN",Samsung Galaxy S24 Ultra,Utility bill
TXN_20260729_02833_789baa,ACC59760987,ACC15373430,41645.12,20.0,False,completed,2026-07-29T10:42:37.201866,"Chennai, IN",Samsung Galaxy S24 Ultra,Software subscription
TXN_20260729_01461_d03289,ACC36297523,ACC64246741,26300.18,27.0,False,completed,2026-07-29T10:41:24.785789,"Delhi, IN",Windows 11 (Edge 128),Utility bill
TXN_20260729_00411_6eb66a,ACC64246741,ACC1003,39571.48,14.0,False,completed,2026-07-29T10:34:28.680493,"Bangalore, IN",Samsung Galaxy S24 Ultra,Grocery purchase
TXN_20260729_03017_149ee1,ACC16314613,ACC86445636,4040.07,17.0,False,completed,2026-07-29T10:19:59.608518,"Mumbai, IN",Samsung Galaxy S24 Ultra,Urgent remittance
TXN_20260729_01086_3b4543,ACC72717142,ACC75311120,28803.53,16.0,False,completed,2026-07-29T10:18:56.612338,"Mumbai, IN",iPhone 16 Pro Max,P2P transfer
TXN_20260729_02013_da013a,ACC36297523,ACC86445636,37148.75,18.0,False,completed,2026-07-29T10:13:12.630954,"Ahmedabad, IN",Samsung Galaxy S24 Ultra,P2P transfer
TXN_20260729_01118_086b4f,ACC40593754,ACC70103438,32279.81,8.0,False,completed,2026-07-29T10:09:58.151810,"Jaipur, IN",iPad Pro (Safari),P2P transfer
TXN_20260729_02015_5bdb93,ACC43249524,ACC59760987,44691.53,25.0,False,completed,2026-07-29T10:05:04.461164,"Mumbai, IN",Pixel 9 Pro,Utility bill
TXN_20260729_00429_ee63e4,ACC86445636,ACC16314613,22817.03,8.0,False,completed,2026-07-29T09:58:52.590711,"Pune, IN",iPad Pro (Safari),Rent transfer
TXN_20260729_02431_a3f5b2,ACC15373430,ACC82456100,7929.78,15.0,False,completed,2026-07-29T09:37:09.434640,"Jaipur, IN",MacBook Pro (Chrome 128),Vendor payment
TXN_20260729_01126_15127e,ACC59760987,ACC11706152,12137.58,26.0,False,completed,2026-07-29T09:14:05.221659,"Bangalore, IN",iPad Pro (Safari),Rent transfer
TXN_20260729_01296_18c264,ACC1001,ACC36297523,42517.95,9.0,False,completed,2026-07-29T09:12:56.174957,"Bangalore, IN",iPhone 16 Pro Max,Software subscription
TXN_20260729_04101_dd1989,ACC97828025,ACC50081547,20821.53,12.0,False,completed,2026-07-29T09:04:40.632427,"Mumbai, IN",OnePlus 12,Utility bill
TXN_20260729_02967_b9b015,ACC75385116,ACC43249524,23426.94,18.0,False,completed,2026-07-29T08:55:02.626809,"Hyderabad, IN",iPhone 16 Pro Max,Vendor payment
TXN_20260729_01054_416258,ACC1004,ACC43467724,23831.74,15.0,False,completed,2026-07-29T08:53:23.385441,"Mumbai, IN",OnePlus 12,Online payment
TXN_20260729_00502_4dce40,ACC43467724,ACC_RING_B,41589.4,19.0,False,completed,2026-07-29T08:34:27.129488,"Mumbai, IN",OnePlus 12,Vendor payment
TXN_20260729_03604_d31b7b,ACC65809811,ACC72717142,16858.25,8.0,False,completed,2026-07-29T08:02:39.246486,"Bangalore, IN",OnePlus 12,Rent transfer
TXN_20260729_00347_0a4778,ACC65809811,ACC20858654,19356.02,21.0,False,completed,2026-07-29T08:00:51.998251,"Hyderabad, IN",Pixel 9 Pro,Software subscription
TXN_20260729_00083_bf82bc,ACC61076366,ACC66777666,38221.45,5.0,False,completed,2026-07-29T07:33:19.598657,"Bangalore, IN",Windows 11 (Edge 128),Vendor payment
TXN_20260729_04547_b70efe,ACC15373430,ACC50081547,32890.86,5.0,False,completed,2026-07-29T07:30:45.930117,"Hyderabad, IN",iPhone 16 Pro Max,Invoice settlement
TXN_20260729_05077_47e912,ACC1001,ACC43907404,25828.98,24.0,False,completed,2026-07-29T07:20:38.366086,"Hyderabad, IN",iPhone 16 Pro Max,Rent transfer
TXN_20260729_01393_28ee71,ACC59760987,ACC92107699,34103.48,24.0,False,completed,2026-07-29T07:16:23.389925,"Jaipur, IN",iPad Pro (Safari),Urgent remittance
TXN_20260729_04363_1399c7,ACC_RING_C,ACC66777666,8448.93,26.0,False,completed,2026-07-29T07:16:12.894146,"Ahmedabad, IN",Samsung Galaxy S24 Ultra,Software subscription
TXN_20260729_00273_b07d84,ACC40593754,ACC82456100,12529.64,26.0,False,completed,2026-07-29T07:15:03.587510,"Kolkata, IN",MacBook Pro (Chrome 128),Utility bill
TXN_20260729_03911_046abd,ACC1004,ACC16314613,31225.25,6.0,False,completed,2026-07-29T07:14:12.651939,"Ahmedabad, IN",iPad Pro (Safari),Rent transfer
TXN_20260729_01046_cb618b,ACC43907404,ACC20858654,37066.03,12.0,False,completed,2026-07-29T07:00:32.252362,"Jaipur, IN",Pixel 9 Pro,Urgent remittance
TXN_20260729_01222_c369b7,ACC40593754,ACC66777666,39312.28,24.0,False,completed,2026-07-29T06:52:41.855923,"Chennai, IN",iPhone 16 Pro Max,P2P transfer
TXN_20260729_03348_8d395f,ACC74473089,ACC1004,22083.41,16.0,False,completed,2026-07-29T06:52:13.754229,"Ahmedabad, IN",Windows 11 (Edge 128),P2P transfer
TXN_20260729_00842_06b876,ACC65809811,ACC43467724,912.78,15.0,False,completed,2026-07-29T06:39:59.022529,"Jaipur, IN",Samsung Galaxy S24 Ultra,Consulting fee
TXN_20260729_02670_59bc5d,ACC50081547,ACC66777666,850.7,15.0,False,completed,2026-07-29T06:36:22.951837,"Jaipur, IN",Windows 11 (Edge 128),Grocery purchase
TXN_20260729_02324_07cab0,ACC20858654,ACC70103438,38635.39,6.0,False,completed,2026-07-29T06:35:23.531004,"Bangalore, IN",OnePlus 12,Online payment
TXN_20260729_04206_19a5d2,ACC61076366,ACC86445636,40194.08,16.0,False,completed,2026-07-29T06:32:32.321678,"Kolkata, IN",Pixel 9 Pro,Urgent remittance
TXN_20260729_03052_9b5150,ACC25189145,ACC66777666,18833.14,23.0,False,completed,2026-07-29T06:16:04.154749,"Delhi, IN",OnePlus 12,Rent transfer
TXN_20260729_00011_2115c3,ACC91181015,ACC74473089,190849.0,87.0,True,completed,2026-07-29T06:04:50.386934,"Mumbai, IN",iPhone 16 Pro Max,Grocery purchase
TXN_20260729_02046_91ae3d,ACC91181015,ACC15373430,27098.09,18.0,False,completed,2026-07-29T05:51:44.612655,"Jaipur, IN",OnePlus 12,Utility bill
TXN_20260729_02180_99b32e,ACC43907404,ACC_RING_C,2270.0,10.0,False,completed,2026-07-29T05:41:24.073120,"Kolkata, IN",Pixel 9 Pro,P2P transfer
TXN_20260729_00263_5eb0fc,ACC36297523,ACC61076366,27201.13,17.0,False,completed,2026-07-29T05:38:06.883663,"Hyderabad, IN",Windows 11 (Edge 128),Vendor payment
TXN_20260729_00257_5eee6a,ACC20858654,ACC64246741,8515.48,13.0,False,completed,2026-07-29T05:22:58.003763,"Mumbai, IN",Pixel 9 Pro,Grocery purchase
TXN_20260729_04504_c8e507,ACC39727090,ACC11706152,7791.69,11.0,False,completed,2026-07-29T05:03:34.312636,"Chennai, IN",OnePlus 12,Grocery purchase
TXN_20260729_04618_fb66c2,ACC59760987,ACC92107699,33106.66,17.0,False,completed,2026-07-29T04:58:02.079133,"Kolkata, IN",MacBook Pro (Chrome 128),Online payment
TXN_20260729_04848_884c79,ACC15211290,ACC64246741,14621.64,25.0,False,completed,2026-07-29T04:52:21.095006,"Ahmedabad, IN",Windows 11 (Edge 128),Software subscription
TXN_20260729_00600_7c379d,ACC1004,ACC43249524,79914.0,81.0,True,completed,2026-07-29T04:21:23.640800,"Pune, IN",Windows 11 (Edge 128),Software subscription
TXN_20260729_01513_e325af,ACC97828025,ACC15211290,18809.15,17.0,False,completed,2026-07-29T04:18:31.115070,"Ahmedabad, IN",Samsung Galaxy S24 Ultra,Urgent remittance
TXN_20260729_04353_e74448,ACC39727090,ACC64246741,38793.84,15.0,False,completed,2026-07-29T04:11:54.925192,"Delhi, IN",Pixel 9 Pro,Online payment
TXN_20260729_01972_84ef87,ACC40593754,ACC25189145,21289.65,17.0,False,completed,2026-07-29T04:02:06.060270,"Pune, IN",Pixel 9 Pro,Urgent remittance
TXN_20260729_00535_c4628e,ACC75311120,ACC59760987,5181.52,16.0,False,completed,2026-07-29T03:58:32.063167,"Jaipur, IN",Windows 11 (Edge 128),Vendor payment
TXN_20260729_01362_bcb470,ACC43467724,ACC1003,812.93,14.0,False,completed,2026-07-29T03:58:04.098366,"Chennai, IN",iPhone 16 Pro Max,Urgent remittance
TXN_20260729_04550_49757f,ACC92107699,ACC43467724,16124.4,25.0,False,completed,2026-07-29T03:56:01.683836,"Pune, IN",Windows 11 (Edge 128),Rent transfer
TXN_20260729_03980_fc5806,ACC86445636,ACC64246741,43945.61,14.0,False,completed,2026-07-29T03:49:13.785141,"Pune, IN",OnePlus 12,Consulting fee
TXN_20260729_01540_5f6d39,ACC75311120,ACC97828025,34149.33,23.0,False,completed,2026-07-29T03:48:05.974141,"Delhi, IN",iPad Pro (Safari),Utility bill
TXN_20260729_01144_533b65,ACC1002,ACC43249524,9872.9,12.0,False,completed,2026-07-29T03:46:39.940928,"Hyderabad, IN",iPad Pro (Safari),Grocery purchase
TXN_20260729_03285_7fac6b,ACC57029336,ACC72717142,18391.43,27.0,False,completed,2026-07-29T03:45:50.207497,"Ahmedabad, IN",OnePlus 12,Rent transfer
TXN_20260729_00334_22ed34,ACC15373430,ACC1001,42906.19,18.0,False,completed,2026-07-29T03:34:11.132169,"Hyderabad, IN",Windows 11 (Edge 128),Consulting fee
TXN_20260729_03865_3b8c92,ACC75311120,ACC40593754,10365.45,12.0,False,completed,2026-07-29T03:19:56.259891,"Pune, IN",OnePlus 12,P2P transfer
TXN_20260729_02609_c3dc6c,ACC39727090,ACC75385116,37710.2,17.0,False,completed,2026-07-29T03:12:36.434402,"Pune, IN",iPad Pro (Safari),Utility bill
TXN_20260729_01228_752306,ACC16314613,ACC43249524,24959.58,21.0,False,completed,2026-07-29T02:53:53.719263,"Pune, IN",OnePlus 12,Invoice settlement
TXN_20260729_00940_a4e893,ACC_RING_C,ACC75385116,40640.99,11.0,False,completed,2026-07-29T02:47:19.879579,"Delhi, IN",MacBook Pro (Chrome 128),Urgent remittance
TXN_20260729_04742_a9028a,ACC1001,ACC75311120,23697.18,10.0,False,completed,2026-07-29T02:41:15.066243,"Bangalore, IN",Samsung Galaxy S24 Ultra,Vendor payment
TXN_20260729_04310_7a919d,ACC25189145,ACC86445636,8092.24,28.0,False,completed,2026-07-29T02:38:34.349059,"Ahmedabad, IN",iPhone 16 Pro Max,Rent transfer
TXN_20260729_00657_090347,ACC59760987,ACC36297523,11696.51,11.0,False,completed,2026-07-29T02:28:33.595089,"Hyderabad, IN",Pixel 9 Pro,Online payment
TXN_20260729_02818_7ac0ba,ACC16314613,ACC_RING_C,963.13,24.0,False,completed,2026-07-29T02:13:38.488938,"Pune, IN",Pixel 9 Pro,Consulting fee
TXN_20260729_03546_aaf54f,ACC1001,ACC20858654,7632.88,18.0,False,completed,2026-07-29T02:07:55.576167,"Bangalore, IN",iPad Pro (Safari),Consulting fee
TXN_20260729_03081_cf25e8,ACC_RING_A,ACC92107699,25273.37,20.0,False,completed,2026-07-29T01:35:27.833393,"Kolkata, IN",iPhone 16 Pro Max,Grocery purchase
TXN_20260729_01376_6f636d,ACC43467724,ACC25189145,20371.81,21.0,False,completed,2026-07-29T01:28:26.479491,"Bangalore, IN",Windows 11 (Edge 128),Online payment
TXN_20260729_02136_befb59,ACC39727090,ACC50081547,39827.07,25.0,False,completed,2026-07-29T01:16:38.076428,"Ahmedabad, IN",OnePlus 12,Software subscription
TXN_20260729_01113_797e12,ACC_RING_B,ACC1004,24697.87,26.0,False,completed,2026-07-29T01:16:31.532983,"Delhi, IN",iPhone 16 Pro Max,Online payment
TXN_20260729_02894_7ffbdb,ACC25189145,ACC43907404,23902.89,18.0,False,completed,2026-07-29T01:04:33.299428,"Delhi, IN",OnePlus 12,Urgent remittance
TXN_20260729_05065_834b82,ACC50081547,ACC66777666,25058.83,27.0,False,completed,2026-07-29T00:55:47.720105,"Mumbai, IN",Pixel 9 Pro,Utility bill
TXN_20260729_02964_a4861a,ACC66777666,ACC70103438,4002.02,6.0,False,completed,2026-07-29T00:52:19.560324,"Chennai, IN",Windows 11 (Edge 128),P2P transfer
TXN_20260729_03245_548d95,ACC20858654,ACC_RING_B,3253.87,16.0,False,completed,2026-07-29T00:42:17.545155,"Jaipur, IN",Samsung Galaxy S24 Ultra,Software subscription
TXN_20260729_00153_471eaa,ACC61076366,ACC97828025,35050.77,8.0,False,completed,2026-07-29T00:35:40.384945,"Delhi, IN",iPad Pro (Safari),Online payment
TXN_20260729_01416_51e54d,ACC16314613,ACC75311120,3756.27,16.0,False,completed,2026-07-29T00:32:22.044177,"Delhi, IN",MacBook Pro (Chrome 128),Rent transfer
TXN_20260729_01771_73aa17,ACC1002,ACC82456100,26808.96,5.0,False,completed,2026-07-29T00:21:33.503190,"Chennai, IN",Windows 11 (Edge 128),Vendor payment
TXN_20260729_03190_8879ff,ACC86445636,ACC_RING_B,10538.96,7.0,False,completed,2026-07-29T00:11:08.506686,"Delhi, IN",Pixel 9 Pro,Rent transfer
TXN_20260729_03844_e39083,ACC20858654,ACC1001,36691.67,26.0,False,completed,2026-07-29T00:07:59.513996,"Chennai, IN",Pixel 9 Pro,Grocery purchase
TXN_20260729_03345_1d30e0,ACC97828025,ACC_RING_A,5830.07,21.0,False,completed,2026-07-29T00:03:25.552535,"Pune, IN",OnePlus 12,Urgent remittance
TXN_20260728_03927_4a2f3d,ACC61076366,ACC66777666,26340.14,23.0,False,completed,2026-07-28T23:46:21.986435,"Kolkata, IN",OnePlus 12,Urgent remittance
TXN_20260728_04815_249492,ACC1003,ACC75385116,28503.79,7.0,False,completed,2026-07-28T23:36:07.053394,"Hyderabad, IN",Samsung Galaxy S24 Ultra,Utility bill
TXN_20260728_01079_bfeff3,ACC1002,ACC92107699,43169.26,24.0,False,completed,2026-07-28T23:35:52.309751,"Kolkata, IN",Pixel 9 Pro,Online payment
TXN_20260728_02281_db67d2,ACC70103438,ACC61076366,37239.88,20.0,False,completed,2026-07-28T23:34:13.488611,"Hyderabad, IN",Pixel 9 Pro,Invoice settlement
TXN_20260728_03023_88ff78,ACC64246741,ACC16314613,40298.64,9.0,False,completed,2026-07-28T23:32:26.869248,"Delhi, IN",Windows 11 (Edge 128),Vendor payment
TXN_20260728_00268_0803eb,ACC86445636,ACC64246741,37444.11,17.0,False,completed,2026-07-28T23:27:36.301826,"Bangalore, IN",Pixel 9 Pro,Vendor payment
TXN_20260728_00171_dc9ba4,ACC40593754,ACC_RING_B,22341.72,8.0,False,completed,2026-07-28T22:48:55.895335,"Kolkata, IN",iPad Pro (Safari),Consulting fee
TXN_20260728_04247_1e6cb1,ACC72717142,ACC59760987,34174.33,21.0,False,completed,2026-07-28T22:48:06.564667,"Pune, IN",MacBook Pro (Chrome 128),Online payment
TXN_20260728_00586_f6840b,ACC65809811,ACC70103438,40547.9,11.0,False,completed,2026-07-28T22:41:52.756614,"Kolkata, IN",Pixel 9 Pro,Grocery purchase
TXN_20260728_00569_2fa279,ACC36297523,ACC1003,33448.22,11.0,False,completed,2026-07-28T22:39:12.909474,"Pune, IN",Windows 11 (Edge 128),Vendor payment
TXN_20260728_00086_59afe3,ACC_RING_C,ACC59760987,11456.98,11.0,False,completed,2026-07-28T22:33:46.469259,"Kolkata, IN",iPad Pro (Safari),Online payment
TXN_20260728_00801_70a3c9,ACC75311120,ACC1003,41670.59,11.0,False,completed,2026-07-28T22:31:57.468226,"Kolkata, IN",OnePlus 12,Utility bill
TXN_20260728_00628_721c13,ACC_RING_C,ACC_RING_A,1722.86,22.0,False,completed,2026-07-28T22:29:05.308310,"Mumbai, IN",Windows 11 (Edge 128),Online payment
TXN_20260728_00269_8d327a,ACC43467724,ACC61076366,30264.89,10.0,False,completed,2026-07-28T22:18:30.516979,"Jaipur, IN",iPhone 16 Pro Max,Urgent remittance
TXN_20260728_04793_344254,ACC_RING_C,ACC61076366,19585.73,27.0,False,completed,2026-07-28T21:42:19.648050,"Jaipur, IN",Pixel 9 Pro,Invoice settlement
TXN_20260728_01294_79ffcd,ACC1001,ACC_RING_A,3328.98,7.0,False,completed,2026-07-28T21:40:11.442964,"Jaipur, IN",iPhone 16 Pro Max,Online payment
TXN_20260728_01739_38b865,ACC1002,ACC75311120,21751.77,22.0,False,completed,2026-07-28T21:38:51.926826,"Delhi, IN",OnePlus 12,P2P transfer
TXN_20260728_03792_a7135a,ACC_RING_B,ACC10897161,43382.16,19.0,False,completed,2026-07-28T21:13:09.142284,"Chennai, IN",MacBook Pro (Chrome 128),Online payment
TXN_20260728_03612_a1dfd2,ACC_RING_C,ACC43907404,36141.61,23.0,False,completed,2026-07-28T21:10:54.198443,"Bangalore, IN",MacBook Pro (Chrome 128),Urgent remittance
TXN_20260728_04284_d78ba3,ACC11706152,ACC61076366,26789.67,18.0,False,completed,2026-07-28T21:01:23.799554,"Bangalore, IN",Pixel 9 Pro,Consulting fee
TXN_20260728_04525_932e21,ACC43249524,ACC92107699,10750.13,25.0,False,completed,2026-07-28T20:58:23.943674,"Jaipur, IN",Windows 11 (Edge 128),Grocery purchase
TXN_20260728_03183_4cf372,ACC97828025,ACC25189145,37518.32,6.0,False,completed,2026-07-28T20:43:30.252244,"Delhi, IN",iPhone 16 Pro Max,Online payment
TXN_20260728_00902_3981be,ACC86445636,ACC64246741,11541.86,21.0,False,completed,2026-07-28T20:20:25.247114,"Kolkata, IN",OnePlus 12,Invoice settlement
TXN_20260728_03186_4447fc,ACC_RING_B,ACC86445636,795.91,25.0,False,completed,2026-07-28T20:18:32.750379,"Pune, IN",Samsung Galaxy S24 Ultra,Vendor payment
TXN_20260728_03827_102516,ACC75311120,ACC59760987,14856.2,27.0,False,completed,2026-07-28T20:17:28.967373,"Pune, IN",Samsung Galaxy S24 Ultra,Grocery purchase
TXN_20260728_04648_883586,ACC43907404,ACC86445636,32724.57,9.0,False,completed,2026-07-28T20:12:55.052478,"Hyderabad, IN",Samsung Galaxy S24 Ultra,Invoice settlement
TXN_20260728_04341_756191,ACC72717142,ACC36297523,11819.37,23.0,False,completed,2026-07-28T20:08:21.378704,"Kolkata, IN",Samsung Galaxy S24 Ultra,Invoice settlement
TXN_20260728_04502_e1abc2,ACC72717142,ACC43467724,32251.01,22.0,False,completed,2026-07-28T20:03:21.458998,"Chennai, IN",iPhone 16 Pro Max,Vendor payment
TXN_20260728_03833_82dbfb,ACC74473089,ACC_RING_C,7379.39,16.0,False,completed,2026-07-28T19:57:44.248226,"Delhi, IN",iPhone 16 Pro Max,Invoice settlement
TXN_20260728_04515_a48882,ACC66777666,ACC10897161,39847.86,18.0,False,completed,2026-07-28T19:51:53.526742,"Chennai, IN",iPhone 16 Pro Max,Urgent remittance
TXN_20260728_03704_d10b6d,ACC72717142,ACC61076366,25830.29,19.0,False,completed,2026-07-28T19:51:10.451361,"Chennai, IN",Pixel 9 Pro,P2P transfer
TXN_20260728_04903_6056ff,ACC65809811,ACC72717142,22739.67,21.0,False,completed,2026-07-28T19:30:22.858235,"Pune, IN",Samsung Galaxy S24 Ultra,Rent transfer
TXN_20260728_02366_ef22f1,ACC74473089,ACC43249524,419.52,11.0,False,completed,2026-07-28T19:16:00.184836,"Mumbai, IN",Samsung Galaxy S24 Ultra,Consulting fee
TXN_20260728_02816_181ecf,ACC20858654,ACC1002,9759.04,8.0,False,completed,2026-07-28T18:54:43.046462,"Jaipur, IN",Windows 11 (Edge 128),Consulting fee
TXN_20260728_02115_2e1139,ACC15211290,ACC10897161,38486.38,17.0,False,completed,2026-07-28T18:51:17.575744,"Mumbai, IN",iPhone 16 Pro Max,Rent transfer
TXN_20260728_04797_56f344,ACC43907404,ACC10897161,1590.18,5.0,False,completed,2026-07-28T18:39:19.661164,"Mumbai, IN",iPhone 16 Pro Max,Invoice settlement
TXN_20260728_04174_54e745,ACC1004,ACC57029336,13760.73,5.0,False,completed,2026-07-28T18:30:18.904669,"Ahmedabad, IN",MacBook Pro (Chrome 128),P2P transfer
TXN_20260728_01790_575520,ACC72717142,ACC97828025,11301.8,15.0,False,completed,2026-07-28T18:24:55.719950,"Pune, IN",Pixel 9 Pro,P2P transfer
TXN_20260728_00318_93851f,ACC43467724,ACC1002,24892.68,27.0,False,completed,2026-07-28T18:23:34.910240,"Pune, IN",Windows 11 (Edge 128),Online payment
TXN_20260728_03488_3043f5,ACC64246741,ACC61076366,1702.5,21.0,False,completed,2026-07-28T18:21:28.647773,"Chennai, IN",Windows 11 (Edge 128),Online payment
TXN_20260728_03032_1c1461,ACC59760987,ACC75311120,37368.29,11.0,False,completed,2026-07-28T17:45:27.042828,"Delhi, IN",iPad Pro (Safari),Urgent remittance
TXN_20260728_00965_8add4f,ACC16314613,ACC50081547,41208.35,6.0,False,completed,2026-07-28T17:14:41.860921,"Kolkata, IN",iPad Pro (Safari),Software subscription
TXN_20260728_03333_e87578,ACC65809811,ACC43467724,16713.02,6.0,False,completed,2026-07-28T17:11:44.825739,"Delhi, IN",Windows 11 (Edge 128),Consulting fee
TXN_20260728_03905_50d5cb,ACC66777666,ACC61076366,33073.48,6.0,False,completed,2026-07-28T17:01:35.035812,"Ahmedabad, IN",MacBook Pro (Chrome 128),Vendor payment
TXN_20260728_00487_bcd366,ACC59760987,ACC91181015,24648.1,5.0,False,completed,2026-07-28T16:53:20.509236,"Hyderabad, IN",Samsung Galaxy S24 Ultra,Consulting fee
TXN_20260728_02404_36d59f,ACC75311120,ACC64246741,40762.21,20.0,False,completed,2026-07-28T16:52:48.167373,"Delhi, IN",Windows 11 (Edge 128),Online payment
TXN_20260728_05108_608999,ACC15211290,ACC16314613,3564.92,5.0,False,completed,2026-07-28T16:50:47.173125,"Bangalore, IN",Samsung Galaxy S24 Ultra,Vendor payment
TXN_20260728_05006_2e32aa,ACC36297523,ACC66777666,41107.09,6.0,False,completed,2026-07-28T16:44:46.548715,"Bangalore, IN",OnePlus 12,P2P transfer
TXN_20260728_02773_d5e929,ACC86445636,ACC43467724,17042.1,28.0,False,completed,2026-07-28T16:42:05.889623,"Kolkata, IN",Pixel 9 Pro,Invoice settlement
TXN_20260728_04973_380b0b,ACC75385116,ACC43907404,15442.24,9.0,False,completed,2026-07-28T16:13:34.980092,"Hyderabad, IN",iPad Pro (Safari),Invoice settlement
TXN_20260728_02635_c3f028,ACC15373430,ACC1003,37967.6,6.0,False,completed,2026-07-28T16:10:53.780603,"Chennai, IN",Pixel 9 Pro,Rent transfer
TXN_20260728_00987_24b9c8,ACC16314613,ACC1002,43098.22,8.0,False,completed,2026-07-28T15:54:46.166746,"Mumbai, IN",OnePlus 12,Consulting fee
TXN_20260728_00962_833858,ACC11706152,ACC70103438,42313.34,13.0,False,completed,2026-07-28T15:52:17.216036,"Ahmedabad, IN",MacBook Pro (Chrome 128),Software subscription
TXN_20260728_02578_7d8267,ACC15211290,ACC70103438,22717.82,15.0,False,completed,2026-07-28T15:50:00.738061,"Mumbai, IN",Samsung Galaxy S24 Ultra,P2P transfer
TXN_20260728_02538_98266e,ACC75385116,ACC43907404,39385.85,23.0,False,completed,2026-07-28T15:29:28.489352,"Mumbai, IN",Samsung Galaxy S24 Ultra,Utility bill
TXN_20260728_00735_a45f38,ACC40593754,ACC1003,34684.77,13.0,False,completed,2026-07-28T15:28:31.805579,"Delhi, IN",iPhone 16 Pro Max,Utility bill
TXN_20260728_03757_5d29ff,ACC74473089,ACC40593754,44801.82,12.0,False,completed,2026-07-28T15:27:14.403973,"Bangalore, IN",iPad Pro (Safari),Rent transfer
TXN_20260728_00570_f4f621,ACC1004,ACC82456100,19609.39,9.0,False,completed,2026-07-28T15:17:57.987089,"Mumbai, IN",Pixel 9 Pro,Online payment
TXN_20260728_03686_764e34,ACC15373430,ACC43907404,1162.36,27.0,False,completed,2026-07-28T15:15:41.055052,"Bangalore, IN",iPhone 16 Pro Max,Rent transfer
TXN_20260728_04751_966eec,ACC72717142,ACC57029336,43497.38,8.0,False,completed,2026-07-28T15:11:29.657064,"Kolkata, IN",Pixel 9 Pro,Consulting fee
TXN_20260728_00883_6b12a4,ACC15373430,ACC10897161,31702.39,9.0,False,completed,2026-07-28T15:04:33.099125,"Delhi, IN",iPad Pro (Safari),Urgent remittance
TXN_20260728_03037_eec5f5,ACC43249524,ACC15373430,3665.37,17.0,False,completed,2026-07-28T14:51:34.917737,"Bangalore, IN",OnePlus 12,Online payment
TXN_20260728_00595_fa5b37,ACC75385116,ACC91181015,35861.45,24.0,False,completed,2026-07-28T14:33:47.998139,"Pune, IN",Samsung Galaxy S24 Ultra,Urgent remittance
TXN_20260728_00865_e05ffc,ACC16314613,ACC25189145,44543.56,8.0,False,completed,2026-07-28T14:19:07.567222,"Delhi, IN",OnePlus 12,Grocery purchase
TXN_20260728_01237_f4e895,ACC43907404,ACC_RING_A,3760.56,25.0,False,completed,2026-07-28T14:18:47.620393,"Ahmedabad, IN",Pixel 9 Pro,Grocery purchase
TXN_20260728_01210_7e4992,ACC40593754,ACC57029336,39699.52,11.0,False,completed,2026-07-28T14:13:39.685160,"Ahmedabad, IN",OnePlus 12,Rent transfer
TXN_20260728_00004_8c7a80,ACC16314613,ACC43907404,100522.0,87.0,True,completed,2026-07-28T14:07:03.466633,"Chennai, IN",Samsung Galaxy S24 Ultra,Vendor payment
TXN_20260728_04385_13e791,ACC1003,ACC25189145,19427.53,26.0,False,completed,2026-07-28T14:03:49.084927,"Hyderabad, IN",Windows 11 (Edge 128),Rent transfer
TXN_20260728_01160_13fa0e,ACC10897161,ACC15211290,238830.0,66.0,True,completed,2026-07-28T13:35:08.619935,"Delhi, IN",Windows 11 (Edge 128),Urgent remittance
TXN_20260728_01344_d6e648,ACC15211290,ACC20858654,17832.64,27.0,False,completed,2026-07-28T12:44:35.221891,"Ahmedabad, IN",MacBook Pro (Chrome 128),Grocery purchase
TXN_20260728_01717_4fc62d,ACC70103438,ACC40593754,31063.37,9.0,False,completed,2026-07-28T12:36:02.918955,"Mumbai, IN",OnePlus 12,Online payment
TXN_20260728_03165_96148e,ACC43467724,ACC75385116,19807.66,25.0,False,completed,2026-07-28T12:33:06.092163,"Jaipur, IN",iPhone 16 Pro Max,Utility bill
TXN_20260728_03518_70fe71,ACC74473089,ACC72717142,26771.24,19.0,False,completed,2026-07-28T12:31:22.312971,"Pune, IN",OnePlus 12,Rent transfer
TXN_20260728_04251_68428b,ACC64246741,ACC57224534,13512.77,5.0,False,completed,2026-07-28T12:09:22.384397,"Jaipur, IN",OnePlus 12,Invoice settlement
TXN_20260728_01919_c88741,ACC97828025,ACC20858654,8161.01,13.0,False,completed,2026-07-28T12:06:00.087209,"Kolkata, IN",OnePlus 12,Invoice settlement
TXN_20260728_00846_9dc155,ACC66777666,ACC20858654,4398.38,23.0,False,completed,2026-07-28T11:58:06.784351,"Hyderabad, IN",Samsung Galaxy S24 Ultra,Invoice settlement
TXN_20260728_00063_b5b985,ACC75311120,ACC16314613,42876.34,21.0,False,completed,2026-07-28T11:42:26.832241,"Hyderabad, IN",OnePlus 12,P2P transfer
TXN_20260728_04841_50cf1b,ACC72717142,ACC43249524,43366.46,12.0,False,completed,2026-07-28T11:36:04.089222,"Hyderabad, IN",Windows 11 (Edge 128),Urgent remittance
TXN_20260728_01869_657b07,ACC39727090,ACC57029336,14260.04,27.0,False,completed,2026-07-28T11:12:32.805731,"Hyderabad, IN",iPad Pro (Safari),Urgent remittance
TXN_20260728_03271_bb8e84,ACC50081547,ACC1004,28718.4,15.0,False,completed,2026-07-28T10:54:52.514914,"Hyderabad, IN",Pixel 9 Pro,Online payment
TXN_20260728_03629_f932aa,ACC91181015,ACC61076366,590.87,26.0,False,completed,2026-07-28T10:42:36.271156,"Jaipur, IN",OnePlus 12,Consulting fee
TXN_20260728_00560_3411dd,ACC50081547,ACC20858654,56579.0,78.0,True,completed,2026-07-28T10:28:55.184054,"Mumbai, IN",Samsung Galaxy S24 Ultra,Consulting fee
TXN_20260728_04099_0b47c9,ACC40593754,ACC1001,21471.07,15.0,False,completed,2026-07-28T10:23:09.978287,"Ahmedabad, IN",iPhone 16 Pro Max,P2P transfer
TXN_20260728_00107_2e117d,ACC61076366,ACC10897161,3910.23,23.0,False,completed,2026-07-28T09:57:59.380630,"Kolkata, IN",Pixel 9 Pro,Utility bill
TXN_20260728_01718_885848,ACC20858654,ACC39727090,25906.6,13.0,False,completed,2026-07-28T09:49:48.211107,"Delhi, IN",Pixel 9 Pro,Rent transfer
TXN_20260728_04876_a3b595,ACC1002,ACC11706152,21001.39,15.0,False,completed,2026-07-28T09:49:17.546084,"Bangalore, IN",iPad Pro (Safari),Software subscription
TXN_20260728_04932_464707,ACC61076366,ACC75311120,9436.29,20.0,False,completed,2026-07-28T09:41:32.227592,"Pune, IN",iPad Pro (Safari),Vendor payment
TXN_20260728_01192_76eb5d,ACC59760987,ACC_RING_B,19819.61,25.0,False,completed,2026-07-28T09:38:18.304961,"Pune, IN",Windows 11 (Edge 128),Online payment
TXN_20260728_03715_65e543,ACC_RING_A,ACC82456100,13558.51,20.0,False,completed,2026-07-28T09:34:54.106890,"Jaipur, IN",MacBook Pro (Chrome 128),Urgent remittance
TXN_20260728_03683_685d16,ACC_RING_C,ACC50081547,447.83,14.0,False,completed,2026-07-28T09:33:46.815367,"Chennai, IN",OnePlus 12,Utility bill
TXN_20260728_03255_138497,ACC57224534,ACC92107699,24086.67,12.0,False,completed,2026-07-28T09:28:19.723222,"Delhi, IN",OnePlus 12,Utility bill
TXN_20260728_00884_bac77c,ACC15211290,ACC72717142,17560.2,20.0,False,completed,2026-07-28T09:22:18.314339,"Hyderabad, IN",OnePlus 12,Utility bill
TXN_20260728_02250_9b3356,ACC25189145,ACC1002,36285.53,25.0,False,completed,2026-07-28T09:06:56.336913,"Delhi, IN",Windows 11 (Edge 128),Urgent remittance
TXN_20260728_02457_4bae86,ACC20858654,ACC57029336,42390.76,14.0,False,completed,2026-07-28T09:03:30.402298,"Hyderabad, IN",Pixel 9 Pro,Vendor payment
TXN_20260728_02584_0ae836,ACC1001,ACC86445636,34080.3,5.0,False,completed,2026-07-28T08:59:52.123134,"Chennai, IN",Pixel 9 Pro,P2P transfer
TXN_20260728_04087_915e80,ACC43907404,ACC75311120,10592.69,23.0,False,completed,2026-07-28T08:54:56.663848,"Bangalore, IN",OnePlus 12,Invoice settlement
TXN_20260728_02980_89d48e,ACC_RING_C,ACC_RING_B,20094.75,18.0,False,completed,2026-07-28T08:45:46.303282,"Kolkata, IN",Samsung Galaxy S24 Ultra,Invoice settlement
TXN_20260728_01329_bda680,ACC75311120,ACC50081547,40659.11,18.0,False,completed,2026-07-28T08:44:11.883910,"Mumbai, IN",iPhone 16 Pro Max,Urgent remittance
TXN_20260728_01963_afb2ad,ACC25189145,ACC65809811,19000.02,10.0,False,completed,2026-07-28T08:24:47.948308,"Mumbai, IN",Pixel 9 Pro,Rent transfer
TXN_20260728_01984_b0a072,ACC11706152,ACC_RING_A,31438.21,7.0,False,completed,2026-07-28T08:22:03.738862,"Chennai, IN",Windows 11 (Edge 128),Urgent remittance
TXN_20260728_04576_9f3417,ACC65809811,ACC64246741,18001.66,11.0,False,completed,2026-07-28T07:36:15.951647,"Kolkata, IN",Windows 11 (Edge 128),Software subscription
TXN_20260728_02414_b056ca,ACC97828025,ACC82456100,12464.6,20.0,False,completed,2026-07-28T07:11:21.773958,"Pune, IN",OnePlus 12,Vendor payment
TXN_20260728_01886_08487d,ACC74473089,ACC_RING_A,10465.7,26.0,False,completed,2026-07-28T07:09:56.823990,"Bangalore, IN",iPad Pro (Safari),Grocery purchase
TXN_20260728_03463_6389ef,ACC43249524,ACC72717142,21568.6,26.0,False,completed,2026-07-28T06:40:07.898541,"Mumbai, IN",OnePlus 12,Vendor payment
TXN_20260728_03966_361983,ACC_RING_C,ACC43249524,4563.94,17.0,False,completed,2026-07-28T06:40:05.695738,"Delhi, IN",iPhone 16 Pro Max,Urgent remittance
TXN_20260728_02019_510680,ACC75385116,ACC_RING_B,2750.5,13.0,False,completed,2026-07-28T06:26:42.013631,"Mumbai, IN",iPhone 16 Pro Max,Vendor payment
TXN_20260728_01962_a4d70e,ACC82456100,ACC72717142,25419.62,12.0,False,completed,2026-07-28T06:23:48.182347,"Mumbai, IN",Windows 11 (Edge 128),Online payment
TXN_20260728_00707_1f3c19,ACC61076366,ACC_RING_B,1912.81,10.0,False,completed,2026-07-28T06:22:43.919228,"Mumbai, IN",Windows 11 (Edge 128),Online payment
TXN_20260728_02430_120ef8,ACC75385116,ACC75311120,1023.57,26.0,False,completed,2026-07-28T06:10:10.862448,"Pune, IN",iPhone 16 Pro Max,Utility bill
TXN_20260728_04030_06ce08,ACC40593754,ACC74473089,30256.74,6.0,False,completed,2026-07-28T06:04:04.101452,"Jaipur, IN",Pixel 9 Pro,Invoice settlement
TXN_20260728_05120_4ffb8b,ACC72717142,ACC43249524,190105.0,92.0,True,completed,2026-07-28T06:00:12.684595,"Bangalore, IN",iPhone 16 Pro Max,Online payment
TXN_20260728_03811_5d67de,ACC91181015,ACC92107699,11676.37,14.0,False,completed,2026-07-28T05:55:47.705993,"Bangalore, IN",MacBook Pro (Chrome 128),Invoice settlement
TXN_20260728_01438_f6a9be,ACC86445636,ACC59760987,20358.82,12.0,False,completed,2026-07-28T05:55:44.142045,"Kolkata, IN",Samsung Galaxy S24 Ultra,Urgent remittance
TXN_20260728_04121_94093b,ACC92107699,ACC72717142,36991.05,5.0,False,completed,2026-07-28T05:46:50.065601,"Bangalore, IN",iPad Pro (Safari),P2P transfer
TXN_20260728_00719_3712c9,ACC1001,ACC91181015,26186.27,13.0,False,completed,2026-07-28T05:27:41.875245,"Delhi, IN",MacBook Pro (Chrome 128),Software subscription
TXN_20260728_02949_4a986d,ACC75311120,ACC15211290,13586.68,27.0,False,completed,2026-07-28T05:13:15.567222,"Kolkata, IN",Pixel 9 Pro,Software subscription
TXN_20260728_04771_94e605,ACC61076366,ACC40593754,16180.29,19.0,False,completed,2026-07-28T05:08:30.768209,"Hyderabad, IN",Pixel 9 Pro,Online payment
TXN_20260728_02135_bbbda7,ACC10897161,ACC86445636,43403.21,26.0,False,completed,2026-07-28T04:57:29.675018,"Bangalore, IN",OnePlus 12,P2P transfer
TXN_20260728_03131_abe70c,ACC1001,ACC_RING_C,33258.38,16.0,False,completed,2026-07-28T04:49:36.159042,"Chennai, IN",iPhone 16 Pro Max,Grocery purchase
TXN_20260728_03609_95409c,ACC20858654,ACC40593754,43697.8,11.0,False,completed,2026-07-28T04:39:57.812703,"Delhi, IN",iPhone 16 Pro Max,Online payment
TXN_20260728_00732_3d4b36,ACC43249524,ACC_RING_B,22670.61,12.0,False,completed,2026-07-28T04:30:15.650792,"Ahmedabad, IN",Samsung Galaxy S24 Ultra,Vendor payment
TXN_20260728_04238_eddb7e,ACC50081547,ACC82456100,23522.83,22.0,False,completed,2026-07-28T04:25:04.670711,"Hyderabad, IN",OnePlus 12,Invoice settlement
TXN_20260728_03459_e6f267,ACC72717142,ACC57029336,44839.68,16.0,False,completed,2026-07-28T04:18:57.060370,"Pune, IN",Samsung Galaxy S24 Ultra,Vendor payment
TXN_20260728_04584_520409,ACC1003,ACC15211290,17062.81,27.0,False,completed,2026-07-28T03:55:34.333773,"Mumbai, IN",Windows 11 (Edge 128),Urgent remittance
TXN_20260728_00089_3d9d3c,ACC64246741,ACC65809811,20902.46,11.0,False,completed,2026-07-28T03:44:59.288017,"Bangalore, IN",Samsung Galaxy S24 Ultra,Online payment
TXN_20260728_04073_4f0dde,ACC11706152,ACC15373430,18796.89,19.0,False,completed,2026-07-28T03:29:54.901040,"Bangalore, IN",MacBook Pro (Chrome 128),Utility bill
TXN_20260728_00189_5cda5c,ACC10897161,ACC59760987,41150.92,22.0,False,completed,2026-07-28T03:26:07.132150,"Chennai, IN",Pixel 9 Pro,Grocery purchase
TXN_20260728_03553_cf7da8,ACC40593754,ACC_RING_B,19039.62,10.0,False,completed,2026-07-28T03:19:24.374874,"Mumbai, IN",OnePlus 12,P2P transfer
TXN_20260728_04672_8e1cfd,ACC40593754,ACC92107699,33705.3,27.0,False,completed,2026-07-28T02:49:08.633588,"Jaipur, IN",Windows 11 (Edge 128),Rent transfer
TXN_20260728_03354_12b2f0,ACC57029336,ACC50081547,23962.18,25.0,False,completed,2026-07-28T02:35:58.561848,"Ahmedabad, IN",MacBook Pro (Chrome 128),Software subscription
TXN_20260728_04854_b95119,ACC97828025,ACC11706152,32490.76,11.0,False,completed,2026-07-28T02:19:32.275864,"Hyderabad, IN",iPad Pro (Safari),Online payment
TXN_20260728_02018_3a191f,ACC57224534,ACC92107699,37979.41,5.0,False,completed,2026-07-28T02:17:39.500325,"Chennai, IN",Windows 11 (Edge 128),Utility bill
TXN_20260728_01150_bf7a41,ACC86445636,ACC_RING_B,37923.54,6.0,False,completed,2026-07-28T02:16:32.665898,"Mumbai, IN",iPhone 16 Pro Max,Grocery purchase
TXN_20260728_00423_552b4c,ACC61076366,ACC40593754,14644.5,23.0,False,completed,2026-07-28T02:04:35.390751,"Kolkata, IN",iPhone 16 Pro Max,Vendor payment
TXN_20260728_02382_1b426e,ACC57029336,ACC75311120,7182.55,24.0,False,completed,2026-07-28T02:02:23.090075,"Hyderabad, IN",iPhone 16 Pro Max,Grocery purchase
TXN_20260728_04819_b663eb,ACC75385116,ACC97828025,3530.7,24.0,False,completed,2026-07-28T01:17:40.072158,"Pune, IN",Samsung Galaxy S24 Ultra,Invoice settlement
TXN_20260728_04417_3b55fb,ACC_RING_C,ACC39727090,25999.66,9.0,False,completed,2026-07-28T01:05:28.534634,"Pune, IN",Windows 11 (Edge 128),Software subscription
TXN_20260728_01109_627319,ACC50081547,ACC64246741,44718.79,9.0,False,completed,2026-07-28T00:54:07.919519,"Jaipur, IN",iPhone 16 Pro Max,P2P transfer
TXN_20260728_04837_99e73d,ACC72717142,ACC43249524,40513.04,26.0,False,completed,2026-07-28T00:01:14.009914,"Kolkata, IN",OnePlus 12,Utility bill
TXN_20260727_02896_1871d4,ACC36297523,ACC25189145,4574.92,24.0,False,completed,2026-07-27T23:57:17.201203,"Delhi, IN",iPad Pro (Safari),Online payment
TXN_20260727_02869_181c4e,ACC61076366,ACC16314613,28527.0,9.0,False,completed,2026-07-27T23:48:52.518698,"Delhi, IN",iPad Pro (Safari),Online payment
TXN_20260727_03862_45fdc3,ACC11706152,ACC_RING_B,23341.69,24.0,False,completed,2026-07-27T23:45:44.290329,"Hyderabad, IN",OnePlus 12,Rent transfer
TXN_20260727_02484_7187b9,ACC65809811,ACC20858654,27008.92,15.0,False,completed,2026-07-27T23:24:57.651900,"Chennai, IN",iPhone 16 Pro Max,Invoice settlement
TXN_20260727_03172_3301f9,ACC61076366,ACC43249524,20978.75,14.0,False,completed,2026-07-27T23:21:34.564859,"Ahmedabad, IN",Pixel 9 Pro,P2P transfer
TXN_20260727_02615_9c177c,ACC15373430,ACC36297523,28066.22,5.0,False,completed,2026-07-27T23:08:22.821098,"Chennai, IN",iPhone 16 Pro Max,P2P transfer
TXN_20260727_00480_ca06c1,ACC16314613,ACC43467724,235941.0,82.0,True,completed,2026-07-27T22:50:56.162926,"Chennai, IN",Pixel 9 Pro,Urgent remittance
TXN_20260727_04595_5f7f03,ACC1001,ACC72717142,22565.25,7.0,False,completed,2026-07-27T22:47:12.292671,"Chennai, IN",iPad Pro (Safari),Vendor payment
TXN_20260727_02682_36d431,ACC75385116,ACC1004,32725.35,14.0,False,completed,2026-07-27T22:46:33.609135,"Kolkata, IN",OnePlus 12,Invoice settlement
TXN_20260727_04652_fa79ae,ACC97828025,ACC20858654,44628.57,21.0,False,completed,2026-07-27T22:04:53.648081,"Kolkata, IN",iPhone 16 Pro Max,Consulting fee
TXN_20260727_00139_ed0e70,ACC36297523,ACC66777666,9887.99,27.0,False,completed,2026-07-27T22:04:47.368723,"Delhi, IN",iPad Pro (Safari),Consulting fee
TXN_20260727_04808_983bb0,ACC1002,ACC39727090,19191.99,22.0,False,completed,2026-07-27T21:59:56.705298,"Ahmedabad, IN",Samsung Galaxy S24 Ultra,Grocery purchase
TXN_20260727_00310_5916f9,ACC40593754,ACC10897161,25268.63,26.0,False,completed,2026-07-27T21:53:58.734167,"Mumbai, IN",MacBook Pro (Chrome 128),Vendor payment
TXN_20260727_00312_e02fd9,ACC_RING_A,ACC64246741,12652.7,15.0,False,completed,2026-07-27T21:46:43.796074,"Kolkata, IN",Windows 11 (Edge 128),Consulting fee
TXN_20260727_01835_a6a578,ACC50081547,ACC43907404,6947.73,25.0,False,completed,2026-07-27T21:34:53.329108,"Jaipur, IN",iPad Pro (Safari),Utility bill
TXN_20260727_04038_f3e981,ACC20858654,ACC_RING_A,10297.02,18.0,False,completed,2026-07-27T21:22:35.472470,"Hyderabad, IN",Pixel 9 Pro,Grocery purchase
TXN_20260727_00652_847fd8,ACC_RING_C,ACC1001,6013.48,25.0,False,completed,2026-07-27T21:11:40.539954,"Ahmedabad, IN",Windows 11 (Edge 128),Software subscription
TXN_20260727_02237_f1e6aa,ACC_RING_A,ACC66777666,38038.65,15.0,False,completed,2026-07-27T21:03:29.576824,"Ahmedabad, IN",Samsung Galaxy S24 Ultra,P2P transfer
TXN_20260727_01586_2190dd,ACC86445636,ACC57029336,35471.44,12.0,False,completed,2026-07-27T20:41:49.780040,"Delhi, IN",Samsung Galaxy S24 Ultra,Online payment
TXN_20260727_00666_c6511e,ACC75311120,ACC50081547,12896.92,8.0,False,completed,2026-07-27T20:19:37.971233,"Jaipur, IN",OnePlus 12,P2P transfer
TXN_20260727_05128_b31e6c,ACC10897161,ACC86445636,3165.33,23.0,False,completed,2026-07-27T20:14:29.936893,"Pune, IN",Pixel 9 Pro,Rent transfer
TXN_20260727_02979_3c8d43,ACC75311120,ACC16314613,12837.89,26.0,False,completed,2026-07-27T20:00:00.820821,"Hyderabad, IN",Windows 11 (Edge 128),Consulting fee
TXN_20260727_01811_8ff56c,ACC74473089,ACC66777666,28752.99,16.0,False,completed,2026-07-27T19:29:27.992542,"Mumbai, IN",Windows 11 (Edge 128),Software subscription
TXN_20260727_03067_ae8084,ACC15211290,ACC82456100,1450.63,5.0,False,completed,2026-07-27T19:28:43.556599,"Delhi, IN",MacBook Pro (Chrome 128),Consulting fee
TXN_20260727_05113_5a7ebb,ACC15373430,ACC43467724,2181.5,12.0,False,completed,2026-07-27T19:13:52.222892,"Pune, IN",Samsung Galaxy S24 Ultra,Utility bill
TXN_20260727_02344_451fb1,ACC1004,ACC92107699,16433.14,20.0,False,completed,2026-07-27T19:05:29.753706,"Kolkata, IN",Pixel 9 Pro,Urgent remittance
TXN_20260727_02380_bbe094,ACC11706152,ACC66777666,35116.17,6.0,False,completed,2026-07-27T18:53:13.117841,"Kolkata, IN",Windows 11 (Edge 128),Invoice settlement
TXN_20260727_04761_229853,ACC74473089,ACC1002,13092.45,25.0,False,completed,2026-07-27T18:46:42.441714,"Kolkata, IN",OnePlus 12,Software subscription
TXN_20260727_00983_2e0326,ACC1001,ACC43907404,13861.32,21.0,False,completed,2026-07-27T18:46:31.403552,"Bangalore, IN",Samsung Galaxy S24 Ultra,Grocery purchase
TXN_20260727_00970_90db8f,ACC15373430,ACC91181015,26594.32,21.0,False,completed,2026-07-27T18:33:21.637938,"Chennai, IN",MacBook Pro (Chrome 128),P2P transfer
TXN_20260727_00760_3b473f,ACC_RING_B,ACC75311120,202690.0,68.0,True,completed,2026-07-27T18:27:36.390136,"Kolkata, IN",OnePlus 12,Consulting fee
TXN_20260727_01807_efe25e,ACC59760987,ACC1001,37298.52,10.0,False,completed,2026-07-27T18:19:36.870695,"Delhi, IN",iPad Pro (Safari),Invoice settlement
TXN_20260727_02767_c3189e,ACC40593754,ACC15373430,16193.58,6.0,False,completed,2026-07-27T18:16:43.116493,"Pune, IN",Windows 11 (Edge 128),Consulting fee
TXN_20260727_02933_a465c3,ACC_RING_A,ACC36297523,16197.0,18.0,False,completed,2026-07-27T18:12:29.948361,"Kolkata, IN",iPhone 16 Pro Max,Rent transfer
TXN_20260727_00845_535b0e,ACC50081547,ACC82456100,34490.37,25.0,False,completed,2026-07-27T18:09:06.953141,"Chennai, IN",OnePlus 12,Invoice settlement
TXN_20260727_02636_27c762,ACC43249524,ACC57029336,11719.78,22.0,False,completed,2026-07-27T17:59:43.542875,"Pune, IN",iPhone 16 Pro Max,P2P transfer
TXN_20260727_01356_2e7711,ACC25189145,ACC61076366,4955.47,15.0,False,completed,2026-07-27T17:58:04.259193,"Mumbai, IN",Windows 11 (Edge 128),Consulting fee
TXN_20260727_00420_9edf9c,ACC1002,ACC57224534,6951.02,20.0,False,completed,2026-07-27T17:38:09.049797,"Mumbai, IN",OnePlus 12,Urgent remittance
TXN_20260727_01181_af781a,ACC57029336,ACC16314613,26450.15,18.0,False,completed,2026-07-27T17:21:41.181189,"Mumbai, IN",Windows 11 (Edge 128),Utility bill
TXN_20260727_05050_0cbe16,ACC40593754,ACC1004,1416.37,18.0,False,completed,2026-07-27T17:19:29.260667,"Chennai, IN",Pixel 9 Pro,Urgent remittance
TXN_20260727_01535_874986,ACC57029336,ACC43467724,26700.02,15.0,False,completed,2026-07-27T16:52:17.512463,"Chennai, IN",Windows 11 (Edge 128),Grocery purchase
TXN_20260727_01068_fdf7cb,ACC64246741,ACC66777666,30965.6,23.0,False,completed,2026-07-27T16:50:34.771025,"Jaipur, IN",iPad Pro (Safari),Vendor payment
TXN_20260727_03013_12b4aa,ACC74473089,ACC_RING_C,19354.7,27.0,False,completed,2026-07-27T16:44:31.823791,"Pune, IN",Windows 11 (Edge 128),Grocery purchase
TXN_20260727_03270_f3e318,ACC61076366,ACC74473089,40930.78,22.0,False,completed,2026-07-27T16:32:09.085397,"Pune, IN",iPhone 16 Pro Max,Online payment
TXN_20260727_02393_0651f4,ACC15211290,ACC75385116,23521.0,26.0,False,completed,2026-07-27T16:05:36.991801,"Delhi, IN",Samsung Galaxy S24 Ultra,Consulting fee
TXN_20260727_04342_988aa0,ACC15211290,ACC1004,10527.68,21.0,False,completed,2026-07-27T16:00:46.568751,"Delhi, IN",MacBook Pro (Chrome 128),Software subscription
TXN_20260727_05188_e193e0,ACC57224534,ACC1002,2788.56,21.0,False,completed,2026-07-27T15:49:13.936500,"Kolkata, IN",iPhone 16 Pro Max,Utility bill
TXN_20260727_04075_0f2fed,ACC65809811,ACC_RING_C,18116.48,15.0,False,completed,2026-07-27T15:41:07.060142,"Ahmedabad, IN",OnePlus 12,Utility bill
TXN_20260727_04582_018919,ACC70103438,ACC20858654,1525.24,20.0,False,completed,2026-07-27T15:40:58.895188,"Pune, IN",MacBook Pro (Chrome 128),Utility bill
TXN_20260727_04400_d46ce4,ACC15373430,ACC66777666,228931.0,89.0,True,completed,2026-07-27T15:35:35.685812,"Hyderabad, IN",Windows 11 (Edge 128),Invoice settlement
TXN_20260727_02179_dfd094,ACC11706152,ACC43249524,24041.06,18.0,False,completed,2026-07-27T15:30:00.385130,"Bangalore, IN",MacBook Pro (Chrome 128),Rent transfer
TXN_20260727_00297_b343ae,ACC64246741,ACC1003,39405.65,6.0,False,completed,2026-07-27T15:18:12.621931,"Kolkata, IN",iPhone 16 Pro Max,Grocery purchase
TXN_20260727_02737_3e653d,ACC91181015,ACC1004,15232.78,18.0,False,completed,2026-07-27T15:10:37.612770,"Hyderabad, IN",Pixel 9 Pro,Online payment
TXN_20260727_02504_c5da7c,ACC92107699,ACC43467724,21796.07,19.0,False,completed,2026-07-27T14:59:45.760010,"Pune, IN",MacBook Pro (Chrome 128),Online payment
TXN_20260727_00288_0ebc1a,ACC70103438,ACC59760987,6955.12,22.0,False,completed,2026-07-27T14:39:33.087254,"Kolkata, IN",MacBook Pro (Chrome 128),Grocery purchase
TXN_20260727_01462_5d421a,ACC25189145,ACC97828025,30366.83,19.0,False,completed,2026-07-27T13:59:41.469194,"Pune, IN",OnePlus 12,Software subscription
TXN_20260727_00934_a9e730,ACC43907404,ACC57029336,20675.7,15.0,False,completed,2026-07-27T13:52:45.272104,"Bangalore, IN",Windows 11 (Edge 128),Utility bill
TXN_20260727_02474_ad677d,ACC40593754,ACC97828025,37521.24,7.0,False,completed,2026-07-27T13:48:40.940389,"Ahmedabad, IN",iPhone 16 Pro Max,Consulting fee
TXN_20260727_02447_80d337,ACC11706152,ACC72717142,38093.63,8.0,False,completed,2026-07-27T13:40:44.613983,"Kolkata, IN",iPhone 16 Pro Max,Grocery purchase
TXN_20260727_00947_5c5834,ACC_RING_B,ACC66777666,8714.27,8.0,False,completed,2026-07-27T13:38:33.027522,"Mumbai, IN",OnePlus 12,Vendor payment
TXN_20260727_04195_541582,ACC57224534,ACC39727090,26426.32,17.0,False,completed,2026-07-27T13:35:55.034736,"Pune, IN",Samsung Galaxy S24 Ultra,Software subscription
TXN_20260727_00817_ac7359,ACC64246741,ACC20858654,21579.88,8.0,False,completed,2026-07-27T13:33:35.091482,"Mumbai, IN",Pixel 9 Pro,P2P transfer
TXN_20260727_03673_6133dc,ACC36297523,ACC40593754,4361.35,25.0,False,completed,2026-07-27T13:22:29.484319,"Jaipur, IN",Samsung Galaxy S24 Ultra,Software subscription
TXN_20260727_02184_0ae0c7,ACC11706152,ACC_RING_B,27324.99,20.0,False,completed,2026-07-27T13:11:21.472619,"Hyderabad, IN",Pixel 9 Pro,Vendor payment
TXN_20260727_03826_4d787f,ACC_RING_A,ACC_RING_C,27612.5,19.0,False,completed,2026-07-27T13:06:56.136550,"Pune, IN",Windows 11 (Edge 128),Software subscription
TXN_20260727_01094_63d846,ACC57029336,ACC43467724,42546.53,25.0,False,completed,2026-07-27T12:59:22.149125,"Hyderabad, IN",iPad Pro (Safari),Online payment
TXN_20260727_03592_5b7006,ACC1001,ACC43467724,34961.63,19.0,False,completed,2026-07-27T12:45:18.415350,"Jaipur, IN",Windows 11 (Edge 128),Vendor payment
TXN_20260727_04895_9d5ba8,ACC66777666,ACC59760987,7009.75,20.0,False,completed,2026-07-27T12:39:34.421698,"Pune, IN",MacBook Pro (Chrome 128),Utility bill
TXN_20260727_00379_72f313,ACC50081547,ACC10897161,30856.96,22.0,False,completed,2026-07-27T12:36:37.725210,"Chennai, IN",Windows 11 (Edge 128),Urgent remittance
TXN_20260727_00121_ab1865,ACC92107699,ACC15211290,4850.19,9.0,False,completed,2026-07-27T12:31:27.114196,"Delhi, IN",iPhone 16 Pro Max,Utility bill
TXN_20260727_01983_bcaea9,ACC10897161,ACC40593754,38888.76,5.0,False,completed,2026-07-27T12:28:18.416786,"Delhi, IN",Pixel 9 Pro,Urgent remittance
TXN_20260727_04592_d710db,ACC1002,ACC75385116,19639.27,6.0,False,completed,2026-07-27T12:27:39.330555,"Mumbai, IN",iPhone 16 Pro Max,Grocery purchase
TXN_20260727_00901_231b4d,ACC25189145,ACC72717142,6145.66,28.0,False,completed,2026-07-27T12:21:47.730870,"Delhi, IN",Windows 11 (Edge 128),Invoice settlement
TXN_20260727_01872_c0a4bc,ACC25189145,ACC50081547,31595.49,23.0,False,completed,2026-07-27T12:21:30.815637,"Mumbai, IN",MacBook Pro (Chrome 128),Grocery purchase
TXN_20260727_02971_8dc9b2,ACC66777666,ACC59760987,27378.1,14.0,False,completed,2026-07-27T12:17:25.409341,"Kolkata, IN",MacBook Pro (Chrome 128),Invoice settlement
TXN_20260727_00335_03000e,ACC43907404,ACC97828025,7331.13,5.0,False,completed,2026-07-27T12:17:13.300966,"Kolkata, IN",Windows 11 (Edge 128),P2P transfer
TXN_20260727_01992_eefc1f,ACC20858654,ACC11706152,22269.7,18.0,False,completed,2026-07-27T12:04:56.870154,"Mumbai, IN",iPad Pro (Safari),Online payment
TXN_20260727_04429_55df9b,ACC86445636,ACC92107699,4545.88,8.0,False,completed,2026-07-27T11:54:22.172660,"Bangalore, IN",Windows 11 (Edge 128),P2P transfer
TXN_20260727_02120_bb6ab9,ACC25189145,ACC61076366,64019.0,86.0,True,completed,2026-07-27T11:10:50.998364,"Mumbai, IN",Samsung Galaxy S24 Ultra,Rent transfer
TXN_20260727_02040_7c6879,ACC40593754,ACC43249524,143060.0,87.0,True,completed,2026-07-27T11:07:06.680447,"Delhi, IN",iPad Pro (Safari),Utility bill
TXN_20260727_05157_627d18,ACC43467724,ACC1004,43887.38,19.0,False,completed,2026-07-27T11:05:46.891820,"Mumbai, IN",MacBook Pro (Chrome 128),Consulting fee
TXN_20260727_04850_4f9afd,ACC43249524,ACC15373430,30172.7,16.0,False,completed,2026-07-27T10:58:04.105342,"Jaipur, IN",iPhone 16 Pro Max,Urgent remittance
TXN_20260727_03158_8a0d06,ACC_RING_A,ACC43249524,11010.17,16.0,False,completed,2026-07-27T10:44:48.764417,"Delhi, IN",Samsung Galaxy S24 Ultra,Consulting fee
TXN_20260727_01458_3f870e,ACC25189145,ACC1002,31150.51,19.0,False,completed,2026-07-27T10:43:24.940334,"Pune, IN",MacBook Pro (Chrome 128),Consulting fee
TXN_20260727_03997_2f7000,ACC91181015,ACC66777666,23760.33,10.0,False,completed,2026-07-27T10:29:46.617502,"Pune, IN",MacBook Pro (Chrome 128),Software subscription
TXN_20260727_01099_c7216e,ACC_RING_A,ACC59760987,17318.1,19.0,False,completed,2026-07-27T10:04:40.643708,"Ahmedabad, IN",Pixel 9 Pro,Grocery purchase
TXN_20260727_02047_44bf02,ACC_RING_C,ACC25189145,38831.11,10.0,False,completed,2026-07-27T09:34:36.614228,"Chennai, IN",Windows 11 (Edge 128),Urgent remittance
TXN_20260727_04095_6ae39d,ACC15373430,ACC25189145,39014.53,12.0,False,completed,2026-07-27T09:19:13.469226,"Hyderabad, IN",iPad Pro (Safari),Utility bill
TXN_20260727_03931_32b6ac,ACC1001,ACC50081547,3963.7,28.0,False,completed,2026-07-27T09:04:46.225903,"Ahmedabad, IN",OnePlus 12,Urgent remittance
TXN_20260727_03576_99db94,ACC_RING_C,ACC25189145,34985.87,5.0,False,completed,2026-07-27T08:43:26.989581,"Kolkata, IN",Pixel 9 Pro,Urgent remittance
TXN_20260727_02738_759318,ACC82456100,ACC1004,28560.75,13.0,False,completed,2026-07-27T08:31:12.269228,"Hyderabad, IN",MacBook Pro (Chrome 128),P2P transfer
TXN_20260727_01716_3b825e,ACC_RING_B,ACC86445636,43335.37,12.0,False,completed,2026-07-27T08:23:35.985647,"Mumbai, IN",iPad Pro (Safari),P2P transfer
TXN_20260727_01407_ddf9f2,ACC86445636,ACC74473089,19276.2,15.0,False,completed,2026-07-27T08:11:31.484905,"Pune, IN",Windows 11 (Edge 128),Vendor payment
TXN_20260727_03377_770fe7,ACC_RING_B,ACC91181015,1299.19,25.0,False,completed,2026-07-27T08:09:04.452746,"Chennai, IN",iPad Pro (Safari),Software subscription
TXN_20260727_01712_c2eff1,ACC25189145,ACC97828025,2176.03,22.0,False,completed,2026-07-27T08:03:51.106816,"Bangalore, IN",Pixel 9 Pro,Utility bill
TXN_20260727_00094_8e6bb3,ACC75311120,ACC92107699,24854.0,25.0,False,completed,2026-07-27T07:58:13.964346,"Jaipur, IN",Pixel 9 Pro,Invoice settlement
TXN_20260727_00073_aedd81,ACC59760987,ACC57029336,31670.74,26.0,False,completed,2026-07-27T07:55:10.337157,"Ahmedabad, IN",Samsung Galaxy S24 Ultra,Consulting fee
TXN_20260727_01584_2093c2,ACC11706152,ACC91181015,43739.71,25.0,False,completed,2026-07-27T07:52:59.657303,"Hyderabad, IN",MacBook Pro (Chrome 128),Software subscription
TXN_20260727_03677_c6460b,ACC11706152,ACC57224534,26063.89,27.0,False,completed,2026-07-27T07:51:20.047350,"Kolkata, IN",Windows 11 (Edge 128),P2P transfer
TXN_20260727_04386_5642d2,ACC16314613,ACC20858654,7186.54,19.0,False,completed,2026-07-27T07:41:30.442283,"Mumbai, IN",Pixel 9 Pro,Utility bill
TXN_20260727_03370_a7a714,ACC1002,ACC74473089,42527.16,21.0,False,completed,2026-07-27T07:37:33.985567,"Mumbai, IN",Windows 11 (Edge 128),Urgent remittance
TXN_20260727_00677_32e4ea,ACC10897161,ACC1001,16165.98,15.0,False,completed,2026-07-27T07:36:02.372488,"Delhi, IN",Pixel 9 Pro,Online payment
TXN_20260727_03919_480178,ACC36297523,ACC65809811,8664.93,11.0,False,completed,2026-07-27T07:35:17.124561,"Kolkata, IN",Pixel 9 Pro,Urgent remittance
TXN_20260727_00368_95a284,ACC92107699,ACC15211290,30596.88,6.0,False,completed,2026-07-27T07:31:54.113502,"Ahmedabad, IN",iPhone 16 Pro Max,Rent transfer
TXN_20260727_00218_784b9f,ACC65809811,ACC15211290,7492.86,9.0,False,completed,2026-07-27T07:29:03.339476,"Mumbai, IN",OnePlus 12,Grocery purchase
TXN_20260727_03528_9c3759,ACC75385116,ACC25189145,41879.8,14.0,False,completed,2026-07-27T07:27:49.875003,"Kolkata, IN",iPad Pro (Safari),Software subscription
TXN_20260727_02955_274b7b,ACC_RING_C,ACC_RING_A,39869.67,8.0,False,completed,2026-07-27T07:08:37.386224,"Hyderabad, IN",MacBook Pro (Chrome 128),Grocery purchase
TXN_20260727_00119_a65923,ACC15373430,ACC64246741,24878.94,21.0,False,completed,2026-07-27T06:52:25.145022,"Jaipur, IN",OnePlus 12,Software subscription
TXN_20260727_00188_9f11df,ACC92107699,ACC10897161,23164.14,8.0,False,completed,2026-07-27T06:31:54.992789,"Pune, IN",Samsung Galaxy S24 Ultra,Online payment
TXN_20260727_02745_cd9301,ACC59760987,ACC1002,3371.95,27.0,False,completed,2026-07-27T06:17:25.074430,"Chennai, IN",Samsung Galaxy S24 Ultra,Rent transfer
TXN_20260727_02225_996c1d,ACC39727090,ACC86445636,6215.88,5.0,False,completed,2026-07-27T06:07:23.154252,"Delhi, IN",OnePlus 12,Consulting fee
TXN_20260727_04324_fe0c48,ACC1001,ACC61076366,40687.92,7.0,False,completed,2026-07-27T06:04:02.891675,"Jaipur, IN",MacBook Pro (Chrome 128),Urgent remittance
TXN_20260727_04309_7082da,ACC65809811,ACC59760987,14641.18,16.0,False,completed,2026-07-27T05:49:12.988223,"Chennai, IN",Windows 11 (Edge 128),Rent transfer
TXN_20260727_03791_56910f,ACC75385116,ACC64246741,1440.73,15.0,False,completed,2026-07-27T05:37:23.904627,"Jaipur, IN",Samsung Galaxy S24 Ultra,Software subscription
TXN_20260727_03969_cf7933,ACC91181015,ACC_RING_A,36439.06,15.0,False,completed,2026-07-27T04:54:18.503357,"Delhi, IN",OnePlus 12,Utility bill
TXN_20260727_04789_50697b,ACC70103438,ACC_RING_C,41791.82,26.0,False,completed,2026-07-27T04:36:52.339838,"Chennai, IN",Windows 11 (Edge 128),Invoice settlement
TXN_20260727_00201_01eb33,ACC72717142,ACC59760987,42204.91,8.0,False,completed,2026-07-27T04:34:05.771303,"Jaipur, IN",Pixel 9 Pro,Invoice settlement
TXN_20260727_00406_c6ba2c,ACC_RING_B,ACC1003,31149.48,10.0,False,completed,2026-07-27T04:29:10.439332,"Mumbai, IN",Samsung Galaxy S24 Ultra,Utility bill
TXN_20260727_04081_471092,ACC65809811,ACC39727090,26648.36,26.0,False,completed,2026-07-27T04:07:22.036332,"Chennai, IN",iPad Pro (Safari),Vendor payment
TXN_20260727_00563_7c19b8,ACC75385116,ACC39727090,23218.15,10.0,False,completed,2026-07-27T04:06:50.744031,"Delhi, IN",Samsung Galaxy S24 Ultra,Rent transfer
TXN_20260727_04239_86ad74,ACC70103438,ACC15373430,15671.82,14.0,False,completed,2026-07-27T03:48:29.726507,"Hyderabad, IN",iPad Pro (Safari),Invoice settlement
TXN_20260727_02161_147e9a,ACC1003,ACC57029336,39023.97,11.0,False,completed,2026-07-27T03:48:01.812236,"Hyderabad, IN",Samsung Galaxy S24 Ultra,Utility bill
TXN_20260727_01271_eb68e2,ACC75385116,ACC57224534,35997.38,28.0,False,completed,2026-07-27T03:43:03.225232,"Delhi, IN",iPad Pro (Safari),Urgent remittance
TXN_20260727_04365_4f0f96,ACC86445636,ACC66777666,14230.08,15.0,False,completed,2026-07-27T03:34:17.665338,"Pune, IN",iPhone 16 Pro Max,Rent transfer
TXN_20260727_05076_f246cb,ACC40593754,ACC65809811,9213.38,7.0,False,completed,2026-07-27T03:33:57.436466,"Pune, IN",OnePlus 12,Software subscription
TXN_20260727_01799_51762c,ACC50081547,ACC1003,6722.43,5.0,False,completed,2026-07-27T03:15:14.562620,"Delhi, IN",Samsung Galaxy S24 Ultra,Utility bill
TXN_20260727_04590_605733,ACC1001,ACC15373430,3041.4,26.0,False,completed,2026-07-27T03:12:02.739858,"Jaipur, IN",Windows 11 (Edge 128),Vendor payment
TXN_20260727_01454_1d8dfb,ACC1003,ACC59760987,1292.64,10.0,False,completed,2026-07-27T03:11:38.900340,"Pune, IN",OnePlus 12,Consulting fee
TXN_20260727_03841_f7cec9,ACC20858654,ACC43907404,14099.37,9.0,False,completed,2026-07-27T02:38:04.153695,"Hyderabad, IN",OnePlus 12,Online payment
TXN_20260727_03048_23632e,ACC_RING_B,ACC82456100,12935.22,16.0,False,completed,2026-07-27T02:18:59.938727,"Mumbai, IN",iPad Pro (Safari),Utility bill
TXN_20260727_00515_6822d8,ACC_RING_C,ACC_RING_A,8903.28,8.0,False,completed,2026-07-27T02:17:42.026809,"Bangalore, IN",OnePlus 12,Consulting fee
TXN_20260727_01188_86ff55,ACC39727090,ACC1001,43782.42,27.0,False,completed,2026-07-27T01:59:22.666720,"Kolkata, IN",Windows 11 (Edge 128),P2P transfer
TXN_20260727_00625_ae355c,ACC16314613,ACC75311120,36501.27,26.0,False,completed,2026-07-27T01:58:47.798152,"Delhi, IN",Pixel 9 Pro,Invoice settlement
TXN_20260727_04128_4657ba,ACC91181015,ACC75385116,34048.67,12.0,False,completed,2026-07-27T01:51:28.849735,"Bangalore, IN",Samsung Galaxy S24 Ultra,Rent transfer
TXN_20260727_03797_6e063a,ACC66777666,ACC43467724,17677.43,6.0,False,completed,2026-07-27T01:49:20.363610,"Mumbai, IN",iPad Pro (Safari),Vendor payment
TXN_20260727_02925_90b89f,ACC57224534,ACC43467724,38011.32,21.0,False,completed,2026-07-27T01:30:39.116709,"Pune, IN",Samsung Galaxy S24 Ultra,Rent transfer
TXN_20260727_00261_762d86,ACC10897161,ACC65809811,32125.36,15.0,False,completed,2026-07-27T01:28:22.924283,"Delhi, IN",Samsung Galaxy S24 Ultra,P2P transfer
TXN_20260727_00298_291530,ACC64246741,ACC75311120,38788.17,24.0,False,completed,2026-07-27T01:16:04.075572,"Pune, IN",Samsung Galaxy S24 Ultra,Consulting fee
TXN_20260727_02097_515f12,ACC25189145,ACC70103438,21600.14,27.0,False,completed,2026-07-27T01:04:33.604056,"Hyderabad, IN",Windows 11 (Edge 128),Vendor payment
TXN_20260727_02201_28a001,ACC64246741,ACC91181015,43170.68,11.0,False,completed,2026-07-27T00:56:26.749717,"Hyderabad, IN",OnePlus 12,Vendor payment
TXN_20260727_05153_778c20,ACC1001,ACC39727090,7558.61,5.0,False,completed,2026-07-27T00:55:23.826018,"Mumbai, IN",iPhone 16 Pro Max,Urgent remittance
TXN_20260727_04145_73a883,ACC40593754,ACC61076366,36010.09,21.0,False,completed,2026-07-27T00:52:21.591508,"Jaipur, IN",Windows 11 (Edge 128),P2P transfer
TXN_20260727_03028_5a45f0,ACC91181015,ACC16314613,34574.86,27.0,False,completed,2026-07-27T00:43:12.984925,"Pune, IN",OnePlus 12,Online payment
TXN_20260727_02279_1caa99,ACC82456100,ACC36297523,36902.6,12.0,False,completed,2026-07-27T00:42:44.733953,"Mumbai, IN",Windows 11 (Edge 128),Online payment
TXN_20260727_04805_ab4936,ACC91181015,ACC39727090,39566.52,25.0,False,completed,2026-07-27T00:40:53.540435,"Kolkata, IN",Windows 11 (Edge 128),Rent transfer
TXN_20260727_02941_eb7bbb,ACC15373430,ACC57224534,16221.48,13.0,False,completed,2026-07-27T00:26:09.221600,"Ahmedabad, IN",OnePlus 12,Utility bill
TXN_20260727_03724_f53fd7,ACC39727090,ACC1003,32355.61,24.0,False,completed,2026-07-27T00:24:40.226937,"Pune, IN",iPhone 16 Pro Max,Utility bill
TXN_20260727_02829_a08d86,ACC50081547,ACC_RING_B,14706.97,27.0,False,completed,2026-07-27T00:13:29.000561,"Jaipur, IN",iPhone 16 Pro Max,Vendor payment
TXN_20260727_00211_d0cffc,ACC64246741,ACC_RING_B,4697.69,9.0,False,completed,2026-07-27T00:12:01.018366,"Bangalore, IN",MacBook Pro (Chrome 128),Grocery purchase
TXN_20260727_00613_18ae05,ACC1003,ACC70103438,12112.38,5.0,False,completed,2026-07-27T00:05:45.635995,"Hyderabad, IN",iPad Pro (Safari),Rent transfer
TXN_20260727_01380_2c76f6,ACC50081547,ACC97828025,33281.71,26.0,False,completed,2026-07-27T00:01:10.743232,"Pune, IN",MacBook Pro (Chrome 128),Online payment
TXN_20260726_02505_ff5a84,ACC43249524,ACC74473089,26223.68,6.0,False,completed,2026-07-26T23:53:51.761179,"Hyderabad, IN",OnePlus 12,P2P transfer
TXN_20260726_01660_59d960,ACC_RING_B,ACC86445636,4931.39,15.0,False,completed,2026-07-26T23:51:33.454847,"Ahmedabad, IN",OnePlus 12,Consulting fee
TXN_20260726_01534_503baa,ACC16314613,ACC1002,10017.43,19.0,False,completed,2026-07-26T23:44:51.988642,"Jaipur, IN",Windows 11 (Edge 128),Vendor payment
TXN_20260726_00925_87f4f4,ACC_RING_C,ACC1003,37661.26,28.0,False,completed,2026-07-26T23:39:55.027004,"Pune, IN",iPhone 16 Pro Max,P2P transfer
TXN_20260726_04779_a496c4,ACC15373430,ACC92107699,3712.49,7.0,False,completed,2026-07-26T23:32:19.517836,"Pune, IN",iPhone 16 Pro Max,Rent transfer
TXN_20260726_02677_5f14cf,ACC91181015,ACC40593754,15900.53,10.0,False,completed,2026-07-26T23:30:09.157573,"Mumbai, IN",iPad Pro (Safari),Invoice settlement
TXN_20260726_04025_82b21c,ACC70103438,ACC50081547,42627.64,14.0,False,completed,2026-07-26T23:21:16.220097,"Kolkata, IN",MacBook Pro (Chrome 128),Grocery purchase
TXN_20260726_02604_1702e7,ACC_RING_A,ACC74473089,41353.2,6.0,False,completed,2026-07-26T23:09:23.556749,"Chennai, IN",Windows 11 (Edge 128),Software subscription
TXN_20260726_04137_32a4af,ACC1002,ACC36297523,6908.3,27.0,False,completed,2026-07-26T23:08:35.926016,"Mumbai, IN",iPad Pro (Safari),Utility bill
TXN_20260726_00240_31760a,ACC75385116,ACC75311120,143845.0,88.0,True,completed,2026-07-26T23:00:32.940511,"Delhi, IN",Windows 11 (Edge 128),P2P transfer
TXN_20260726_01897_331869,ACC36297523,ACC57224534,36069.19,28.0,False,completed,2026-07-26T22:42:37.654293,"Kolkata, IN",Samsung Galaxy S24 Ultra,Consulting fee
TXN_20260726_04212_e572a1,ACC15211290,ACC66777666,40649.47,25.0,False,completed,2026-07-26T22:10:42.174551,"Chennai, IN",iPhone 16 Pro Max,Invoice settlement
TXN_20260726_02494_a260f8,ACC11706152,ACC15211290,34937.5,15.0,False,completed,2026-07-26T21:50:50.856228,"Jaipur, IN",OnePlus 12,Utility bill
TXN_20260726_04798_32b34c,ACC_RING_B,ACC15211290,41515.37,12.0,False,completed,2026-07-26T21:50:19.170395,"Bangalore, IN",MacBook Pro (Chrome 128),Consulting fee
TXN_20260726_04825_1e39f9,ACC10897161,ACC72717142,28917.99,18.0,False,completed,2026-07-26T21:49:31.828031,"Mumbai, IN",iPhone 16 Pro Max,Consulting fee
TXN_20260726_01923_7dd67b,ACC43249524,ACC75385116,10370.21,23.0,False,completed,2026-07-26T21:46:37.553353,"Ahmedabad, IN",iPhone 16 Pro Max,Consulting fee
TXN_20260726_00446_69c93e,ACC10897161,ACC1001,17093.1,20.0,False,completed,2026-07-26T21:34:16.394157,"Hyderabad, IN",Pixel 9 Pro,Vendor payment
TXN_20260726_01687_87cb59,ACC64246741,ACC57029336,36646.52,17.0,False,completed,2026-07-26T21:34:03.990473,"Pune, IN",Windows 11 (Edge 128),Online payment
TXN_20260726_01465_ac1aee,ACC20858654,ACC10897161,6688.26,11.0,False,completed,2026-07-26T21:32:27.023995,"Ahmedabad, IN",Pixel 9 Pro,P2P transfer
TXN_20260726_05044_1fc6a8,ACC16314613,ACC1003,16995.15,7.0,False,completed,2026-07-26T21:03:02.601163,"Pune, IN",Pixel 9 Pro,Grocery purchase
TXN_20260726_01096_88c471,ACC1004,ACC16314613,16172.6,5.0,False,completed,2026-07-26T21:02:34.727688,"Bangalore, IN",iPhone 16 Pro Max,Rent transfer
TXN_20260726_00952_c41fad,ACC97828025,ACC11706152,41251.76,14.0,False,completed,2026-07-26T20:50:14.952414,"Pune, IN",Pixel 9 Pro,Grocery purchase
TXN_20260726_04624_ca77ad,ACC72717142,ACC59760987,13981.53,21.0,False,completed,2026-07-26T20:49:15.605828,"Chennai, IN",OnePlus 12,Online payment
TXN_20260726_02325_ea420f,ACC43249524,ACC61076366,34572.32,23.0,False,completed,2026-07-26T20:41:38.544851,"Ahmedabad, IN",Pixel 9 Pro,Grocery purchase
TXN_20260726_04291_57ad0f,ACC59760987,ACC57224534,9957.16,5.0,False,completed,2026-07-26T20:40:46.267079,"Kolkata, IN",Windows 11 (Edge 128),Invoice settlement
TXN_20260726_01334_dd4cee,ACC72717142,ACC39727090,14637.11,21.0,False,completed,2026-07-26T20:36:56.818615,"Mumbai, IN",MacBook Pro (Chrome 128),Utility bill
TXN_20260726_04480_6414c6,ACC50081547,ACC74473089,219633.0,68.0,True,completed,2026-07-26T20:34:46.731917,"Jaipur, IN",Windows 11 (Edge 128),P2P transfer
TXN_20260726_00912_488e80,ACC97828025,ACC43907404,34582.8,26.0,False,completed,2026-07-26T19:23:36.163656,"Jaipur, IN",Windows 11 (Edge 128),Invoice settlement
TXN_20260726_05081_b865df,ACC92107699,ACC72717142,28633.17,10.0,False,completed,2026-07-26T19:10:28.890014,"Hyderabad, IN",Pixel 9 Pro,Urgent remittance
TXN_20260726_03276_5d33cf,ACC1003,ACC_RING_A,38242.93,20.0,False,completed,2026-07-26T19:09:35.747866,"Bangalore, IN",Samsung Galaxy S24 Ultra,Invoice settlement
TXN_20260726_00481_a424da,ACC43467724,ACC74473089,9966.41,12.0,False,completed,2026-07-26T19:01:39.494873,"Jaipur, IN",MacBook Pro (Chrome 128),Vendor payment
TXN_20260726_05089_b90a29,ACC70103438,ACC74473089,40042.93,12.0,False,completed,2026-07-26T18:59:15.324108,"Bangalore, IN",MacBook Pro (Chrome 128),Urgent remittance
TXN_20260726_02544_2d63b2,ACC57224534,ACC72717142,2326.1,18.0,False,completed,2026-07-26T18:57:56.633938,"Bangalore, IN",iPhone 16 Pro Max,Software subscription
TXN_20260726_03084_78c71d,ACC36297523,ACC11706152,10639.1,28.0,False,completed,2026-07-26T18:22:00.210225,"Delhi, IN",Samsung Galaxy S24 Ultra,Software subscription
TXN_20260726_01532_2eefc6,ACC10897161,ACC11706152,36533.53,20.0,False,completed,2026-07-26T18:12:53.258000,"Pune, IN",Pixel 9 Pro,Utility bill
TXN_20260726_01784_230442,ACC15211290,ACC16314613,34261.07,22.0,False,completed,2026-07-26T18:04:02.826818,"Pune, IN",Pixel 9 Pro,Vendor payment
TXN_20260726_00289_6cc7ea,ACC59760987,ACC15211290,29191.87,9.0,False,completed,2026-07-26T17:58:13.287474,"Bangalore, IN",MacBook Pro (Chrome 128),Vendor payment
TXN_20260726_04893_9ad441,ACC_RING_B,ACC1001,1697.76,9.0,False,completed,2026-07-26T17:44:51.223602,"Bangalore, IN",iPhone 16 Pro Max,P2P transfer
TXN_20260726_02448_3dad65,ACC64246741,ACC1004,15775.17,27.0,False,completed,2026-07-26T17:40:52.102763,"Ahmedabad, IN",Samsung Galaxy S24 Ultra,Consulting fee
TXN_20260726_04955_0684ed,ACC15211290,ACC91181015,41206.42,12.0,False,completed,2026-07-26T17:35:10.471705,"Pune, IN",Pixel 9 Pro,Urgent remittance
TXN_20260726_00770_2af9fb,ACC15211290,ACC72717142,26954.07,26.0,False,completed,2026-07-26T17:08:26.901705,"Jaipur, IN",Pixel 9 Pro,Urgent remittance
TXN_20260726_00667_3b3e42,ACC75385116,ACC92107699,38972.6,11.0,False,completed,2026-07-26T17:04:12.564703,"Jaipur, IN",iPhone 16 Pro Max,Utility bill
TXN_20260726_02360_eb7295,ACC36297523,ACC92107699,161208.0,87.0,True,completed,2026-07-26T17:01:02.696023,"Delhi, IN",Samsung Galaxy S24 Ultra,Consulting fee
TXN_20260726_01305_879747,ACC11706152,ACC_RING_A,24970.99,10.0,False,completed,2026-07-26T16:56:54.480393,"Pune, IN",MacBook Pro (Chrome 128),Invoice settlement
TXN_20260726_05036_f23e84,ACC10897161,ACC75311120,27356.03,6.0,False,completed,2026-07-26T16:47:13.320373,"Jaipur, IN",Pixel 9 Pro,Invoice settlement
TXN_20260726_01634_3a02c5,ACC1001,ACC43249524,42486.94,28.0,False,completed,2026-07-26T16:37:24.834691,"Delhi, IN",Samsung Galaxy S24 Ultra,Invoice settlement
TXN_20260726_00370_63d67f,ACC72717142,ACC92107699,13331.36,15.0,False,completed,2026-07-26T16:27:31.445003,"Chennai, IN",Pixel 9 Pro,Consulting fee
TXN_20260726_00936_9e824e,ACC25189145,ACC61076366,42448.88,7.0,False,completed,2026-07-26T16:15:50.480066,"Kolkata, IN",MacBook Pro (Chrome 128),Utility bill
TXN_20260726_00019_4433ff,ACC92107699,ACC39727090,123116.0,79.0,True,completed,2026-07-26T16:12:33.058996,"Chennai, IN",iPhone 16 Pro Max,Online payment
TXN_20260726_01896_de1809,ACC43907404,ACC92107699,18787.17,10.0,False,completed,2026-07-26T16:05:59.717249,"Jaipur, IN",Pixel 9 Pro,Grocery purchase
TXN_20260726_03280_006d4a,ACC25189145,ACC43467724,233166.0,76.0,True,completed,2026-07-26T15:32:26.503193,"Ahmedabad, IN",Samsung Galaxy S24 Ultra,Vendor payment
TXN_20260726_00057_58ce9b,ACC_RING_B,ACC65809811,27997.1,13.0,False,completed,2026-07-26T15:32:22.634466,"Pune, IN",OnePlus 12,Rent transfer
TXN_20260726_02801_76fc1c,ACC15211290,ACC59760987,30933.01,27.0,False,completed,2026-07-26T15:12:13.535837,"Bangalore, IN",Windows 11 (Edge 128),Consulting fee
TXN_20260726_01342_e843db,ACC97828025,ACC10897161,12174.51,23.0,False,completed,2026-07-26T14:55:29.477411,"Pune, IN",iPad Pro (Safari),Invoice settlement
TXN_20260726_04954_1e74a1,ACC57029336,ACC74473089,14076.34,21.0,False,completed,2026-07-26T14:42:37.496222,"Chennai, IN",iPad Pro (Safari),P2P transfer
TXN_20260726_04587_ae283d,ACC57224534,ACC15211290,20882.3,9.0,False,completed,2026-07-26T14:32:09.565332,"Kolkata, IN",Windows 11 (Edge 128),Rent transfer
TXN_20260726_01812_95c4fb,ACC72717142,ACC70103438,27196.84,6.0,False,completed,2026-07-26T14:11:24.154988,"Ahmedabad, IN",OnePlus 12,Online payment
TXN_20260726_01171_26b674,ACC97828025,ACC64246741,16795.67,28.0,False,completed,2026-07-26T13:55:25.642270,"Pune, IN",Samsung Galaxy S24 Ultra,Invoice settlement
TXN_20260726_02655_4772fc,ACC61076366,ACC16314613,5823.78,15.0,False,completed,2026-07-26T13:41:12.190496,"Pune, IN",OnePlus 12,Vendor payment
TXN_20260726_01234_2e4ab6,ACC74473089,ACC92107699,4403.83,25.0,False,completed,2026-07-26T13:32:32.032643,"Chennai, IN",iPad Pro (Safari),Software subscription
TXN_20260726_02145_d8d7fa,ACC74473089,ACC82456100,25673.21,28.0,False,completed,2026-07-26T13:08:14.488450,"Delhi, IN",Pixel 9 Pro,Invoice settlement
TXN_20260726_00995_0c78ae,ACC75311120,ACC70103438,30715.46,24.0,False,completed,2026-07-26T12:33:33.521370,"Kolkata, IN",iPhone 16 Pro Max,Invoice settlement
TXN_20260726_04389_72358a,ACC11706152,ACC39727090,1473.49,10.0,False,completed,2026-07-26T12:23:52.495027,"Chennai, IN",iPad Pro (Safari),Online payment
TXN_20260726_00726_29b0a3,ACC57029336,ACC59760987,24291.54,19.0,False,completed,2026-07-26T12:19:34.159258,"Pune, IN",Samsung Galaxy S24 Ultra,Consulting fee
TXN_20260726_00228_a23c19,ACC1002,ACC91181015,2501.88,21.0,False,completed,2026-07-26T12:10:08.138672,"Ahmedabad, IN",Pixel 9 Pro,Online payment
TXN_20260726_02792_5a10bb,ACC64246741,ACC97828025,29526.5,18.0,False,completed,2026-07-26T12:04:55.690732,"Bangalore, IN",Samsung Galaxy S24 Ultra,Invoice settlement
TXN_20260726_01788_27d4f1,ACC1004,ACC75311120,43110.7,18.0,False,completed,2026-07-26T11:55:02.785634,"Hyderabad, IN",MacBook Pro (Chrome 128),Consulting fee
TXN_20260726_01672_1da137,ACC1002,ACC91181015,17888.36,16.0,False,completed,2026-07-26T11:19:11.581250,"Delhi, IN",Pixel 9 Pro,Utility bill
TXN_20260726_03885_ff20bb,ACC_RING_A,ACC92107699,33569.15,17.0,False,completed,2026-07-26T11:07:00.830748,"Jaipur, IN",Pixel 9 Pro,Online payment
TXN_20260726_04680_5f643b,ACC1002,ACC43907404,84705.0,75.0,True,completed,2026-07-26T10:46:04.339286,"Pune, IN",Samsung Galaxy S24 Ultra,Grocery purchase
TXN_20260726_00193_98715d,ACC10897161,ACC11706152,11056.78,11.0,False,completed,2026-07-26T10:43:59.365351,"Delhi, IN",Pixel 9 Pro,P2P transfer
TXN_20260726_00660_fbeb98,ACC16314613,ACC43249524,30018.9,16.0,False,completed,2026-07-26T10:29:12.306769,"Pune, IN",Pixel 9 Pro,Online payment
TXN_20260726_03266_2066f0,ACC1003,ACC64246741,36939.08,16.0,False,completed,2026-07-26T10:26:11.164346,"Mumbai, IN",iPad Pro (Safari),Urgent remittance
TXN_20260726_04947_9f8918,ACC16314613,ACC1001,22650.0,23.0,False,completed,2026-07-26T10:20:47.118020,"Hyderabad, IN",MacBook Pro (Chrome 128),Vendor payment
TXN_20260726_01221_c450e4,ACC25189145,ACC64246741,30127.62,13.0,False,completed,2026-07-26T10:00:47.794746,"Bangalore, IN",iPad Pro (Safari),Utility bill
TXN_20260726_03025_35292d,ACC1004,ACC43467724,9088.61,12.0,False,completed,2026-07-26T09:52:11.335897,"Chennai, IN",iPhone 16 Pro Max,Software subscription
TXN_20260726_02353_971f7d,ACC75311120,ACC1003,16573.77,17.0,False,completed,2026-07-26T09:49:44.860183,"Kolkata, IN",MacBook Pro (Chrome 128),Vendor payment
TXN_20260726_03537_3b829e,ACC43467724,ACC74473089,20622.34,22.0,False,completed,2026-07-26T09:47:31.247879,"Ahmedabad, IN",MacBook Pro (Chrome 128),Consulting fee
TXN_20260726_02892_472a0b,ACC1002,ACC_RING_A,25861.75,19.0,False,completed,2026-07-26T09:42:54.871152,"Ahmedabad, IN",OnePlus 12,Invoice settlement
TXN_20260726_03720_0651dc,ACC92107699,ACC_RING_B,102163.0,71.0,True,completed,2026-07-26T09:30:20.605091,"Mumbai, IN",iPad Pro (Safari),Vendor payment
TXN_20260726_01796_ed9e0e,ACC50081547,ACC57224534,17779.74,5.0,False,completed,2026-07-26T09:27:49.673821,"Bangalore, IN",Windows 11 (Edge 128),Online payment
TXN_20260726_03902_0a7884,ACC75311120,ACC57029336,31861.58,25.0,False,completed,2026-07-26T09:13:06.328189,"Delhi, IN",Windows 11 (Edge 128),Urgent remittance
TXN_20260726_04614_6af1a8,ACC1001,ACC57224534,39661.07,9.0,False,completed,2026-07-26T09:09:45.409822,"Mumbai, IN",Windows 11 (Edge 128),Invoice settlement
TXN_20260726_03627_c83b11,ACC20858654,ACC1001,39046.07,8.0,False,completed,2026-07-26T09:07:43.457592,"Bangalore, IN",Samsung Galaxy S24 Ultra,Online payment
TXN_20260726_02836_36e9b6,ACC92107699,ACC97828025,32022.37,27.0,False,completed,2026-07-26T09:07:16.917350,"Delhi, IN",Windows 11 (Edge 128),Rent transfer
TXN_20260726_01569_662995,ACC65809811,ACC57224534,23690.64,6.0,False,completed,2026-07-26T08:49:12.331145,"Delhi, IN",Windows 11 (Edge 128),Vendor payment
TXN_20260726_01547_bff3f0,ACC82456100,ACC57029336,13242.25,25.0,False,completed,2026-07-26T08:43:17.681505,"Jaipur, IN",iPhone 16 Pro Max,Consulting fee
TXN_20260726_04218_48da85,ACC1001,ACC20858654,43856.24,11.0,False,completed,2026-07-26T08:38:27.549268,"Bangalore, IN",Samsung Galaxy S24 Ultra,Utility bill
TXN_20260726_03756_d2b6e0,ACC82456100,ACC25189145,31093.83,7.0,False,completed,2026-07-26T08:32:23.768837,"Jaipur, IN",iPhone 16 Pro Max,Urgent remittance
TXN_20260726_01999_e7d7ad,ACC82456100,ACC74473089,40618.34,5.0,False,completed,2026-07-26T08:22:45.961431,"Jaipur, IN",Pixel 9 Pro,Rent transfer
TXN_20260726_02162_5eed07,ACC61076366,ACC11706152,29864.04,26.0,False,completed,2026-07-26T08:20:24.173667,"Bangalore, IN",iPhone 16 Pro Max,Online payment
TXN_20260726_00639_88d97c,ACC61076366,ACC1004,32602.21,6.0,False,completed,2026-07-26T08:19:35.039516,"Mumbai, IN",OnePlus 12,Rent transfer
TXN_20260726_02613_121be2,ACC20858654,ACC1003,3101.54,19.0,False,completed,2026-07-26T08:17:57.448084,"Chennai, IN",OnePlus 12,Vendor payment
TXN_20260726_02617_c23d8b,ACC40593754,ACC25189145,28722.62,15.0,False,completed,2026-07-26T08:05:47.354460,"Mumbai, IN",Pixel 9 Pro,Utility bill
TXN_20260726_01958_6fa272,ACC25189145,ACC74473089,17322.75,10.0,False,completed,2026-07-26T08:02:04.932784,"Mumbai, IN",iPhone 16 Pro Max,Urgent remittance
TXN_20260726_00499_879bcb,ACC1003,ACC39727090,13157.02,13.0,False,completed,2026-07-26T07:53:57.071700,"Jaipur, IN",OnePlus 12,Utility bill
TXN_20260726_00856_047977,ACC1001,ACC50081547,42783.32,21.0,False,completed,2026-07-26T07:48:30.720617,"Delhi, IN",Pixel 9 Pro,Vendor payment
TXN_20260726_03840_830522,ACC86445636,ACC43907404,137797.0,69.0,True,completed,2026-07-26T07:44:16.008625,"Bangalore, IN",Samsung Galaxy S24 Ultra,Grocery purchase
TXN_20260726_03649_7e03b6,ACC74473089,ACC57029336,27643.98,15.0,False,completed,2026-07-26T07:43:19.564463,"Pune, IN",iPad Pro (Safari),Utility bill
TXN_20260726_02747_f8c3ed,ACC75385116,ACC20858654,25049.67,13.0,False,completed,2026-07-26T07:25:25.878628,"Mumbai, IN",Windows 11 (Edge 128),Vendor payment
TXN_20260726_01524_364b74,ACC1002,ACC36297523,42743.38,27.0,False,completed,2026-07-26T07:19:43.163810,"Pune, IN",MacBook Pro (Chrome 128),Consulting fee
TXN_20260726_03735_3e4217,ACC43907404,ACC25189145,5490.23,23.0,False,completed,2026-07-26T06:35:52.904642,"Pune, IN",OnePlus 12,P2P transfer
TXN_20260726_03472_7893ed,ACC64246741,ACC59760987,31817.75,6.0,False,completed,2026-07-26T06:29:24.948473,"Delhi, IN",OnePlus 12,P2P transfer
TXN_20260726_04713_482611,ACC39727090,ACC40593754,28332.79,13.0,False,completed,2026-07-26T06:18:35.453993,"Pune, IN",iPad Pro (Safari),Invoice settlement
TXN_20260726_04548_0e83a8,ACC16314613,ACC15211290,4143.79,23.0,False,completed,2026-07-26T06:17:25.876388,"Delhi, IN",iPhone 16 Pro Max,Vendor payment
TXN_20260726_04454_64ed80,ACC_RING_C,ACC20858654,37044.93,28.0,False,completed,2026-07-26T06:14:39.443370,"Bangalore, IN",Windows 11 (Edge 128),Urgent remittance
TXN_20260726_01988_4de4d2,ACC_RING_A,ACC43907404,7955.83,19.0,False,completed,2026-07-26T05:49:03.782469,"Chennai, IN",Pixel 9 Pro,Consulting fee
TXN_20260726_02811_35a72d,ACC1002,ACC61076366,40319.31,13.0,False,completed,2026-07-26T05:49:01.138072,"Bangalore, IN",Pixel 9 Pro,Consulting fee
TXN_20260726_03198_cee22b,ACC70103438,ACC40593754,41696.8,15.0,False,completed,2026-07-26T05:43:01.966664,"Mumbai, IN",iPhone 16 Pro Max,Urgent remittance
TXN_20260726_04294_08066a,ACC1004,ACC25189145,18759.12,17.0,False,completed,2026-07-26T05:36:13.717086,"Mumbai, IN",iPhone 16 Pro Max,Vendor payment
TXN_20260726_01361_aec249,ACC11706152,ACC15211290,26763.58,28.0,False,completed,2026-07-26T05:34:20.429955,"Jaipur, IN",MacBook Pro (Chrome 128),Online payment
TXN_20260726_01767_d2c3b7,ACC57029336,ACC20858654,4455.12,17.0,False,completed,2026-07-26T05:32:49.038928,"Bangalore, IN",Pixel 9 Pro,Grocery purchase
TXN_20260726_03447_598155,ACC15211290,ACC1001,23841.19,12.0,False,completed,2026-07-26T05:16:36.520356,"Ahmedabad, IN",OnePlus 12,Utility bill
TXN_20260726_04921_94a958,ACC16314613,ACC43907404,41792.31,17.0,False,completed,2026-07-26T05:16:03.475029,"Ahmedabad, IN",MacBook Pro (Chrome 128),Utility bill
TXN_20260726_05035_db7785,ACC1004,ACC50081547,43182.85,9.0,False,completed,2026-07-26T05:09:47.447712,"Delhi, IN",iPhone 16 Pro Max,Rent transfer
TXN_20260726_01178_14ffdc,ACC75311120,ACC43907404,10554.19,5.0,False,completed,2026-07-26T05:07:24.182394,"Pune, IN",Windows 11 (Edge 128),Consulting fee
TXN_20260726_02371_9b5123,ACC43467724,ACC43907404,25740.6,11.0,False,completed,2026-07-26T04:58:47.871192,"Hyderabad, IN",Pixel 9 Pro,Rent transfer
TXN_20260726_04112_504c38,ACC40593754,ACC86445636,16487.38,26.0,False,completed,2026-07-26T04:31:34.309173,"Bangalore, IN",Samsung Galaxy S24 Ultra,Utility bill
TXN_20260726_03409_ec3b95,ACC40593754,ACC59760987,6823.24,18.0,False,completed,2026-07-26T04:15:41.118703,"Hyderabad, IN",OnePlus 12,Invoice settlement
TXN_20260726_02725_ed8576,ACC16314613,ACC25189145,22483.11,21.0,False,completed,2026-07-26T04:12:14.767237,"Bangalore, IN",Samsung Galaxy S24 Ultra,Vendor payment
TXN_20260726_03723_02bfd0,ACC39727090,ACC1004,1005.1,28.0,False,completed,2026-07-26T04:05:02.559057,"Mumbai, IN",Windows 11 (Edge 128),Consulting fee
TXN_20260726_02036_266e7e,ACC75311120,ACC72717142,16159.06,27.0,False,completed,2026-07-26T04:04:38.981359,"Delhi, IN",Samsung Galaxy S24 Ultra,Vendor payment
TXN_20260726_02910_950c4b,ACC_RING_C,ACC39727090,30847.56,25.0,False,completed,2026-07-26T03:52:05.892716,"Delhi, IN",Windows 11 (Edge 128),Vendor payment
TXN_20260726_02217_1ddb48,ACC1003,ACC72717142,30126.44,19.0,False,completed,2026-07-26T03:48:40.278917,"Ahmedabad, IN",Pixel 9 Pro,P2P transfer
TXN_20260726_01483_14420a,ACC97828025,ACC92107699,26518.0,28.0,False,completed,2026-07-26T03:47:05.913078,"Pune, IN",Windows 11 (Edge 128),Software subscription
TXN_20260726_00280_20ee31,ACC43467724,ACC39727090,196904.0,69.0,True,completed,2026-07-26T03:23:03.507759,"Bangalore, IN",iPad Pro (Safari),P2P transfer
TXN_20260726_01539_562e8c,ACC15373430,ACC70103438,8400.54,24.0,False,completed,2026-07-26T03:21:17.566810,"Delhi, IN",iPad Pro (Safari),Urgent remittance
TXN_20260726_04305_6ecb7e,ACC43249524,ACC43467724,12430.57,19.0,False,completed,2026-07-26T03:19:21.960339,"Hyderabad, IN",Samsung Galaxy S24 Ultra,Urgent remittance
TXN_20260726_04678_e5d951,ACC75385116,ACC1004,15854.66,24.0,False,completed,2026-07-26T03:00:02.096996,"Pune, IN",MacBook Pro (Chrome 128),Utility bill
TXN_20260726_01295_c736d2,ACC86445636,ACC64246741,43000.74,14.0,False,completed,2026-07-26T02:35:24.908192,"Jaipur, IN",iPad Pro (Safari),Vendor payment
TXN_20260726_01783_582031,ACC43907404,ACC_RING_A,7895.87,20.0,False,completed,2026-07-26T02:32:53.337572,"Mumbai, IN",MacBook Pro (Chrome 128),P2P transfer
TXN_20260726_02321_b50423,ACC39727090,ACC1003,29474.44,17.0,False,completed,2026-07-26T02:13:55.897928,"Jaipur, IN",OnePlus 12,Software subscription
TXN_20260726_04962_436e8c,ACC43467724,ACC92107699,12895.1,9.0,False,completed,2026-07-26T02:05:53.522796,"Pune, IN",iPhone 16 Pro Max,P2P transfer
TXN_20260726_05148_2ab191,ACC1001,ACC72717142,16335.58,21.0,False,completed,2026-07-26T02:00:38.427865,"Hyderabad, IN",Samsung Galaxy S24 Ultra,Online payment
TXN_20260726_02240_270457,ACC1004,ACC15211290,89173.0,66.0,True,completed,2026-07-26T01:56:01.222251,"Pune, IN",iPhone 16 Pro Max,Utility bill
TXN_20260726_00518_b3ff69,ACC92107699,ACC43907404,3177.4,19.0,False,completed,2026-07-26T01:49:01.022935,"Delhi, IN",MacBook Pro (Chrome 128),Urgent remittance
TXN_20260726_03097_7f16f1,ACC36297523,ACC57224534,3858.17,17.0,False,completed,2026-07-26T01:46:53.928876,"Chennai, IN",iPad Pro (Safari),Invoice settlement
TXN_20260726_04918_2888b3,ACC74473089,ACC66777666,35934.94,11.0,False,completed,2026-07-26T01:41:11.819489,"Kolkata, IN",Pixel 9 Pro,Invoice settlement
TXN_20260726_01339_a62755,ACC66777666,ACC15211290,3890.41,20.0,False,completed,2026-07-26T01:26:51.540870,"Ahmedabad, IN",iPhone 16 Pro Max,Consulting fee
TXN_20260726_02278_17f6b5,ACC1002,ACC15373430,39401.79,10.0,False,completed,2026-07-26T01:14:14.218558,"Mumbai, IN",MacBook Pro (Chrome 128),Urgent remittance
TXN_20260726_00304_7a8959,ACC20858654,ACC39727090,27638.06,25.0,False,completed,2026-07-26T01:10:20.844224,"Chennai, IN",Windows 11 (Edge 128),Software subscription
TXN_20260726_02530_9d02e4,ACC43249524,ACC65809811,30528.57,14.0,False,completed,2026-07-26T01:09:37.415033,"Bangalore, IN",Windows 11 (Edge 128),Rent transfer
TXN_20260726_01514_980a23,ACC61076366,ACC97828025,3358.93,28.0,False,completed,2026-07-26T01:07:10.577821,"Pune, IN",OnePlus 12,P2P transfer
TXN_20260726_03143_885a96,ACC74473089,ACC50081547,43783.64,12.0,False,completed,2026-07-26T00:59:23.266261,"Hyderabad, IN",iPad Pro (Safari),Grocery purchase
TXN_20260726_04331_a6462b,ACC57224534,ACC1003,21993.42,13.0,False,completed,2026-07-26T00:50:37.234141,"Ahmedabad, IN",iPad Pro (Safari),Grocery purchase
TXN_20260726_01338_8a3c06,ACC70103438,ACC1002,17841.34,21.0,False,completed,2026-07-26T00:50:31.863180,"Delhi, IN",MacBook Pro (Chrome 128),Online payment
TXN_20260726_02005_c54f52,ACC25189145,ACC1003,681.66,13.0,False,completed,2026-07-26T00:46:41.378482,"Ahmedabad, IN",OnePlus 12,Utility bill
TXN_20260726_01318_8f646d,ACC86445636,ACC11706152,15590.15,28.0,False,completed,2026-07-26T00:44:59.212954,"Pune, IN",Windows 11 (Edge 128),Vendor payment
TXN_20260726_05055_c89898,ACC16314613,ACC66777666,11512.02,17.0,False,completed,2026-07-26T00:41:29.750385,"Chennai, IN",iPad Pro (Safari),Consulting fee
TXN_20260726_03578_938f6d,ACC86445636,ACC43907404,41925.87,26.0,False,completed,2026-07-26T00:36:49.011395,"Delhi, IN",iPad Pro (Safari),Grocery purchase
TXN_20260726_01230_838bc1,ACC66777666,ACC57029336,20147.79,14.0,False,completed,2026-07-26T00:07:22.738035,"Mumbai, IN",Pixel 9 Pro,Online payment
TXN_20260726_04539_93d7eb,ACC39727090,ACC1004,40117.51,23.0,False,completed,2026-07-26T00:04:11.889924,"Jaipur, IN",OnePlus 12,Grocery purchase
TXN_20260726_04148_622b2f,ACC50081547,ACC75311120,33380.87,15.0,False,completed,2026-07-26T00:01:24.862206,"Chennai, IN",iPad Pro (Safari),Grocery purchase
TXN_20260725_04126_6b2b68,ACC10897161,ACC43907404,32118.92,21.0,False,completed,2026-07-25T23:34:19.042628,"Mumbai, IN",iPhone 16 Pro Max,Rent transfer
TXN_20260725_03221_d7ede4,ACC1003,ACC1002,38136.15,28.0,False,completed,2026-07-25T23:27:47.770518,"Delhi, IN",Samsung Galaxy S24 Ultra,Invoice settlement
TXN_20260725_01741_3461fc,ACC_RING_A,ACC1002,25739.26,19.0,False,completed,2026-07-25T23:27:31.170078,"Jaipur, IN",iPad Pro (Safari),Urgent remittance
TXN_20260725_02703_82cdbe,ACC75385116,ACC72717142,28948.83,5.0,False,completed,2026-07-25T23:25:18.553906,"Delhi, IN",iPhone 16 Pro Max,Online payment
TXN_20260725_01905_50d49a,ACC72717142,ACC64246741,44552.13,9.0,False,completed,2026-07-25T23:17:20.616568,"Pune, IN",Windows 11 (Edge 128),Utility bill
TXN_20260725_04588_693025,ACC61076366,ACC1003,20292.31,26.0,False,completed,2026-07-25T23:06:51.081978,"Chennai, IN",iPad Pro (Safari),Grocery purchase
TXN_20260725_01574_aff4e9,ACC50081547,ACC82456100,29920.97,5.0,False,completed,2026-07-25T23:05:33.493788,"Chennai, IN",iPad Pro (Safari),Consulting fee
TXN_20260725_00512_41fb6d,ACC1003,ACC40593754,5828.61,15.0,False,completed,2026-07-25T22:48:11.735711,"Kolkata, IN",Windows 11 (Edge 128),Online payment
TXN_20260725_00973_27a292,ACC1003,ACC72717142,18744.94,19.0,False,completed,2026-07-25T22:36:19.858614,"Pune, IN",Windows 11 (Edge 128),Invoice settlement
TXN_20260725_02795_affb3b,ACC65809811,ACC_RING_B,43891.04,18.0,False,completed,2026-07-25T22:35:02.231831,"Kolkata, IN",Pixel 9 Pro,Grocery purchase
TXN_20260725_00441_d321b6,ACC65809811,ACC20858654,11909.73,28.0,False,completed,2026-07-25T22:33:47.132944,"Delhi, IN",Samsung Galaxy S24 Ultra,Software subscription
TXN_20260725_02238_310d56,ACC_RING_B,ACC72717142,24400.78,28.0,False,completed,2026-07-25T22:27:11.935591,"Jaipur, IN",OnePlus 12,Invoice settlement
TXN_20260725_01268_337acb,ACC20858654,ACC_RING_C,13931.77,19.0,False,completed,2026-07-25T22:12:41.362254,"Hyderabad, IN",Samsung Galaxy S24 Ultra,Software subscription
TXN_20260725_00241_18208c,ACC50081547,ACC75311120,38382.04,15.0,False,completed,2026-07-25T21:33:26.210183,"Chennai, IN",Pixel 9 Pro,Rent transfer
TXN_20260725_03367_30f6df,ACC75385116,ACC70103438,7029.26,21.0,False,completed,2026-07-25T21:32:42.319878,"Mumbai, IN",MacBook Pro (Chrome 128),P2P transfer
TXN_20260725_03082_3a5086,ACC91181015,ACC1002,18765.92,27.0,False,completed,2026-07-25T21:06:35.804741,"Hyderabad, IN",MacBook Pro (Chrome 128),Invoice settlement
TXN_20260725_01087_b8f3f6,ACC10897161,ACC1004,8163.43,23.0,False,completed,2026-07-25T20:55:19.681153,"Jaipur, IN",OnePlus 12,Invoice settlement
TXN_20260725_03240_73776a,ACC91181015,ACC36297523,122381.0,88.0,True,completed,2026-07-25T20:46:42.575418,"Hyderabad, IN",iPad Pro (Safari),Grocery purchase
TXN_20260725_02077_9535e8,ACC57029336,ACC86445636,5695.16,24.0,False,completed,2026-07-25T20:44:20.300917,"Hyderabad, IN",MacBook Pro (Chrome 128),P2P transfer
TXN_20260725_01057_4d4dc1,ACC11706152,ACC43249524,5342.67,9.0,False,completed,2026-07-25T20:44:18.602275,"Ahmedabad, IN",Windows 11 (Edge 128),Urgent remittance
TXN_20260725_03676_a21944,ACC50081547,ACC36297523,2203.82,18.0,False,completed,2026-07-25T20:42:52.040433,"Mumbai, IN",Windows 11 (Edge 128),Software subscription
TXN_20260725_00981_db8d99,ACC72717142,ACC75311120,26427.11,8.0,False,completed,2026-07-25T20:42:43.345002,"Hyderabad, IN",iPad Pro (Safari),Online payment
TXN_20260725_03566_0fbad9,ACC82456100,ACC75385116,18612.34,28.0,False,completed,2026-07-25T20:38:14.275422,"Kolkata, IN",Pixel 9 Pro,Rent transfer
TXN_20260725_04692_59173d,ACC16314613,ACC25189145,44962.01,15.0,False,completed,2026-07-25T20:33:13.555586,"Hyderabad, IN",OnePlus 12,Urgent remittance
TXN_20260725_04347_c98626,ACC65809811,ACC74473089,27983.6,27.0,False,completed,2026-07-25T20:24:45.502411,"Jaipur, IN",MacBook Pro (Chrome 128),Invoice settlement
TXN_20260725_02916_62d649,ACC50081547,ACC74473089,15535.64,25.0,False,completed,2026-07-25T20:24:12.443456,"Kolkata, IN",Windows 11 (Edge 128),Invoice settlement
TXN_20260725_03702_7531b3,ACC75385116,ACC11706152,26785.37,27.0,False,completed,2026-07-25T20:22:31.480462,"Pune, IN",OnePlus 12,Urgent remittance
TXN_20260725_03678_93d6b2,ACC10897161,ACC15211290,223.76,6.0,False,completed,2026-07-25T20:20:53.370718,"Mumbai, IN",OnePlus 12,Online payment
TXN_20260725_02233_465fc5,ACC75385116,ACC1003,26883.29,15.0,False,completed,2026-07-25T20:03:24.772543,"Kolkata, IN",Pixel 9 Pro,Grocery purchase
TXN_20260725_01518_aee903,ACC_RING_B,ACC74473089,36533.12,5.0,False,completed,2026-07-25T20:01:51.039247,"Pune, IN",OnePlus 12,Online payment
TXN_20260725_01908_d203d5,ACC15211290,ACC_RING_C,23166.64,21.0,False,completed,2026-07-25T19:59:48.089132,"Delhi, IN",MacBook Pro (Chrome 128),Online payment
TXN_20260725_03625_0d8ec3,ACC43249524,ACC75385116,28833.75,28.0,False,completed,2026-07-25T19:51:32.663824,"Chennai, IN",iPad Pro (Safari),Software subscription
TXN_20260725_03468_7ea134,ACC_RING_B,ACC86445636,19099.39,7.0,False,completed,2026-07-25T19:47:51.737476,"Ahmedabad, IN",iPhone 16 Pro Max,Consulting fee
TXN_20260725_03701_1d836d,ACC43907404,ACC1003,34553.12,17.0,False,completed,2026-07-25T19:45:49.857859,"Delhi, IN",OnePlus 12,Online payment
TXN_20260725_01045_8212a9,ACC36297523,ACC57029336,17260.7,25.0,False,completed,2026-07-25T19:30:32.026712,"Kolkata, IN",iPhone 16 Pro Max,Urgent remittance
TXN_20260725_03555_c2a394,ACC64246741,ACC66777666,11978.93,26.0,False,completed,2026-07-25T19:18:21.650164,"Mumbai, IN",iPhone 16 Pro Max,Utility bill
TXN_20260725_00695_c95064,ACC1004,ACC40593754,26107.64,18.0,False,completed,2026-07-25T18:39:25.656838,"Bangalore, IN",iPad Pro (Safari),Invoice settlement
TXN_20260725_03903_8b8be9,ACC15211290,ACC70103438,17774.1,25.0,False,completed,2026-07-25T18:35:17.645181,"Jaipur, IN",Pixel 9 Pro,P2P transfer
TXN_20260725_04754_8059cb,ACC61076366,ACC92107699,42607.02,25.0,False,completed,2026-07-25T18:31:29.591402,"Kolkata, IN",iPad Pro (Safari),Grocery purchase
TXN_20260725_01007_73c139,ACC92107699,ACC43907404,23636.13,18.0,False,completed,2026-07-25T18:29:36.331760,"Pune, IN",Pixel 9 Pro,Consulting fee
TXN_20260725_00758_9e5103,ACC82456100,ACC25189145,24231.9,9.0,False,completed,2026-07-25T18:24:32.535066,"Mumbai, IN",Pixel 9 Pro,Rent transfer
TXN_20260725_03120_16ba3a,ACC91181015,ACC43249524,56066.0,89.0,True,completed,2026-07-25T18:06:13.120075,"Mumbai, IN",iPad Pro (Safari),Utility bill
TXN_20260725_00034_4cb951,ACC15211290,ACC66777666,131377.0,98.0,True,completed,2026-07-25T17:58:15.114390,"Hyderabad, IN",Samsung Galaxy S24 Ultra,Grocery purchase
TXN_20260725_04221_4637f3,ACC1003,ACC16314613,6061.58,22.0,False,completed,2026-07-25T17:53:16.576912,"Delhi, IN",OnePlus 12,Grocery purchase
TXN_20260725_02739_3a301b,ACC1002,ACC11706152,19320.23,8.0,False,completed,2026-07-25T17:50:03.301583,"Delhi, IN",OnePlus 12,Urgent remittance
TXN_20260725_02919_cb38b8,ACC57029336,ACC40593754,30458.4,9.0,False,completed,2026-07-25T17:48:06.949970,"Jaipur, IN",MacBook Pro (Chrome 128),Software subscription
TXN_20260725_03550_fddc01,ACC64246741,ACC70103438,26442.11,23.0,False,completed,2026-07-25T17:38:12.183740,"Pune, IN",OnePlus 12,Consulting fee
TXN_20260725_04495_48d444,ACC92107699,ACC72717142,42813.89,19.0,False,completed,2026-07-25T17:36:45.270251,"Delhi, IN",MacBook Pro (Chrome 128),Vendor payment
TXN_20260725_03481_7c143c,ACC57224534,ACC1004,4360.59,9.0,False,completed,2026-07-25T17:36:21.716301,"Delhi, IN",iPhone 16 Pro Max,Rent transfer
TXN_20260725_01424_76dea7,ACC64246741,ACC82456100,20462.96,28.0,False,completed,2026-07-25T17:11:54.652390,"Mumbai, IN",Windows 11 (Edge 128),Online payment
TXN_20260725_01486_1a4db6,ACC43467724,ACC_RING_A,18013.49,20.0,False,completed,2026-07-25T17:03:42.928484,"Pune, IN",Samsung Galaxy S24 Ultra,Utility bill
TXN_20260725_04565_70160c,ACC_RING_C,ACC64246741,25082.18,12.0,False,completed,2026-07-25T17:01:03.472071,"Pune, IN",Samsung Galaxy S24 Ultra,Urgent remittance
TXN_20260725_04198_7cdcf2,ACC16314613,ACC_RING_A,40811.94,5.0,False,completed,2026-07-25T16:57:31.402235,"Kolkata, IN",Windows 11 (Edge 128),P2P transfer
TXN_20260725_01583_c31050,ACC50081547,ACC1002,30802.59,18.0,False,completed,2026-07-25T16:56:31.096466,"Delhi, IN",MacBook Pro (Chrome 128),Rent transfer
TXN_20260725_01360_a61954,ACC1004,ACC97828025,225887.0,97.0,True,completed,2026-07-25T16:42:07.016554,"Ahmedabad, IN",Pixel 9 Pro,Invoice settlement
TXN_20260725_00800_ee2fea,ACC15373430,ACC39727090,243171.0,80.0,True,completed,2026-07-25T16:24:02.795185,"Pune, IN",Windows 11 (Edge 128),Invoice settlement
TXN_20260725_02683_d13162,ACC36297523,ACC74473089,4568.01,28.0,False,completed,2026-07-25T16:11:35.590036,"Ahmedabad, IN",Windows 11 (Edge 128),Urgent remittance
TXN_20260725_04760_077ebb,ACC11706152,ACC92107699,105999.0,65.0,True,completed,2026-07-25T16:09:02.484712,"Bangalore, IN",MacBook Pro (Chrome 128),Urgent remittance
TXN_20260725_02977_ee2a54,ACC1002,ACC97828025,44823.65,15.0,False,completed,2026-07-25T15:53:50.731065,"Hyderabad, IN",Pixel 9 Pro,Grocery purchase
TXN_20260725_04937_bba316,ACC74473089,ACC70103438,39434.48,17.0,False,completed,2026-07-25T15:50:21.877619,"Hyderabad, IN",iPad Pro (Safari),Grocery purchase
TXN_20260725_01644_1a7157,ACC91181015,ACC97828025,19425.25,28.0,False,completed,2026-07-25T15:46:43.065227,"Mumbai, IN",Windows 11 (Edge 128),P2P transfer
TXN_20260725_04542_7ca91e,ACC20858654,ACC75311120,40366.31,18.0,False,completed,2026-07-25T15:34:02.916210,"Bangalore, IN",iPhone 16 Pro Max,Utility bill
TXN_20260725_01043_1fa74f,ACC91181015,ACC40593754,28108.05,24.0,False,completed,2026-07-25T15:33:59.807968,"Hyderabad, IN",Pixel 9 Pro,Vendor payment
TXN_20260725_02586_ca2d75,ACC15211290,ACC43249524,13889.44,28.0,False,completed,2026-07-25T15:30:30.865052,"Pune, IN",OnePlus 12,Urgent remittance
TXN_20260725_03963_ee6846,ACC65809811,ACC75385116,15546.22,24.0,False,completed,2026-07-25T15:15:32.249724,"Ahmedabad, IN",MacBook Pro (Chrome 128),Consulting fee
TXN_20260725_00395_6b5fb8,ACC64246741,ACC1001,1944.35,11.0,False,completed,2026-07-25T15:08:52.671686,"Bangalore, IN",Windows 11 (Edge 128),Online payment
TXN_20260725_03311_286e79,ACC75385116,ACC1004,36842.5,26.0,False,completed,2026-07-25T14:59:27.448191,"Jaipur, IN",Pixel 9 Pro,Software subscription
TXN_20260725_03239_cc84e2,ACC57029336,ACC82456100,17823.61,8.0,False,completed,2026-07-25T14:49:42.936564,"Delhi, IN",Pixel 9 Pro,Utility bill
TXN_20260725_00222_5dca5c,ACC75385116,ACC86445636,31727.6,18.0,False,completed,2026-07-25T14:40:55.105016,"Delhi, IN",Windows 11 (Edge 128),Utility bill
TXN_20260725_00554_1b8977,ACC97828025,ACC64246741,8560.69,24.0,False,completed,2026-07-25T14:35:31.158870,"Hyderabad, IN",MacBook Pro (Chrome 128),Online payment
TXN_20260725_03684_0615a0,ACC40593754,ACC11706152,41463.73,16.0,False,completed,2026-07-25T14:27:45.397443,"Chennai, IN",iPhone 16 Pro Max,Online payment
TXN_20260725_02734_8e5d1e,ACC39727090,ACC36297523,43404.21,8.0,False,completed,2026-07-25T14:16:04.986753,"Hyderabad, IN",iPhone 16 Pro Max,Vendor payment
TXN_20260725_05155_e75e53,ACC_RING_C,ACC25189145,22686.0,27.0,False,completed,2026-07-25T14:13:28.020118,"Mumbai, IN",MacBook Pro (Chrome 128),Urgent remittance
TXN_20260725_01922_6cc029,ACC86445636,ACC66777666,11558.04,14.0,False,completed,2026-07-25T14:12:39.908526,"Kolkata, IN",MacBook Pro (Chrome 128),Utility bill
TXN_20260725_04786_eb76b2,ACC91181015,ACC59760987,31072.29,18.0,False,completed,2026-07-25T14:10:49.008521,"Mumbai, IN",iPhone 16 Pro Max,Invoice settlement
TXN_20260725_03398_5ed07f,ACC70103438,ACC43907404,10611.9,13.0,False,completed,2026-07-25T14:09:13.237549,"Jaipur, IN",Pixel 9 Pro,Software subscription
TXN_20260725_02859_b26591,ACC70103438,ACC82456100,4994.1,27.0,False,completed,2026-07-25T14:07:26.639855,"Ahmedabad, IN",iPad Pro (Safari),Consulting fee
TXN_20260725_00050_d84b9f,ACC40593754,ACC1004,26922.48,15.0,False,completed,2026-07-25T14:07:16.913321,"Ahmedabad, IN",iPad Pro (Safari),Invoice settlement
TXN_20260725_02033_111e9f,ACC10897161,ACC86445636,34863.94,19.0,False,completed,2026-07-25T14:04:50.316987,"Pune, IN",Pixel 9 Pro,Utility bill
TXN_20260725_03419_e4bae9,ACC1002,ACC16314613,2260.3,13.0,False,completed,2026-07-25T14:03:51.661163,"Pune, IN",Samsung Galaxy S24 Ultra,Software subscription
TXN_20260725_03386_f512f0,ACC40593754,ACC65809811,36692.81,28.0,False,completed,2026-07-25T14:01:39.154131,"Hyderabad, IN",OnePlus 12,Rent transfer
TXN_20260725_04770_c9e81f,ACC39727090,ACC97828025,8157.01,15.0,False,completed,2026-07-25T13:57:53.209650,"Kolkata, IN",OnePlus 12,P2P transfer
TXN_20260725_02986_55721f,ACC70103438,ACC_RING_B,943.07,15.0,False,completed,2026-07-25T13:54:16.795848,"Hyderabad, IN",Samsung Galaxy S24 Ultra,Vendor payment
TXN_20260725_04300_5f74fb,ACC74473089,ACC65809811,24116.24,17.0,False,completed,2026-07-25T13:51:54.118411,"Kolkata, IN",MacBook Pro (Chrome 128),Software subscription
TXN_20260725_04758_04c23a,ACC_RING_A,ACC43249524,35672.96,16.0,False,completed,2026-07-25T13:42:50.294112,"Chennai, IN",Samsung Galaxy S24 Ultra,Online payment
TXN_20260725_01275_f7c24e,ACC86445636,ACC15373430,22505.44,17.0,False,completed,2026-07-25T13:13:31.044985,"Mumbai, IN",Windows 11 (Edge 128),Urgent remittance
TXN_20260725_00929_e32cf2,ACC10897161,ACC36297523,33803.38,19.0,False,completed,2026-07-25T13:11:47.473031,"Pune, IN",Samsung Galaxy S24 Ultra,Invoice settlement
TXN_20260725_00539_a1f485,ACC57224534,ACC16314613,4577.25,5.0,False,completed,2026-07-25T13:09:33.976228,"Chennai, IN",Windows 11 (Edge 128),Online payment
TXN_20260725_02197_e86af0,ACC1004,ACC92107699,42306.04,26.0,False,completed,2026-07-25T12:59:54.100823,"Pune, IN",iPad Pro (Safari),Online payment
TXN_20260725_04055_498990,ACC43249524,ACC39727090,18683.96,27.0,False,completed,2026-07-25T12:37:13.574329,"Hyderabad, IN",Pixel 9 Pro,Urgent remittance
TXN_20260725_00646_41733f,ACC66777666,ACC16314613,29052.3,8.0,False,completed,2026-07-25T12:34:05.763943,"Pune, IN",iPhone 16 Pro Max,Utility bill
TXN_20260725_04027_f84d47,ACC59760987,ACC75385116,40135.16,10.0,False,completed,2026-07-25T12:22:21.126832,"Jaipur, IN",iPhone 16 Pro Max,Consulting fee
TXN_20260725_04127_c0f9b9,ACC1001,ACC86445636,31743.14,15.0,False,completed,2026-07-25T12:01:01.769922,"Kolkata, IN",Samsung Galaxy S24 Ultra,P2P transfer
TXN_20260725_04559_86903b,ACC43907404,ACC40593754,17532.79,15.0,False,completed,2026-07-25T11:56:20.721074,"Jaipur, IN",OnePlus 12,Consulting fee
TXN_20260725_02997_e0e0a4,ACC10897161,ACC15373430,33498.37,27.0,False,completed,2026-07-25T11:55:39.563838,"Pune, IN",MacBook Pro (Chrome 128),Software subscription
TXN_20260725_03751_b18ed8,ACC50081547,ACC15373430,24591.33,10.0,False,completed,2026-07-25T11:15:54.205864,"Bangalore, IN",MacBook Pro (Chrome 128),Invoice settlement
TXN_20260725_04968_5323bb,ACC40593754,ACC97828025,6167.87,12.0,False,completed,2026-07-25T11:07:35.980842,"Mumbai, IN",Samsung Galaxy S24 Ultra,Utility bill
TXN_20260725_00932_325315,ACC40593754,ACC72717142,34599.55,17.0,False,completed,2026-07-25T10:55:55.289154,"Pune, IN",MacBook Pro (Chrome 128),Software subscription
TXN_20260725_02956_427127,ACC86445636,ACC97828025,34363.37,19.0,False,completed,2026-07-25T10:54:48.490382,"Jaipur, IN",MacBook Pro (Chrome 128),Software subscription
TXN_20260725_03986_b19a46,ACC_RING_A,ACC50081547,10331.62,12.0,False,completed,2026-07-25T10:51:49.633394,"Chennai, IN",iPhone 16 Pro Max,Software subscription
TXN_20260725_00092_eabcdb,ACC61076366,ACC25189145,12195.91,19.0,False,completed,2026-07-25T10:50:35.176521,"Pune, IN",OnePlus 12,Consulting fee
TXN_20260725_01562_0c0fe9,ACC66777666,ACC1001,23956.91,13.0,False,completed,2026-07-25T10:47:31.927470,"Chennai, IN",Samsung Galaxy S24 Ultra,Consulting fee
TXN_20260725_00454_3198f0,ACC50081547,ACC1002,24218.31,28.0,False,completed,2026-07-25T10:32:28.185284,"Hyderabad, IN",Samsung Galaxy S24 Ultra,Grocery purchase
TXN_20260725_04357_a9fa8a,ACC65809811,ACC66777666,17281.72,20.0,False,completed,2026-07-25T10:28:32.209312,"Bangalore, IN",Samsung Galaxy S24 Ultra,Rent transfer
TXN_20260725_00761_d14bc6,ACC82456100,ACC1002,31956.56,24.0,False,completed,2026-07-25T10:19:51.347019,"Chennai, IN",iPad Pro (Safari),Consulting fee
TXN_20260725_01683_3d44d4,ACC57224534,ACC43467724,43924.17,10.0,False,completed,2026-07-25T10:14:27.160480,"Jaipur, IN",iPad Pro (Safari),Online payment
TXN_20260725_04666_d4fcb9,ACC72717142,ACC15373430,9544.93,14.0,False,completed,2026-07-25T09:33:42.166719,"Jaipur, IN",MacBook Pro (Chrome 128),Consulting fee
TXN_20260725_02235_18858a,ACC39727090,ACC91181015,17093.37,23.0,False,completed,2026-07-25T09:33:23.056607,"Kolkata, IN",iPhone 16 Pro Max,Rent transfer
TXN_20260725_03317_88dfa1,ACC1004,ACC75311120,22944.13,23.0,False,completed,2026-07-25T09:30:35.159438,"Mumbai, IN",Pixel 9 Pro,Vendor payment
TXN_20260725_01608_fb6d0b,ACC10897161,ACC75385116,13775.16,26.0,False,completed,2026-07-25T09:29:10.563078,"Kolkata, IN",Pixel 9 Pro,P2P transfer
TXN_20260725_00190_7b7b18,ACC64246741,ACC_RING_C,35840.28,6.0,False,completed,2026-07-25T09:28:53.870791,"Pune, IN",iPhone 16 Pro Max,Rent transfer
TXN_20260725_01242_b9d7b1,ACC70103438,ACC1004,27248.91,22.0,False,completed,2026-07-25T09:28:34.913529,"Kolkata, IN",iPad Pro (Safari),Grocery purchase
TXN_20260725_03324_3981fa,ACC1001,ACC1002,2406.06,23.0,False,completed,2026-07-25T09:22:18.117757,"Delhi, IN",Pixel 9 Pro,Grocery purchase
TXN_20260725_01446_9ae159,ACC1001,ACC15211290,11723.11,19.0,False,completed,2026-07-25T09:21:21.180681,"Mumbai, IN",Pixel 9 Pro,Grocery purchase
TXN_20260725_00848_3d6e6c,ACC86445636,ACC57029336,41967.95,24.0,False,completed,2026-07-25T09:19:40.622049,"Delhi, IN",Pixel 9 Pro,Consulting fee
TXN_20260725_04214_fc6684,ACC70103438,ACC64246741,43926.15,11.0,False,completed,2026-07-25T09:08:09.226815,"Mumbai, IN",OnePlus 12,Rent transfer
TXN_20260725_00771_57ae86,ACC97828025,ACC15211290,30037.67,21.0,False,completed,2026-07-25T09:03:04.710788,"Bangalore, IN",OnePlus 12,Vendor payment
TXN_20260725_03456_de2fea,ACC25189145,ACC_RING_B,25251.8,12.0,False,completed,2026-07-25T09:02:22.630239,"Chennai, IN",Pixel 9 Pro,Urgent remittance
TXN_20260725_03888_acb42e,ACC10897161,ACC15373430,18655.58,18.0,False,completed,2026-07-25T09:00:39.254169,"Ahmedabad, IN",Windows 11 (Edge 128),Consulting fee
TXN_20260725_04172_9c8407,ACC1003,ACC75385116,3344.72,14.0,False,completed,2026-07-25T08:45:42.574021,"Jaipur, IN",Samsung Galaxy S24 Ultra,Invoice settlement
TXN_20260725_00785_e31c94,ACC1002,ACC_RING_B,42625.35,9.0,False,completed,2026-07-25T08:44:02.965409,"Delhi, IN",MacBook Pro (Chrome 128),Software subscription
TXN_20260725_05017_55ed76,ACC74473089,ACC82456100,6988.63,20.0,False,completed,2026-07-25T08:33:45.397608,"Mumbai, IN",Samsung Galaxy S24 Ultra,Rent transfer
TXN_20260725_00039_fb14f3,ACC57224534,ACC43249524,100203.0,83.0,True,completed,2026-07-25T08:26:36.181639,"Pune, IN",MacBook Pro (Chrome 128),Utility bill
TXN_20260725_04034_49ef2c,ACC43907404,ACC39727090,20914.75,27.0,False,completed,2026-07-25T08:22:55.094993,"Hyderabad, IN",iPhone 16 Pro Max,Rent transfer
TXN_20260725_03624_937479,ACC36297523,ACC20858654,14845.17,18.0,False,completed,2026-07-25T08:11:15.319171,"Kolkata, IN",MacBook Pro (Chrome 128),Consulting fee
TXN_20260725_00392_937bf0,ACC39727090,ACC43467724,19390.25,14.0,False,completed,2026-07-25T08:06:18.364675,"Bangalore, IN",Windows 11 (Edge 128),Utility bill
TXN_20260725_02688_9d6757,ACC15373430,ACC_RING_B,38696.72,24.0,False,completed,2026-07-25T08:06:03.153555,"Jaipur, IN",Pixel 9 Pro,Rent transfer
TXN_20260725_04749_981f3b,ACC16314613,ACC50081547,2586.15,20.0,False,completed,2026-07-25T07:55:50.298198,"Ahmedabad, IN",MacBook Pro (Chrome 128),Invoice settlement
TXN_20260725_04920_dd18e3,ACC72717142,ACC1001,216117.0,71.0,True,completed,2026-07-25T07:54:14.873042,"Jaipur, IN",OnePlus 12,Software subscription
TXN_20260725_03430_9fa019,ACC97828025,ACC59760987,33500.19,26.0,False,completed,2026-07-25T07:33:34.095965,"Kolkata, IN",iPhone 16 Pro Max,Grocery purchase
TXN_20260725_03374_d3950f,ACC36297523,ACC_RING_A,36924.95,12.0,False,completed,2026-07-25T07:22:05.254310,"Mumbai, IN",iPad Pro (Safari),Invoice settlement
TXN_20260725_04051_ede72c,ACC43907404,ACC_RING_C,18213.79,18.0,False,completed,2026-07-25T07:05:23.528829,"Bangalore, IN",Samsung Galaxy S24 Ultra,Vendor payment
TXN_20260725_04747_378d7f,ACC97828025,ACC75385116,401.53,11.0,False,completed,2026-07-25T07:03:39.591873,"Hyderabad, IN",Samsung Galaxy S24 Ultra,Consulting fee
TXN_20260725_02247_ace340,ACC86445636,ACC91181015,9617.87,25.0,False,completed,2026-07-25T07:01:07.070216,"Hyderabad, IN",iPad Pro (Safari),Grocery purchase
TXN_20260725_00754_81d7b7,ACC59760987,ACC50081547,25340.68,21.0,False,completed,2026-07-25T06:50:46.486614,"Jaipur, IN",iPad Pro (Safari),Urgent remittance
TXN_20260725_03475_34f067,ACC72717142,ACC70103438,2162.71,20.0,False,completed,2026-07-25T06:37:59.483068,"Kolkata, IN",MacBook Pro (Chrome 128),Invoice settlement
TXN_20260725_01493_4b4741,ACC50081547,ACC1003,5016.31,10.0,False,completed,2026-07-25T06:36:57.931283,"Jaipur, IN",MacBook Pro (Chrome 128),Consulting fee
TXN_20260725_00187_62b712,ACC40593754,ACC10897161,42963.41,18.0,False,completed,2026-07-25T06:34:02.429565,"Bangalore, IN",OnePlus 12,Consulting fee
TXN_20260725_00106_f3436c,ACC20858654,ACC74473089,35883.28,22.0,False,completed,2026-07-25T06:27:23.362950,"Ahmedabad, IN",Windows 11 (Edge 128),Consulting fee
TXN_20260725_01866_acb3db,ACC65809811,ACC64246741,27148.28,13.0,False,completed,2026-07-25T06:18:45.466258,"Jaipur, IN",iPhone 16 Pro Max,Urgent remittance
TXN_20260725_05182_dae5a9,ACC64246741,ACC65809811,17616.04,21.0,False,completed,2026-07-25T06:17:46.891032,"Mumbai, IN",iPhone 16 Pro Max,Utility bill
TXN_20260725_03093_6e4d5e,ACC82456100,ACC64246741,15973.48,27.0,False,completed,2026-07-25T06:04:00.733751,"Mumbai, IN",OnePlus 12,Vendor payment
TXN_20260725_02556_78761f,ACC_RING_B,ACC40593754,731.65,18.0,False,completed,2026-07-25T06:00:28.425363,"Bangalore, IN",OnePlus 12,Grocery purchase
TXN_20260725_03843_8cc881,ACC25189145,ACC15211290,27943.06,13.0,False,completed,2026-07-25T05:59:42.083404,"Ahmedabad, IN",Windows 11 (Edge 128),Consulting fee
TXN_20260725_03157_31a710,ACC50081547,ACC_RING_C,44924.31,21.0,False,completed,2026-07-25T05:34:55.039053,"Delhi, IN",Pixel 9 Pro,Vendor payment
TXN_20260725_05106_a39c19,ACC82456100,ACC_RING_C,29140.99,18.0,False,completed,2026-07-25T05:32:05.950094,"Ahmedabad, IN",MacBook Pro (Chrome 128),Grocery purchase
TXN_20260725_04327_3c4556,ACC15373430,ACC43249524,6727.96,12.0,False,completed,2026-07-25T05:21:39.013003,"Ahmedabad, IN",Pixel 9 Pro,Urgent remittance
TXN_20260725_00694_677c3b,ACC61076366,ACC43907404,35727.05,25.0,False,completed,2026-07-25T05:18:36.010521,"Jaipur, IN",OnePlus 12,Consulting fee
TXN_20260725_00002_e0dad2,ACC1001,ACC86445636,63182.0,80.0,True,completed,2026-07-25T05:15:42.724729,"Mumbai, IN",Pixel 9 Pro,Consulting fee
TXN_20260725_02710_8f16f9,ACC36297523,ACC16314613,19832.48,20.0,False,completed,2026-07-25T05:10:38.243793,"Jaipur, IN",Windows 11 (Edge 128),Grocery purchase
TXN_20260725_01177_5e0f2e,ACC86445636,ACC16314613,26035.87,6.0,False,completed,2026-07-25T05:08:28.022060,"Kolkata, IN",Windows 11 (Edge 128),Utility bill
TXN_20260725_01123_0f173d,ACC65809811,ACC75385116,4517.66,16.0,False,completed,2026-07-25T05:06:49.326337,"Delhi, IN",iPad Pro (Safari),Vendor payment
TXN_20260725_05162_2c98a2,ACC65809811,ACC86445636,9749.2,10.0,False,completed,2026-07-25T04:49:41.884991,"Mumbai, IN",OnePlus 12,Software subscription
TXN_20260725_00591_e87b4e,ACC39727090,ACC1002,984.22,10.0,False,completed,2026-07-25T04:34:19.437811,"Ahmedabad, IN",Samsung Galaxy S24 Ultra,Invoice settlement
TXN_20260725_04116_71797d,ACC11706152,ACC1001,42909.27,15.0,False,completed,2026-07-25T04:16:11.569126,"Ahmedabad, IN",iPad Pro (Safari),Rent transfer
TXN_20260725_02937_2ed5c3,ACC1003,ACC74473089,8706.02,14.0,False,completed,2026-07-25T04:12:41.439518,"Delhi, IN",MacBook Pro (Chrome 128),Software subscription
TXN_20260725_01832_3131fb,ACC64246741,ACC43907404,37007.26,15.0,False,completed,2026-07-25T04:05:02.739199,"Pune, IN",Samsung Galaxy S24 Ultra,Online payment
TXN_20260725_02717_9302d2,ACC66777666,ACC65809811,18109.71,5.0,False,completed,2026-07-25T04:02:37.854888,"Kolkata, IN",iPad Pro (Safari),Invoice settlement
TXN_20260725_01379_b4e332,ACC64246741,ACC_RING_C,37074.35,22.0,False,completed,2026-07-25T04:00:13.957958,"Mumbai, IN",iPad Pro (Safari),P2P transfer
TXN_20260725_03563_560f93,ACC43907404,ACC70103438,30146.63,15.0,False,completed,2026-07-25T03:55:07.030189,"Bangalore, IN",Windows 11 (Edge 128),Utility bill
TXN_20260725_01121_b6cb7b,ACC61076366,ACC15211290,22231.22,24.0,False,completed,2026-07-25T03:42:38.675680,"Chennai, IN",OnePlus 12,Utility bill
TXN_20260725_02796_ca9117,ACC1004,ACC39727090,36758.82,10.0,False,completed,2026-07-25T03:38:20.337904,"Ahmedabad, IN",Pixel 9 Pro,Rent transfer
TXN_20260725_01663_fdf682,ACC15211290,ACC75311120,27991.72,15.0,False,completed,2026-07-25T03:28:10.314028,"Bangalore, IN",MacBook Pro (Chrome 128),Online payment
TXN_20260725_01743_3ffbcd,ACC1004,ACC75385116,23353.3,5.0,False,completed,2026-07-25T03:17:12.610003,"Ahmedabad, IN",iPhone 16 Pro Max,Online payment
TXN_20260725_04880_5bc98e,ACC57224534,ACC43907404,144966.0,95.0,True,completed,2026-07-25T02:59:49.307229,"Kolkata, IN",Samsung Galaxy S24 Ultra,Urgent remittance
TXN_20260725_04878_56ea92,ACC72717142,ACC15211290,18419.61,5.0,False,completed,2026-07-25T02:54:25.801919,"Pune, IN",Pixel 9 Pro,Online payment
TXN_20260725_05103_597ceb,ACC82456100,ACC15211290,31324.04,26.0,False,completed,2026-07-25T02:34:18.062779,"Mumbai, IN",Pixel 9 Pro,Grocery purchase
TXN_20260725_00511_306092,ACC43907404,ACC97828025,25114.49,28.0,False,completed,2026-07-25T02:33:58.431788,"Mumbai, IN",Pixel 9 Pro,Utility bill
TXN_20260725_00387_b32d40,ACC16314613,ACC1001,26463.67,21.0,False,completed,2026-07-25T02:32:38.001039,"Hyderabad, IN",Samsung Galaxy S24 Ultra,Online payment
TXN_20260725_01098_b34ccc,ACC_RING_C,ACC75311120,14799.84,23.0,False,completed,2026-07-25T02:13:22.365303,"Pune, IN",Samsung Galaxy S24 Ultra,Urgent remittance
TXN_20260725_03101_d14295,ACC64246741,ACC43467724,9253.92,7.0,False,completed,2026-07-25T01:58:34.480386,"Ahmedabad, IN",MacBook Pro (Chrome 128),Utility bill
TXN_20260725_04689_0c1b9b,ACC59760987,ACC1001,12897.12,12.0,False,completed,2026-07-25T01:51:06.065263,"Bangalore, IN",iPhone 16 Pro Max,Utility bill
TXN_20260725_04222_210078,ACC50081547,ACC10897161,7282.81,11.0,False,completed,2026-07-25T01:31:12.049712,"Jaipur, IN",Pixel 9 Pro,Utility bill
TXN_20260725_00340_7f8bb0,ACC65809811,ACC75385116,30087.62,6.0,False,completed,2026-07-25T01:22:53.278645,"Kolkata, IN",MacBook Pro (Chrome 128),Vendor payment
TXN_20260725_04259_bb469e,ACC10897161,ACC43467724,13056.49,24.0,False,completed,2026-07-25T01:19:01.895531,"Kolkata, IN",Samsung Galaxy S24 Ultra,Consulting fee
TXN_20260725_02417_767a51,ACC1004,ACC91181015,21488.11,12.0,False,completed,2026-07-25T01:00:17.700509,"Jaipur, IN",Windows 11 (Edge 128),Software subscription
TXN_20260725_05135_cdf636,ACC57224534,ACC97828025,31054.33,6.0,False,completed,2026-07-25T00:49:17.636239,"Kolkata, IN",Windows 11 (Edge 128),Online payment
TXN_20260725_04058_39d569,ACC86445636,ACC_RING_B,11794.86,20.0,False,completed,2026-07-25T00:22:56.174203,"Mumbai, IN",iPad Pro (Safari),Grocery purchase
TXN_20260725_00790_35a5ef,ACC92107699,ACC20858654,34751.46,14.0,False,completed,2026-07-25T00:18:58.093681,"Bangalore, IN",MacBook Pro (Chrome 128),Urgent remittance
TXN_20260725_02269_ce3117,ACC10897161,ACC16314613,9231.26,16.0,False,completed,2026-07-25T00:14:27.616400,"Pune, IN",OnePlus 12,P2P transfer
TXN_20260725_03421_daa383,ACC65809811,ACC75311120,30040.08,12.0,False,completed,2026-07-25T00:09:58.921157,"Mumbai, IN",Samsung Galaxy S24 Ultra,Online payment
TXN_20260724_04105_6d14a2,ACC43907404,ACC72717142,38454.17,27.0,False,completed,2026-07-24T23:42:50.257722,"Jaipur, IN",Samsung Galaxy S24 Ultra,Grocery purchase
TXN_20260724_01104_a634b1,ACC20858654,ACC64246741,25052.83,11.0,False,completed,2026-07-24T23:23:27.505667,"Bangalore, IN",Samsung Galaxy S24 Ultra,P2P transfer
TXN_20260724_04245_cb5c28,ACC_RING_B,ACC36297523,42067.61,14.0,False,completed,2026-07-24T23:18:39.510477,"Bangalore, IN",Windows 11 (Edge 128),Grocery purchase
TXN_20260724_01873_60cb5b,ACC1001,ACC1003,14826.38,10.0,False,completed,2026-07-24T23:18:03.792863,"Hyderabad, IN",iPad Pro (Safari),Consulting fee
TXN_20260724_04897_8733b7,ACC20858654,ACC70103438,9737.25,27.0,False,completed,2026-07-24T23:11:11.103222,"Delhi, IN",MacBook Pro (Chrome 128),Vendor payment
TXN_20260724_01498_2b3c9f,ACC43249524,ACC75311120,12480.27,21.0,False,completed,2026-07-24T23:09:17.301201,"Ahmedabad, IN",MacBook Pro (Chrome 128),Urgent remittance
TXN_20260724_04896_e25952,ACC43249524,ACC1002,2143.08,26.0,False,completed,2026-07-24T23:06:38.333909,"Kolkata, IN",iPhone 16 Pro Max,Online payment
TXN_20260724_01809_255822,ACC1002,ACC86445636,34201.47,17.0,False,completed,2026-07-24T22:58:15.924069,"Chennai, IN",Windows 11 (Edge 128),Rent transfer
TXN_20260724_02038_3233fa,ACC43467724,ACC20858654,35894.63,15.0,False,completed,2026-07-24T22:39:02.090106,"Delhi, IN",MacBook Pro (Chrome 128),Consulting fee
TXN_20260724_01172_fb988f,ACC64246741,ACC_RING_B,20437.56,24.0,False,completed,2026-07-24T22:31:07.710182,"Mumbai, IN",iPhone 16 Pro Max,Software subscription
TXN_20260724_01069_a25234,ACC65809811,ACC70103438,19306.71,19.0,False,completed,2026-07-24T22:28:53.132692,"Delhi, IN",Windows 11 (Edge 128),Invoice settlement
TXN_20260724_00346_4b9a6a,ACC57224534,ACC15373430,40658.94,28.0,False,completed,2026-07-24T22:19:33.034137,"Ahmedabad, IN",MacBook Pro (Chrome 128),P2P transfer
TXN_20260724_02551_91604a,ACC1002,ACC11706152,36347.99,5.0,False,completed,2026-07-24T22:15:59.040272,"Jaipur, IN",iPhone 16 Pro Max,Rent transfer
TXN_20260724_01610_5de14c,ACC36297523,ACC57224534,34161.04,12.0,False,completed,2026-07-24T22:15:16.740223,"Pune, IN",iPhone 16 Pro Max,Online payment
TXN_20260724_01270_9637f5,ACC43249524,ACC1002,17184.64,13.0,False,completed,2026-07-24T22:11:55.568321,"Chennai, IN",Samsung Galaxy S24 Ultra,Invoice settlement
TXN_20260724_03798_099475,ACC43249524,ACC97828025,13794.23,26.0,False,completed,2026-07-24T22:05:26.355097,"Pune, IN",OnePlus 12,Invoice settlement
TXN_20260724_01422_8e1430,ACC1002,ACC43907404,12752.95,14.0,False,completed,2026-07-24T22:04:40.819299,"Chennai, IN",Pixel 9 Pro,Invoice settlement
TXN_20260724_04260_3b0bb5,ACC75385116,ACC1004,24435.42,9.0,False,completed,2026-07-24T21:52:07.392487,"Jaipur, IN",MacBook Pro (Chrome 128),Online payment
TXN_20260724_02720_739a45,ACC25189145,ACC50081547,185291.0,83.0,True,completed,2026-07-24T21:47:02.153519,"Bangalore, IN",OnePlus 12,Vendor payment
TXN_20260724_04944_295930,ACC43907404,ACC1002,7627.63,15.0,False,completed,2026-07-24T21:37:42.537196,"Bangalore, IN",iPad Pro (Safari),Grocery purchase
TXN_20260724_01655_373409,ACC50081547,ACC11706152,4673.71,24.0,False,completed,2026-07-24T21:35:13.513936,"Ahmedabad, IN",MacBook Pro (Chrome 128),Invoice settlement
TXN_20260724_02700_285527,ACC92107699,ACC1003,5707.02,8.0,False,completed,2026-07-24T21:18:10.383322,"Chennai, IN",iPad Pro (Safari),Invoice settlement
TXN_20260724_00890_92dffe,ACC97828025,ACC75311120,34282.61,17.0,False,completed,2026-07-24T21:08:29.330925,"Chennai, IN",Samsung Galaxy S24 Ultra,Rent transfer
TXN_20260724_05074_27727a,ACC72717142,ACC_RING_C,25689.49,21.0,False,completed,2026-07-24T20:39:10.103447,"Ahmedabad, IN",iPhone 16 Pro Max,Grocery purchase
TXN_20260724_01041_865bec,ACC43249524,ACC1003,37680.79,17.0,False,completed,2026-07-24T20:31:24.480320,"Delhi, IN",iPad Pro (Safari),P2P transfer
TXN_20260724_01039_a1438c,ACC15211290,ACC86445636,27932.36,15.0,False,completed,2026-07-24T20:27:04.947181,"Kolkata, IN",iPad Pro (Safari),Grocery purchase
TXN_20260724_03705_0e9507,ACC66777666,ACC70103438,8171.72,8.0,False,completed,2026-07-24T20:25:26.844803,"Ahmedabad, IN",OnePlus 12,Rent transfer
TXN_20260724_01779_2aef36,ACC1001,ACC1003,28345.82,17.0,False,completed,2026-07-24T20:18:20.000567,"Ahmedabad, IN",Pixel 9 Pro,Grocery purchase
TXN_20260724_00044_a0f518,ACC_RING_B,ACC91181015,93095.0,91.0,True,completed,2026-07-24T20:02:25.249715,"Mumbai, IN",Windows 11 (Edge 128),Software subscription
TXN_20260724_02908_981463,ACC75385116,ACC10897161,24571.42,19.0,False,completed,2026-07-24T19:56:27.487851,"Pune, IN",Windows 11 (Edge 128),Urgent remittance
TXN_20260724_03860_1eab03,ACC1004,ACC_RING_C,26378.32,6.0,False,completed,2026-07-24T19:50:43.124952,"Jaipur, IN",Windows 11 (Edge 128),Urgent remittance
TXN_20260724_01525_2d33c4,ACC75311120,ACC20858654,38303.33,11.0,False,completed,2026-07-24T19:49:00.535212,"Ahmedabad, IN",OnePlus 12,Consulting fee
TXN_20260724_00516_858e5d,ACC50081547,ACC59760987,41979.61,15.0,False,completed,2026-07-24T19:41:26.986529,"Delhi, IN",Pixel 9 Pro,Grocery purchase
TXN_20260724_04674_36b7cb,ACC10897161,ACC11706152,19484.68,13.0,False,completed,2026-07-24T19:38:06.113318,"Hyderabad, IN",Windows 11 (Edge 128),Urgent remittance
TXN_20260724_02342_fb26c9,ACC64246741,ACC57224534,21142.72,19.0,False,completed,2026-07-24T19:22:08.022868,"Ahmedabad, IN",iPhone 16 Pro Max,Consulting fee
TXN_20260724_01977_34495a,ACC65809811,ACC59760987,4150.4,21.0,False,completed,2026-07-24T19:05:52.706783,"Bangalore, IN",OnePlus 12,Online payment
TXN_20260724_02529_121741,ACC10897161,ACC40593754,11526.66,26.0,False,completed,2026-07-24T18:57:41.992227,"Bangalore, IN",Pixel 9 Pro,Consulting fee
TXN_20260724_04569_76f920,ACC_RING_A,ACC11706152,33805.23,15.0,False,completed,2026-07-24T18:56:33.144861,"Jaipur, IN",Samsung Galaxy S24 Ultra,Urgent remittance
TXN_20260724_05168_b34712,ACC10897161,ACC70103438,14340.51,8.0,False,completed,2026-07-24T18:24:04.944802,"Chennai, IN",Samsung Galaxy S24 Ultra,Software subscription
TXN_20260724_03248_ff1e90,ACC57224534,ACC40593754,34402.63,6.0,False,completed,2026-07-24T18:22:02.178519,"Bangalore, IN",OnePlus 12,Vendor payment
TXN_20260724_00066_db6b42,ACC75385116,ACC1001,34419.19,9.0,False,completed,2026-07-24T17:59:00.090539,"Bangalore, IN",iPad Pro (Safari),Online payment
TXN_20260724_02476_1638a7,ACC75385116,ACC59760987,4533.37,27.0,False,completed,2026-07-24T17:51:45.356799,"Mumbai, IN",iPhone 16 Pro Max,Software subscription
TXN_20260724_04887_8b1736,ACC61076366,ACC40593754,17781.35,12.0,False,completed,2026-07-24T17:36:28.800199,"Ahmedabad, IN",Pixel 9 Pro,Urgent remittance
TXN_20260724_00689_76146e,ACC43249524,ACC50081547,39489.63,27.0,False,completed,2026-07-24T17:33:46.972920,"Ahmedabad, IN",Pixel 9 Pro,Rent transfer
TXN_20260724_03864_b2cf7a,ACC70103438,ACC1001,4309.38,22.0,False,completed,2026-07-24T17:30:45.511317,"Kolkata, IN",Windows 11 (Edge 128),Consulting fee
TXN_20260724_04384_15280d,ACC72717142,ACC66777666,25005.21,10.0,False,completed,2026-07-24T17:20:01.040731,"Mumbai, IN",OnePlus 12,Urgent remittance
TXN_20260724_01523_db8123,ACC75385116,ACC57029336,30458.13,22.0,False,completed,2026-07-24T17:15:15.847113,"Delhi, IN",MacBook Pro (Chrome 128),Online payment
TXN_20260724_02906_275e32,ACC50081547,ACC10897161,37809.72,25.0,False,completed,2026-07-24T17:05:20.799438,"Hyderabad, IN",iPhone 16 Pro Max,Software subscription
TXN_20260724_04074_ec9f5d,ACC39727090,ACC57224534,15183.52,9.0,False,completed,2026-07-24T16:59:28.992519,"Pune, IN",OnePlus 12,Grocery purchase
TXN_20260724_01466_6444aa,ACC1001,ACC43467724,40728.39,12.0,False,completed,2026-07-24T16:54:17.116976,"Bangalore, IN",MacBook Pro (Chrome 128),Rent transfer
TXN_20260724_00328_8cc802,ACC50081547,ACC75385116,12945.37,28.0,False,completed,2026-07-24T16:50:07.273926,"Pune, IN",Windows 11 (Edge 128),Software subscription
TXN_20260724_03278_eb94f1,ACC40593754,ACC1003,24952.99,11.0,False,completed,2026-07-24T16:23:45.518295,"Jaipur, IN",Samsung Galaxy S24 Ultra,Utility bill
TXN_20260724_02187_fff1d8,ACC1004,ACC40593754,40202.78,24.0,False,completed,2026-07-24T15:44:23.374695,"Chennai, IN",iPad Pro (Safari),Invoice settlement
TXN_20260724_03019_dbdb18,ACC36297523,ACC86445636,26663.61,27.0,False,completed,2026-07-24T15:43:58.672931,"Bangalore, IN",Windows 11 (Edge 128),Vendor payment
TXN_20260724_01324_815096,ACC1002,ACC50081547,4438.42,28.0,False,completed,2026-07-24T15:35:44.533572,"Jaipur, IN",MacBook Pro (Chrome 128),Consulting fee
TXN_20260724_03725_b098d9,ACC15211290,ACC43467724,17621.56,21.0,False,completed,2026-07-24T15:31:52.199765,"Ahmedabad, IN",iPad Pro (Safari),Software subscription
TXN_20260724_00148_b94d8a,ACC20858654,ACC61076366,8374.05,21.0,False,completed,2026-07-24T15:30:51.480996,"Hyderabad, IN",Windows 11 (Edge 128),Urgent remittance
TXN_20260724_03320_24e232,ACC25189145,ACC40593754,127604.0,91.0,True,completed,2026-07-24T15:29:28.966336,"Delhi, IN",Windows 11 (Edge 128),Invoice settlement
TXN_20260724_01204_347dbb,ACC65809811,ACC15211290,14325.86,18.0,False,completed,2026-07-24T15:28:29.793075,"Hyderabad, IN",OnePlus 12,Urgent remittance
TXN_20260724_03571_bb8ee8,ACC36297523,ACC25189145,16240.19,18.0,False,completed,2026-07-24T15:22:09.483235,"Chennai, IN",Windows 11 (Edge 128),Software subscription
TXN_20260724_01671_cef7b9,ACC15373430,ACC64246741,36914.05,13.0,False,completed,2026-07-24T14:53:51.908051,"Bangalore, IN",MacBook Pro (Chrome 128),Urgent remittance
TXN_20260724_02182_c090e9,ACC11706152,ACC15211290,26048.49,5.0,False,completed,2026-07-24T14:51:03.810071,"Delhi, IN",iPad Pro (Safari),P2P transfer
TXN_20260724_02687_b654e6,ACC57029336,ACC91181015,1446.18,15.0,False,completed,2026-07-24T14:49:23.202275,"Hyderabad, IN",MacBook Pro (Chrome 128),Grocery purchase
TXN_20260724_01800_4f868f,ACC_RING_B,ACC16314613,92079.0,89.0,True,completed,2026-07-24T14:25:24.519325,"Bangalore, IN",Windows 11 (Edge 128),P2P transfer
TXN_20260724_03303_6d92b5,ACC92107699,ACC57224534,41425.06,16.0,False,completed,2026-07-24T14:08:51.314825,"Hyderabad, IN",Samsung Galaxy S24 Ultra,Rent transfer
TXN_20260724_03694_90d1b6,ACC1001,ACC43467724,24844.68,18.0,False,completed,2026-07-24T14:02:04.923319,"Delhi, IN",Samsung Galaxy S24 Ultra,Grocery purchase
TXN_20260724_03264_3dfcd9,ACC43249524,ACC61076366,34522.47,6.0,False,completed,2026-07-24T14:00:28.001232,"Delhi, IN",OnePlus 12,Utility bill
TXN_20260724_01938_e95f5a,ACC_RING_A,ACC25189145,9340.68,10.0,False,completed,2026-07-24T13:56:43.329523,"Bangalore, IN",iPhone 16 Pro Max,P2P transfer
TXN_20260724_03558_ff5f40,ACC25189145,ACC65809811,18977.78,10.0,False,completed,2026-07-24T13:49:29.586884,"Ahmedabad, IN",Pixel 9 Pro,Invoice settlement
TXN_20260724_04333_6b242e,ACC25189145,ACC15373430,3475.91,26.0,False,completed,2026-07-24T13:40:46.125453,"Ahmedabad, IN",iPhone 16 Pro Max,Consulting fee
TXN_20260724_03292_9d0305,ACC1003,ACC50081547,34019.25,25.0,False,completed,2026-07-24T13:16:06.522149,"Pune, IN",MacBook Pro (Chrome 128),Rent transfer
TXN_20260724_04807_e930bb,ACC1004,ACC75311120,36888.72,21.0,False,completed,2026-07-24T13:14:10.201878,"Jaipur, IN",Pixel 9 Pro,Online payment
TXN_20260724_00102_bae6f0,ACC72717142,ACC25189145,8055.45,12.0,False,completed,2026-07-24T12:49:08.085922,"Ahmedabad, IN",iPhone 16 Pro Max,Urgent remittance
TXN_20260724_04296_c125c8,ACC_RING_C,ACC75311120,5742.22,23.0,False,completed,2026-07-24T12:42:09.852176,"Delhi, IN",MacBook Pro (Chrome 128),Grocery purchase
TXN_20260724_04230_21266c,ACC70103438,ACC92107699,43371.07,15.0,False,completed,2026-07-24T12:18:53.659196,"Delhi, IN",iPhone 16 Pro Max,P2P transfer
TXN_20260724_00784_cb9b9d,ACC10897161,ACC20858654,12571.32,16.0,False,completed,2026-07-24T12:16:56.222060,"Kolkata, IN",Samsung Galaxy S24 Ultra,Urgent remittance
TXN_20260724_03045_74ef08,ACC97828025,ACC75311120,19123.5,23.0,False,completed,2026-07-24T12:12:38.251616,"Mumbai, IN",Pixel 9 Pro,Rent transfer
TXN_20260724_05176_da276b,ACC50081547,ACC10897161,5697.37,18.0,False,completed,2026-07-24T12:12:21.871429,"Chennai, IN",iPhone 16 Pro Max,Rent transfer
TXN_20260724_01072_b37b00,ACC66777666,ACC25189145,25030.92,6.0,False,completed,2026-07-24T12:07:33.623739,"Chennai, IN",Windows 11 (Edge 128),Utility bill
TXN_20260724_04509_306226,ACC1002,ACC72717142,22059.31,22.0,False,completed,2026-07-24T12:03:03.353395,"Bangalore, IN",Windows 11 (Edge 128),Utility bill
TXN_20260724_03815_9b2e97,ACC1001,ACC_RING_A,43151.73,27.0,False,completed,2026-07-24T12:01:39.227326,"Bangalore, IN",iPhone 16 Pro Max,Online payment
TXN_20260724_04930_745e68,ACC11706152,ACC15373430,32084.63,22.0,False,completed,2026-07-24T11:44:25.207351,"Ahmedabad, IN",iPad Pro (Safari),Rent transfer
TXN_20260724_04419_620724,ACC25189145,ACC92107699,33491.94,16.0,False,completed,2026-07-24T11:44:05.685090,"Kolkata, IN",iPhone 16 Pro Max,Urgent remittance
TXN_20260724_00985_1f0924,ACC91181015,ACC20858654,8226.29,11.0,False,completed,2026-07-24T11:43:21.462571,"Kolkata, IN",OnePlus 12,Urgent remittance
TXN_20260724_02647_94efbb,ACC61076366,ACC72717142,29251.74,21.0,False,completed,2026-07-24T11:30:02.822549,"Kolkata, IN",OnePlus 12,Vendor payment
TXN_20260724_04734_03df5b,ACC36297523,ACC_RING_B,41360.14,26.0,False,completed,2026-07-24T11:18:20.036824,"Jaipur, IN",Pixel 9 Pro,P2P transfer
TXN_20260724_00065_4bd791,ACC75385116,ACC65809811,11783.0,20.0,False,completed,2026-07-24T11:09:57.406807,"Kolkata, IN",iPad Pro (Safari),Online payment
TXN_20260724_04646_e79936,ACC1001,ACC1002,34986.52,27.0,False,completed,2026-07-24T11:02:35.005168,"Hyderabad, IN",iPhone 16 Pro Max,Online payment
TXN_20260724_02989_a98698,ACC16314613,ACC15373430,1543.7,22.0,False,completed,2026-07-24T10:51:25.263941,"Pune, IN",Pixel 9 Pro,Invoice settlement
TXN_20260724_00717_c05d7f,ACC_RING_A,ACC1002,7887.02,14.0,False,completed,2026-07-24T10:47:15.785455,"Pune, IN",OnePlus 12,Software subscription
TXN_20260724_01413_8bccf4,ACC_RING_B,ACC92107699,9672.68,14.0,False,completed,2026-07-24T10:36:25.812393,"Pune, IN",iPad Pro (Safari),Urgent remittance
TXN_20260724_02952_e8db8c,ACC36297523,ACC43467724,44248.86,26.0,False,completed,2026-07-24T10:28:19.667746,"Hyderabad, IN",iPhone 16 Pro Max,P2P transfer
TXN_20260724_01557_b5c889,ACC36297523,ACC59760987,21148.52,8.0,False,completed,2026-07-24T10:18:56.912166,"Chennai, IN",Windows 11 (Edge 128),Consulting fee
TXN_20260724_04660_3b9de4,ACC43249524,ACC20858654,27405.48,10.0,False,completed,2026-07-24T09:58:56.690001,"Pune, IN",iPad Pro (Safari),Vendor payment
TXN_20260724_03043_09b890,ACC16314613,ACC86445636,38899.66,8.0,False,completed,2026-07-24T09:54:36.413857,"Hyderabad, IN",MacBook Pro (Chrome 128),P2P transfer
TXN_20260724_03664_a85405,ACC57029336,ACC70103438,38837.8,13.0,False,completed,2026-07-24T09:51:36.426305,"Bangalore, IN",iPhone 16 Pro Max,Utility bill
TXN_20260724_02927_39ae14,ACC74473089,ACC36297523,34584.47,27.0,False,completed,2026-07-24T09:44:18.498553,"Mumbai, IN",MacBook Pro (Chrome 128),Invoice settlement
TXN_20260724_03985_c49c18,ACC11706152,ACC86445636,11725.27,23.0,False,completed,2026-07-24T09:43:52.213278,"Hyderabad, IN",MacBook Pro (Chrome 128),Online payment
TXN_20260724_02744_8f1306,ACC43249524,ACC64246741,6108.46,24.0,False,completed,2026-07-24T09:30:02.707859,"Mumbai, IN",Pixel 9 Pro,P2P transfer
TXN_20260724_00445_3d9715,ACC57029336,ACC72717142,41968.81,28.0,False,completed,2026-07-24T09:29:38.934883,"Ahmedabad, IN",Windows 11 (Edge 128),Invoice settlement
TXN_20260724_01985_1f5dbe,ACC57224534,ACC43249524,26328.08,19.0,False,completed,2026-07-24T09:28:22.731432,"Pune, IN",iPhone 16 Pro Max,Vendor payment
TXN_20260724_05064_5069c8,ACC86445636,ACC_RING_B,23404.06,16.0,False,completed,2026-07-24T09:27:52.615496,"Pune, IN",Samsung Galaxy S24 Ultra,Consulting fee
TXN_20260724_00354_7814d9,ACC59760987,ACC11706152,715.86,16.0,False,completed,2026-07-24T09:20:46.343247,"Hyderabad, IN",Windows 11 (Edge 128),Software subscription
TXN_20260724_02133_9e637f,ACC75311120,ACC15373430,17028.78,6.0,False,completed,2026-07-24T09:20:18.523916,"Bangalore, IN",MacBook Pro (Chrome 128),Rent transfer
TXN_20260724_02466_a516ac,ACC86445636,ACC75385116,15178.05,27.0,False,completed,2026-07-24T08:47:07.777928,"Ahmedabad, IN",iPhone 16 Pro Max,Utility bill
TXN_20260724_03041_60adde,ACC82456100,ACC97828025,6666.55,19.0,False,completed,2026-07-24T08:41:24.214871,"Hyderabad, IN",Windows 11 (Edge 128),Rent transfer
TXN_20260724_03822_e5a55f,ACC40593754,ACC75311120,324.38,16.0,False,completed,2026-07-24T08:40:02.541312,"Ahmedabad, IN",OnePlus 12,P2P transfer
TXN_20260724_04339_da79b8,ACC97828025,ACC40593754,9811.32,19.0,False,completed,2026-07-24T08:39:41.477976,"Kolkata, IN",iPad Pro (Safari),Software subscription
TXN_20260724_05145_c56994,ACC1001,ACC_RING_A,15804.45,27.0,False,completed,2026-07-24T08:38:11.397962,"Chennai, IN",MacBook Pro (Chrome 128),Software subscription
TXN_20260724_03521_1885bd,ACC72717142,ACC_RING_B,43825.86,22.0,False,completed,2026-07-24T08:37:45.182855,"Bangalore, IN",Samsung Galaxy S24 Ultra,Online payment
TXN_20260724_03551_9a1b0b,ACC91181015,ACC36297523,801.87,9.0,False,completed,2026-07-24T08:21:27.384644,"Kolkata, IN",iPhone 16 Pro Max,Vendor payment
TXN_20260724_02246_44688e,ACC1003,ACC59760987,17196.79,27.0,False,completed,2026-07-24T08:10:21.340979,"Pune, IN",iPad Pro (Safari),Utility bill
TXN_20260724_01883_090989,ACC10897161,ACC66777666,38117.63,19.0,False,completed,2026-07-24T08:02:35.771728,"Chennai, IN",Pixel 9 Pro,Grocery purchase
TXN_20260724_04814_fd5112,ACC43467724,ACC1001,15483.08,20.0,False,completed,2026-07-24T07:54:38.499119,"Hyderabad, IN",MacBook Pro (Chrome 128),Online payment
TXN_20260724_01473_8af969,ACC1002,ACC1004,16721.27,7.0,False,completed,2026-07-24T07:52:35.617910,"Jaipur, IN",OnePlus 12,Grocery purchase
TXN_20260724_01042_cf65f7,ACC_RING_B,ACC61076366,42599.54,9.0,False,completed,2026-07-24T07:49:33.925187,"Bangalore, IN",Samsung Galaxy S24 Ultra,Online payment
TXN_20260724_03396_fa388b,ACC25189145,ACC70103438,25491.14,23.0,False,completed,2026-07-24T07:45:42.732800,"Mumbai, IN",Samsung Galaxy S24 Ultra,Rent transfer
TXN_20260724_00378_716d72,ACC1004,ACC64246741,18532.23,21.0,False,completed,2026-07-24T07:34:39.506031,"Mumbai, IN",OnePlus 12,Invoice settlement
TXN_20260724_05098_853a77,ACC70103438,ACC82456100,1371.71,6.0,False,completed,2026-07-24T07:30:18.961228,"Bangalore, IN",iPad Pro (Safari),Urgent remittance
TXN_20260724_00084_f988f0,ACC39727090,ACC82456100,6922.47,25.0,False,completed,2026-07-24T07:21:03.806941,"Pune, IN",OnePlus 12,Utility bill
TXN_20260724_04477_ecec39,ACC64246741,ACC43907404,8606.97,26.0,False,completed,2026-07-24T07:18:55.655367,"Bangalore, IN",iPhone 16 Pro Max,Urgent remittance
TXN_20260724_04004_28d0ec,ACC59760987,ACC15373430,9553.67,6.0,False,completed,2026-07-24T07:17:23.344488,"Ahmedabad, IN",OnePlus 12,P2P transfer
TXN_20260724_01587_3bd48c,ACC15211290,ACC65809811,42456.43,11.0,False,completed,2026-07-24T07:05:45.215204,"Mumbai, IN",OnePlus 12,Utility bill
TXN_20260724_04354_17ea78,ACC91181015,ACC75385116,980.86,24.0,False,completed,2026-07-24T06:35:52.338061,"Chennai, IN",Windows 11 (Edge 128),P2P transfer
TXN_20260724_05031_294409,ACC97828025,ACC43467724,35044.79,24.0,False,completed,2026-07-24T06:22:35.231284,"Ahmedabad, IN",MacBook Pro (Chrome 128),Rent transfer
TXN_20260724_04906_89a4cb,ACC15373430,ACC74473089,5644.97,19.0,False,completed,2026-07-24T06:09:49.226657,"Ahmedabad, IN",Pixel 9 Pro,Invoice settlement
TXN_20260724_00564_9c1b7a,ACC1002,ACC15211290,19392.25,14.0,False,completed,2026-07-24T05:43:31.412670,"Chennai, IN",iPhone 16 Pro Max,Grocery purchase
TXN_20260724_04726_c6d3bf,ACC61076366,ACC72717142,14432.47,23.0,False,completed,2026-07-24T05:39:30.136862,"Ahmedabad, IN",MacBook Pro (Chrome 128),Grocery purchase
TXN_20260724_03788_90136c,ACC65809811,ACC40593754,23149.37,10.0,False,completed,2026-07-24T05:19:32.969675,"Chennai, IN",Samsung Galaxy S24 Ultra,Vendor payment
TXN_20260724_03115_c4d641,ACC15211290,ACC43249524,7857.86,24.0,False,completed,2026-07-24T05:18:13.329728,"Kolkata, IN",Pixel 9 Pro,Rent transfer
TXN_20260724_04313_64b844,ACC86445636,ACC43467724,24097.29,12.0,False,completed,2026-07-24T04:53:41.698013,"Kolkata, IN",Pixel 9 Pro,Invoice settlement
TXN_20260724_02598_f24994,ACC66777666,ACC57224534,40680.91,23.0,False,completed,2026-07-24T04:51:17.032379,"Delhi, IN",OnePlus 12,Software subscription
TXN_20260724_00293_954350,ACC57224534,ACC43907404,12931.91,27.0,False,completed,2026-07-24T04:48:12.289156,"Jaipur, IN",MacBook Pro (Chrome 128),Online payment
TXN_20260724_02095_c4bc07,ACC66777666,ACC50081547,33480.0,10.0,False,completed,2026-07-24T04:35:15.590832,"Chennai, IN",MacBook Pro (Chrome 128),Invoice settlement
TXN_20260724_04207_d99294,ACC72717142,ACC61076366,15087.79,14.0,False,completed,2026-07-24T04:29:06.820429,"Pune, IN",Windows 11 (Edge 128),Online payment
TXN_20260724_01285_cc10f3,ACC70103438,ACC72717142,22371.35,28.0,False,completed,2026-07-24T04:18:57.987670,"Jaipur, IN",iPad Pro (Safari),Consulting fee
TXN_20260724_03712_eab475,ACC43467724,ACC61076366,44960.17,27.0,False,completed,2026-07-24T04:18:57.661668,"Jaipur, IN",Samsung Galaxy S24 Ultra,Software subscription
TXN_20260724_01426_88f843,ACC_RING_A,ACC43907404,6072.76,18.0,False,completed,2026-07-24T04:15:57.699138,"Bangalore, IN",Pixel 9 Pro,P2P transfer
TXN_20260724_03383_9af45a,ACC1001,ACC74473089,8717.15,14.0,False,completed,2026-07-24T04:15:31.904698,"Mumbai, IN",OnePlus 12,Urgent remittance
TXN_20260724_02144_f36945,ACC43249524,ACC_RING_C,6815.63,22.0,False,completed,2026-07-24T04:15:30.010332,"Ahmedabad, IN",Pixel 9 Pro,Utility bill
TXN_20260724_02028_81011d,ACC65809811,ACC92107699,22913.17,25.0,False,completed,2026-07-24T04:10:48.494343,"Bangalore, IN",MacBook Pro (Chrome 128),Urgent remittance
TXN_20260724_00779_df4985,ACC74473089,ACC86445636,27553.06,5.0,False,completed,2026-07-24T03:55:36.492100,"Pune, IN",OnePlus 12,Invoice settlement
TXN_20260724_02899_96d271,ACC57224534,ACC50081547,7754.3,15.0,False,completed,2026-07-24T03:29:57.813485,"Mumbai, IN",Pixel 9 Pro,Vendor payment
TXN_20260724_00674_f6fdcc,ACC20858654,ACC40593754,32671.08,7.0,False,completed,2026-07-24T03:28:18.731075,"Bangalore, IN",Windows 11 (Edge 128),Grocery purchase
TXN_20260724_04107_900f21,ACC50081547,ACC82456100,1574.35,26.0,False,completed,2026-07-24T03:28:04.766507,"Mumbai, IN",iPad Pro (Safari),Urgent remittance
TXN_20260724_01211_0ebcce,ACC66777666,ACC59760987,21061.44,16.0,False,completed,2026-07-24T03:13:38.521960,"Hyderabad, IN",Pixel 9 Pro,Utility bill
TXN_20260724_03326_a76dd3,ACC10897161,ACC64246741,8156.27,11.0,False,completed,2026-07-24T03:12:14.983155,"Bangalore, IN",OnePlus 12,Urgent remittance
TXN_20260724_02721_37837d,ACC82456100,ACC_RING_C,38442.48,22.0,False,completed,2026-07-24T03:10:14.186336,"Pune, IN",Windows 11 (Edge 128),Utility bill
TXN_20260724_00992_27dd09,ACC20858654,ACC11706152,43897.86,12.0,False,completed,2026-07-24T02:54:11.734883,"Hyderabad, IN",iPad Pro (Safari),Urgent remittance
TXN_20260724_04044_48f377,ACC_RING_C,ACC82456100,1845.31,16.0,False,completed,2026-07-24T02:50:44.476881,"Ahmedabad, IN",MacBook Pro (Chrome 128),Vendor payment
TXN_20260724_01311_d88d7e,ACC16314613,ACC43907404,5521.96,24.0,False,completed,2026-07-24T02:45:14.298933,"Mumbai, IN",Windows 11 (Edge 128),Online payment
TXN_20260724_00336_0d0290,ACC64246741,ACC97828025,18896.97,24.0,False,completed,2026-07-24T02:38:33.973466,"Kolkata, IN",iPad Pro (Safari),Grocery purchase
TXN_20260724_01257_64e7e7,ACC92107699,ACC70103438,5118.71,13.0,False,completed,2026-07-24T02:32:21.193509,"Chennai, IN",Samsung Galaxy S24 Ultra,Urgent remittance
TXN_20260724_02762_a5261f,ACC25189145,ACC43907404,23415.74,21.0,False,completed,2026-07-24T02:27:31.428291,"Kolkata, IN",Pixel 9 Pro,P2P transfer
TXN_20260724_01368_19b441,ACC75311120,ACC1003,31918.31,11.0,False,completed,2026-07-24T02:00:52.295644,"Mumbai, IN",Samsung Galaxy S24 Ultra,Consulting fee
TXN_20260724_03142_9718a1,ACC15211290,ACC43467724,11472.1,26.0,False,completed,2026-07-24T02:00:47.946981,"Kolkata, IN",iPad Pro (Safari),Rent transfer
TXN_20260724_04060_741010,ACC15373430,ACC92107699,784.71,28.0,False,completed,2026-07-24T01:46:18.371117,"Mumbai, IN",Samsung Galaxy S24 Ultra,Invoice settlement
TXN_20260724_02392_272e32,ACC11706152,ACC66777666,13844.33,15.0,False,completed,2026-07-24T01:27:36.530702,"Kolkata, IN",Windows 11 (Edge 128),Urgent remittance
TXN_20260724_01120_1bee46,ACC43907404,ACC91181015,58076.0,84.0,True,completed,2026-07-24T01:25:24.619501,"Kolkata, IN",OnePlus 12,Urgent remittance
TXN_20260724_04748_8ec9a8,ACC66777666,ACC75385116,1429.42,10.0,False,completed,2026-07-24T01:06:06.332822,"Pune, IN",Pixel 9 Pro,Rent transfer
TXN_20260724_01995_6e482e,ACC1004,ACC15373430,25227.95,13.0,False,completed,2026-07-24T00:53:48.567855,"Delhi, IN",MacBook Pro (Chrome 128),Online payment
TXN_20260724_04001_ebd22f,ACC40593754,ACC25189145,1624.22,27.0,False,completed,2026-07-24T00:49:59.745978,"Pune, IN",Windows 11 (Edge 128),Online payment
TXN_20260724_01478_dc89fa,ACC_RING_C,ACC15211290,24468.03,9.0,False,completed,2026-07-24T00:47:47.355746,"Ahmedabad, IN",iPhone 16 Pro Max,Software subscription
TXN_20260724_00727_4f6df5,ACC61076366,ACC64246741,23876.01,28.0,False,completed,2026-07-24T00:43:19.245034,"Jaipur, IN",OnePlus 12,Software subscription
TXN_20260724_03352_17c112,ACC64246741,ACC15373430,16714.42,15.0,False,completed,2026-07-24T00:40:03.440666,"Ahmedabad, IN",Pixel 9 Pro,Online payment
TXN_20260724_00133_7775a3,ACC86445636,ACC20858654,42736.56,16.0,False,completed,2026-07-24T00:37:27.646905,"Delhi, IN",MacBook Pro (Chrome 128),Consulting fee
TXN_20260724_03933_4c79f8,ACC1002,ACC70103438,2681.68,12.0,False,completed,2026-07-24T00:21:33.575914,"Pune, IN",iPad Pro (Safari),Software subscription
TXN_20260724_04059_edc4e8,ACC74473089,ACC1004,29632.54,7.0,False,completed,2026-07-24T00:16:32.951334,"Kolkata, IN",Windows 11 (Edge 128),Vendor payment
TXN_20260724_03116_9539d8,ACC57224534,ACC61076366,37881.65,28.0,False,completed,2026-07-24T00:12:53.569506,"Kolkata, IN",OnePlus 12,Invoice settlement
TXN_20260723_02564_8b1765,ACC66777666,ACC_RING_B,9484.96,25.0,False,completed,2026-07-23T23:24:41.626217,"Kolkata, IN",Samsung Galaxy S24 Ultra,Online payment
TXN_20260723_01284_dca5b6,ACC57224534,ACC65809811,27496.6,21.0,False,completed,2026-07-23T23:12:59.203468,"Hyderabad, IN",Windows 11 (Edge 128),Invoice settlement
TXN_20260723_01754_2302a0,ACC16314613,ACC40593754,17327.53,9.0,False,completed,2026-07-23T22:58:38.713955,"Delhi, IN",OnePlus 12,Urgent remittance
TXN_20260723_00712_bad9d4,ACC25189145,ACC_RING_C,21929.7,19.0,False,completed,2026-07-23T22:56:49.915760,"Mumbai, IN",Pixel 9 Pro,Online payment
TXN_20260723_04191_f54601,ACC61076366,ACC91181015,29462.92,26.0,False,completed,2026-07-23T22:56:35.957217,"Pune, IN",Windows 11 (Edge 128),Software subscription
TXN_20260723_02255_79c9e3,ACC_RING_A,ACC66777666,8641.21,26.0,False,completed,2026-07-23T22:55:29.747500,"Chennai, IN",iPhone 16 Pro Max,Invoice settlement
TXN_20260723_00416_5ffc4c,ACC82456100,ACC43467724,20464.31,23.0,False,completed,2026-07-23T22:22:13.858503,"Pune, IN",OnePlus 12,Online payment
TXN_20260723_01083_813723,ACC11706152,ACC_RING_B,12147.89,20.0,False,completed,2026-07-23T22:21:20.481758,"Jaipur, IN",Samsung Galaxy S24 Ultra,Urgent remittance
TXN_20260723_03096_cea60b,ACC1003,ACC75385116,4962.77,21.0,False,completed,2026-07-23T22:19:35.384403,"Bangalore, IN",iPad Pro (Safari),Urgent remittance
TXN_20260723_00250_8eeaa5,ACC50081547,ACC70103438,36597.34,22.0,False,completed,2026-07-23T22:18:40.127626,"Hyderabad, IN",Pixel 9 Pro,Software subscription
TXN_20260723_02315_87e6b9,ACC36297523,ACC91181015,42469.69,14.0,False,completed,2026-07-23T22:10:04.571896,"Hyderabad, IN",Pixel 9 Pro,Utility bill
TXN_20260723_02006_0155b1,ACC1003,ACC39727090,11340.1,26.0,False,completed,2026-07-23T21:55:33.422347,"Kolkata, IN",Samsung Galaxy S24 Ultra,Utility bill
TXN_20260723_03123_7b3da8,ACC15211290,ACC92107699,3225.07,10.0,False,completed,2026-07-23T21:15:55.448071,"Delhi, IN",MacBook Pro (Chrome 128),P2P transfer
TXN_20260723_04500_107ca7,ACC15211290,ACC1001,12344.41,18.0,False,completed,2026-07-23T20:57:57.153547,"Ahmedabad, IN",MacBook Pro (Chrome 128),Software subscription
TXN_20260723_03069_4f6be4,ACC72717142,ACC66777666,37400.88,12.0,False,completed,2026-07-23T20:36:14.354814,"Kolkata, IN",iPad Pro (Safari),Urgent remittance
TXN_20260723_04945_d48f33,ACC86445636,ACC75385116,33125.97,25.0,False,completed,2026-07-23T20:21:37.350186,"Mumbai, IN",Pixel 9 Pro,Vendor payment
TXN_20260723_02673_aa9728,ACC1002,ACC57029336,21784.34,23.0,False,completed,2026-07-23T20:19:48.884542,"Jaipur, IN",iPhone 16 Pro Max,Invoice settlement
TXN_20260723_02697_cf617c,ACC64246741,ACC70103438,607.1,24.0,False,completed,2026-07-23T19:49:25.642870,"Pune, IN",Samsung Galaxy S24 Ultra,Grocery purchase
TXN_20260723_00777_21e9f6,ACC43907404,ACC39727090,37124.02,28.0,False,completed,2026-07-23T19:38:38.952322,"Pune, IN",Samsung Galaxy S24 Ultra,Grocery purchase
TXN_20260723_02568_3a86cb,ACC75385116,ACC61076366,32537.74,13.0,False,completed,2026-07-23T19:30:01.269704,"Jaipur, IN",Pixel 9 Pro,Consulting fee
TXN_20260723_01024_049b99,ACC57029336,ACC40593754,17553.69,26.0,False,completed,2026-07-23T19:23:45.286943,"Delhi, IN",Windows 11 (Edge 128),Urgent remittance
TXN_20260723_00488_3a0850,ACC66777666,ACC43249524,13305.1,14.0,False,completed,2026-07-23T19:18:39.288148,"Kolkata, IN",iPad Pro (Safari),Grocery purchase
TXN_20260723_03602_ddbce7,ACC97828025,ACC10897161,8776.42,11.0,False,completed,2026-07-23T19:18:38.841691,"Ahmedabad, IN",Windows 11 (Edge 128),Urgent remittance
TXN_20260723_04630_11ac80,ACC74473089,ACC39727090,31495.86,15.0,False,completed,2026-07-23T19:14:55.197589,"Kolkata, IN",Windows 11 (Edge 128),Rent transfer
TXN_20260723_00598_51cceb,ACC59760987,ACC1004,23616.83,15.0,False,completed,2026-07-23T18:36:50.624828,"Kolkata, IN",MacBook Pro (Chrome 128),Invoice settlement
TXN_20260723_02826_2d371a,ACC82456100,ACC70103438,44677.43,24.0,False,completed,2026-07-23T18:21:59.832039,"Pune, IN",MacBook Pro (Chrome 128),Grocery purchase
TXN_20260723_01537_6709dd,ACC1002,ACC86445636,4489.1,18.0,False,completed,2026-07-23T18:13:53.011890,"Kolkata, IN",OnePlus 12,P2P transfer
TXN_20260723_03206_00d958,ACC74473089,ACC40593754,27919.61,18.0,False,completed,2026-07-23T18:13:13.952423,"Mumbai, IN",Samsung Galaxy S24 Ultra,Online payment
TXN_20260723_01747_14ed85,ACC15211290,ACC66777666,27606.27,26.0,False,completed,2026-07-23T18:04:05.455063,"Mumbai, IN",OnePlus 12,Invoice settlement
TXN_20260723_04989_589741,ACC_RING_C,ACC82456100,1965.35,27.0,False,completed,2026-07-23T18:03:38.491919,"Pune, IN",Samsung Galaxy S24 Ultra,Rent transfer
TXN_20260723_03144_3c7575,ACC_RING_A,ACC66777666,9794.85,25.0,False,completed,2026-07-23T17:42:17.331692,"Hyderabad, IN",iPad Pro (Safari),Software subscription
TXN_20260723_00819_d731c6,ACC97828025,ACC64246741,24717.04,9.0,False,completed,2026-07-23T17:24:31.763908,"Mumbai, IN",iPhone 16 Pro Max,Rent transfer
TXN_20260723_00756_e618d1,ACC50081547,ACC70103438,42990.77,26.0,False,completed,2026-07-23T17:17:06.468965,"Ahmedabad, IN",Pixel 9 Pro,P2P transfer
TXN_20260723_02821_85869d,ACC10897161,ACC59760987,17758.83,25.0,False,completed,2026-07-23T17:16:13.636449,"Delhi, IN",MacBook Pro (Chrome 128),Consulting fee
TXN_20260723_02661_cb059b,ACC66777666,ACC65809811,13148.14,8.0,False,completed,2026-07-23T17:16:08.548493,"Mumbai, IN",Samsung Galaxy S24 Ultra,Invoice settlement
TXN_20260723_03586_be1013,ACC43907404,ACC39727090,6793.03,17.0,False,completed,2026-07-23T17:13:59.622145,"Chennai, IN",Samsung Galaxy S24 Ultra,Consulting fee
TXN_20260723_03107_9bbc66,ACC11706152,ACC_RING_A,38738.14,14.0,False,completed,2026-07-23T17:12:44.190745,"Delhi, IN",Samsung Galaxy S24 Ultra,Software subscription
TXN_20260723_01808_7487d3,ACC15211290,ACC_RING_C,27413.12,11.0,False,completed,2026-07-23T16:55:57.771301,"Jaipur, IN",Windows 11 (Edge 128),Rent transfer
TXN_20260723_01378_f91798,ACC75311120,ACC91181015,24860.45,5.0,False,completed,2026-07-23T16:49:09.715410,"Kolkata, IN",Windows 11 (Edge 128),Consulting fee
TXN_20260723_02081_08f431,ACC_RING_A,ACC43249524,3999.8,11.0,False,completed,2026-07-23T16:44:53.891149,"Hyderabad, IN",iPad Pro (Safari),Vendor payment
TXN_20260723_00080_90b787,ACC57029336,ACC72717142,225078.0,74.0,True,completed,2026-07-23T16:43:34.962489,"Mumbai, IN",iPad Pro (Safari),Rent transfer
TXN_20260723_03083_9609bf,ACC57224534,ACC_RING_B,9152.67,19.0,False,completed,2026-07-23T16:41:09.331310,"Delhi, IN",iPhone 16 Pro Max,Software subscription
TXN_20260723_02699_7240a6,ACC92107699,ACC72717142,27305.98,28.0,False,completed,2026-07-23T16:34:23.522642,"Ahmedabad, IN",MacBook Pro (Chrome 128),Urgent remittance
TXN_20260723_00551_5f2908,ACC11706152,ACC15211290,26771.47,15.0,False,completed,2026-07-23T16:11:08.634390,"Pune, IN",Samsung Galaxy S24 Ultra,Utility bill
TXN_20260723_04990_7c85a5,ACC1003,ACC11706152,28522.49,23.0,False,completed,2026-07-23T16:03:49.067696,"Bangalore, IN",Windows 11 (Edge 128),P2P transfer
TXN_20260723_04596_1e8efb,ACC70103438,ACC75385116,6813.89,5.0,False,completed,2026-07-23T15:55:21.009478,"Mumbai, IN",MacBook Pro (Chrome 128),Software subscription
TXN_20260723_01467_bcce60,ACC97828025,ACC70103438,29679.98,27.0,False,completed,2026-07-23T15:53:14.977071,"Chennai, IN",iPad Pro (Safari),Urgent remittance
TXN_20260723_04667_fb37de,ACC59760987,ACC1003,13547.6,8.0,False,completed,2026-07-23T15:47:21.837941,"Bangalore, IN",iPhone 16 Pro Max,Consulting fee
TXN_20260723_05166_66b822,ACC11706152,ACC1003,3110.13,11.0,False,completed,2026-07-23T15:29:33.714383,"Chennai, IN",iPad Pro (Safari),Online payment
TXN_20260723_01885_3e6ad4,ACC75385116,ACC43249524,10379.63,20.0,False,completed,2026-07-23T15:28:46.766354,"Mumbai, IN",MacBook Pro (Chrome 128),Consulting fee
TXN_20260723_04650_15f122,ACC66777666,ACC43907404,39964.25,22.0,False,completed,2026-07-23T15:13:25.255076,"Hyderabad, IN",iPad Pro (Safari),Urgent remittance
TXN_20260723_04165_7a532b,ACC1003,ACC15373430,39584.45,10.0,False,completed,2026-07-23T14:49:21.662516,"Kolkata, IN",Pixel 9 Pro,Software subscription
TXN_20260723_02171_2e9cec,ACC16314613,ACC20858654,1476.04,10.0,False,completed,2026-07-23T14:46:16.609692,"Bangalore, IN",MacBook Pro (Chrome 128),Utility bill
TXN_20260723_01708_9a4c6a,ACC10897161,ACC15211290,5439.89,21.0,False,completed,2026-07-23T14:44:31.530442,"Mumbai, IN",iPhone 16 Pro Max,Rent transfer
TXN_20260723_02752_9ddcb1,ACC16314613,ACC43467724,8441.15,18.0,False,completed,2026-07-23T14:41:43.545893,"Ahmedabad, IN",MacBook Pro (Chrome 128),Invoice settlement
TXN_20260723_01059_e77967,ACC10897161,ACC97828025,41064.0,20.0,False,completed,2026-07-23T14:34:58.040855,"Chennai, IN",iPad Pro (Safari),Online payment
TXN_20260723_01821_0161b4,ACC15373430,ACC82456100,43420.97,7.0,False,completed,2026-07-23T14:25:13.689154,"Delhi, IN",Pixel 9 Pro,Urgent remittance
TXN_20260723_00618_944a51,ACC86445636,ACC15373430,5173.36,11.0,False,completed,2026-07-23T14:22:13.584077,"Pune, IN",iPhone 16 Pro Max,Utility bill
TXN_20260723_00710_af5191,ACC74473089,ACC66777666,1490.53,10.0,False,completed,2026-07-23T13:43:48.049247,"Pune, IN",MacBook Pro (Chrome 128),Online payment
TXN_20260723_00870_aa311f,ACC50081547,ACC72717142,16410.17,8.0,False,completed,2026-07-23T13:42:57.781830,"Chennai, IN",OnePlus 12,Online payment
TXN_20260723_03169_2fc6e4,ACC50081547,ACC1004,32332.13,24.0,False,completed,2026-07-23T13:24:15.932297,"Mumbai, IN",iPhone 16 Pro Max,Online payment
TXN_20260723_01772_4d4db6,ACC1002,ACC57029336,22685.86,15.0,False,completed,2026-07-23T13:04:53.146150,"Pune, IN",Windows 11 (Edge 128),Vendor payment
TXN_20260723_04750_0c2a06,ACC65809811,ACC43907404,31273.32,19.0,False,completed,2026-07-23T12:55:39.029538,"Hyderabad, IN",iPhone 16 Pro Max,Consulting fee
TXN_20260723_04620_e0f72e,ACC86445636,ACC43907404,37190.98,19.0,False,completed,2026-07-23T12:41:53.787244,"Jaipur, IN",Samsung Galaxy S24 Ultra,Utility bill
TXN_20260723_01623_c9dc8e,ACC57224534,ACC11706152,3453.79,25.0,False,completed,2026-07-23T12:28:40.766015,"Bangalore, IN",Windows 11 (Edge 128),P2P transfer
TXN_20260723_04647_adb4cb,ACC25189145,ACC72717142,31217.09,19.0,False,completed,2026-07-23T12:13:51.739062,"Pune, IN",iPad Pro (Safari),Urgent remittance
TXN_20260723_01745_04faa5,ACC61076366,ACC97828025,43847.72,18.0,False,completed,2026-07-23T12:13:15.561742,"Mumbai, IN",OnePlus 12,Grocery purchase
TXN_20260723_00575_634bf4,ACC70103438,ACC39727090,9046.23,6.0,False,completed,2026-07-23T12:04:31.312967,"Hyderabad, IN",iPhone 16 Pro Max,Invoice settlement
TXN_20260723_00567_9a59d0,ACC74473089,ACC50081547,6102.39,26.0,False,completed,2026-07-23T12:01:38.307385,"Ahmedabad, IN",iPhone 16 Pro Max,Utility bill
TXN_20260723_03765_152cc7,ACC57029336,ACC70103438,4141.42,12.0,False,completed,2026-07-23T11:45:14.676120,"Chennai, IN",Windows 11 (Edge 128),Online payment
TXN_20260723_01677_bf8f21,ACC57029336,ACC10897161,21315.25,17.0,False,completed,2026-07-23T11:32:15.287577,"Delhi, IN",MacBook Pro (Chrome 128),Urgent remittance
TXN_20260723_02832_beb730,ACC57224534,ACC64246741,4590.25,20.0,False,completed,2026-07-23T11:13:28.513302,"Pune, IN",Samsung Galaxy S24 Ultra,Invoice settlement
TXN_20260723_01468_ba4030,ACC10897161,ACC70103438,20674.18,27.0,False,completed,2026-07-23T11:05:51.966608,"Delhi, IN",MacBook Pro (Chrome 128),P2P transfer
TXN_20260723_02165_3f3a6e,ACC91181015,ACC_RING_A,34479.78,7.0,False,completed,2026-07-23T11:03:56.634134,"Kolkata, IN",iPad Pro (Safari),P2P transfer
TXN_20260723_03744_1e3f82,ACC91181015,ACC82456100,13634.28,17.0,False,completed,2026-07-23T10:13:05.227223,"Hyderabad, IN",Windows 11 (Edge 128),Software subscription
TXN_20260723_02004_0970ec,ACC43467724,ACC1004,13851.88,25.0,False,completed,2026-07-23T10:12:05.302863,"Jaipur, IN",Windows 11 (Edge 128),Rent transfer
TXN_20260723_00724_1602c5,ACC75311120,ACC61076366,27771.42,21.0,False,completed,2026-07-23T09:58:50.265849,"Pune, IN",iPhone 16 Pro Max,Rent transfer
TXN_20260723_00363_a6875d,ACC_RING_B,ACC1002,37965.72,18.0,False,completed,2026-07-23T09:48:00.451620,"Jaipur, IN",iPad Pro (Safari),Online payment
TXN_20260723_02147_9b4407,ACC40593754,ACC64246741,2726.59,18.0,False,completed,2026-07-23T09:44:43.959165,"Hyderabad, IN",OnePlus 12,Invoice settlement
TXN_20260723_01876_744f95,ACC74473089,ACC_RING_C,35854.41,20.0,False,completed,2026-07-23T09:27:38.288095,"Jaipur, IN",Pixel 9 Pro,Rent transfer
TXN_20260723_01778_95647d,ACC_RING_C,ACC20858654,43031.44,12.0,False,completed,2026-07-23T09:14:24.754726,"Pune, IN",Pixel 9 Pro,Invoice settlement
TXN_20260723_01863_1ce03c,ACC64246741,ACC70103438,31729.21,9.0,False,completed,2026-07-23T09:11:54.633502,"Mumbai, IN",Samsung Galaxy S24 Ultra,Software subscription
TXN_20260723_02723_e281ce,ACC43907404,ACC_RING_A,35116.77,13.0,False,completed,2026-07-23T09:01:16.285872,"Jaipur, IN",iPad Pro (Safari),Rent transfer
TXN_20260723_00941_718ee1,ACC43249524,ACC82456100,37863.54,16.0,False,completed,2026-07-23T08:59:02.977965,"Ahmedabad, IN",Windows 11 (Edge 128),Utility bill
TXN_20260723_04514_185ae6,ACC10897161,ACC39727090,36689.22,11.0,False,completed,2026-07-23T08:35:09.638721,"Chennai, IN",Pixel 9 Pro,Rent transfer
TXN_20260723_03728_0162ee,ACC15211290,ACC_RING_B,16378.45,7.0,False,completed,2026-07-23T08:32:39.161063,"Mumbai, IN",Pixel 9 Pro,Grocery purchase
TXN_20260723_00226_ddbea7,ACC_RING_B,ACC43907404,35798.7,10.0,False,completed,2026-07-23T08:31:38.702793,"Delhi, IN",Pixel 9 Pro,Software subscription
TXN_20260723_04657_14316d,ACC1002,ACC57029336,43838.18,17.0,False,completed,2026-07-23T08:29:48.162360,"Pune, IN",MacBook Pro (Chrome 128),Urgent remittance
TXN_20260723_05010_e4e273,ACC40593754,ACC91181015,11612.09,17.0,False,completed,2026-07-23T08:22:00.067419,"Kolkata, IN",iPad Pro (Safari),Consulting fee
TXN_20260723_01396_5557e4,ACC59760987,ACC43907404,18423.06,25.0,False,completed,2026-07-23T08:17:10.835852,"Chennai, IN",iPad Pro (Safari),Urgent remittance
TXN_20260723_03872_7b7de8,ACC20858654,ACC43467724,39923.8,15.0,False,completed,2026-07-23T07:55:21.261248,"Pune, IN",iPad Pro (Safari),Grocery purchase
TXN_20260723_00559_48924e,ACC1002,ACC39727090,37629.08,28.0,False,completed,2026-07-23T07:54:08.393855,"Chennai, IN",Samsung Galaxy S24 Ultra,P2P transfer
TXN_20260723_04233_dcfa01,ACC_RING_B,ACC86445636,5486.1,12.0,False,completed,2026-07-23T07:51:43.634533,"Bangalore, IN",iPhone 16 Pro Max,Vendor payment
TXN_20260723_00806_65716a,ACC11706152,ACC64246741,36636.52,8.0,False,completed,2026-07-23T07:09:11.727763,"Pune, IN",Windows 11 (Edge 128),Utility bill
TXN_20260723_03454_51e153,ACC_RING_C,ACC59760987,39293.95,22.0,False,completed,2026-07-23T06:58:40.174645,"Hyderabad, IN",Pixel 9 Pro,Grocery purchase
TXN_20260723_05090_4f546e,ACC36297523,ACC43249524,5409.66,12.0,False,completed,2026-07-23T06:51:32.361071,"Pune, IN",iPad Pro (Safari),Rent transfer
TXN_20260723_00149_510922,ACC1003,ACC74473089,32436.14,17.0,False,completed,2026-07-23T06:46:51.195531,"Ahmedabad, IN",iPad Pro (Safari),Rent transfer
TXN_20260723_00215_be33b7,ACC43467724,ACC39727090,8420.48,16.0,False,completed,2026-07-23T06:46:01.582769,"Jaipur, IN",iPhone 16 Pro Max,Vendor payment
TXN_20260723_01781_9d0571,ACC25189145,ACC50081547,25675.74,17.0,False,completed,2026-07-23T06:45:07.771405,"Bangalore, IN",MacBook Pro (Chrome 128),Online payment
TXN_20260723_03410_6497a7,ACC82456100,ACC97828025,15470.75,14.0,False,completed,2026-07-23T06:22:38.294005,"Chennai, IN",Windows 11 (Edge 128),Consulting fee
TXN_20260723_01310_b6d1df,ACC43249524,ACC1001,34269.4,10.0,False,completed,2026-07-23T06:20:49.545267,"Hyderabad, IN",iPhone 16 Pro Max,P2P transfer
TXN_20260723_02536_ee5399,ACC61076366,ACC65809811,10281.85,27.0,False,completed,2026-07-23T06:10:52.804643,"Delhi, IN",MacBook Pro (Chrome 128),Online payment
TXN_20260723_03308_5700bf,ACC43907404,ACC1004,14466.29,8.0,False,completed,2026-07-23T06:07:49.875654,"Bangalore, IN",iPad Pro (Safari),Grocery purchase
TXN_20260723_01455_1b1b4c,ACC39727090,ACC43467724,36640.96,23.0,False,completed,2026-07-23T06:06:39.833727,"Ahmedabad, IN",iPhone 16 Pro Max,Urgent remittance
TXN_20260723_01768_597284,ACC15373430,ACC66777666,19342.27,17.0,False,completed,2026-07-23T06:00:40.015364,"Kolkata, IN",iPhone 16 Pro Max,Urgent remittance
TXN_20260723_04755_74504b,ACC_RING_A,ACC66777666,2883.82,11.0,False,completed,2026-07-23T05:47:12.998196,"Mumbai, IN",OnePlus 12,Software subscription
TXN_20260723_04007_61a381,ACC61076366,ACC82456100,6877.83,20.0,False,completed,2026-07-23T05:43:02.653526,"Hyderabad, IN",Windows 11 (Edge 128),Software subscription
TXN_20260723_00135_0e3648,ACC16314613,ACC86445636,36589.25,15.0,False,completed,2026-07-23T05:36:24.222148,"Jaipur, IN",iPhone 16 Pro Max,Software subscription
TXN_20260723_03581_daedc7,ACC75311120,ACC97828025,1158.18,28.0,False,completed,2026-07-23T05:32:57.938136,"Bangalore, IN",Pixel 9 Pro,Consulting fee
TXN_20260723_05136_354ca1,ACC15373430,ACC92107699,431.98,22.0,False,completed,2026-07-23T05:20:21.779657,"Delhi, IN",Samsung Galaxy S24 Ultra,P2P transfer
TXN_20260723_04428_6b655c,ACC61076366,ACC50081547,2829.56,13.0,False,completed,2026-07-23T05:09:56.191876,"Kolkata, IN",Pixel 9 Pro,Rent transfer
TXN_20260723_02694_8975be,ACC_RING_A,ACC66777666,43339.8,11.0,False,completed,2026-07-23T05:05:46.376952,"Pune, IN",Windows 11 (Edge 128),Online payment
TXN_20260723_04045_6bcf95,ACC43249524,ACC15211290,9687.86,6.0,False,completed,2026-07-23T04:39:01.379812,"Kolkata, IN",OnePlus 12,Utility bill
TXN_20260723_04179_f5c2a9,ACC50081547,ACC25189145,9789.21,14.0,False,completed,2026-07-23T04:16:15.876337,"Chennai, IN",OnePlus 12,Rent transfer
TXN_20260723_04929_326655,ACC11706152,ACC40593754,27490.16,10.0,False,completed,2026-07-23T04:07:15.782319,"Ahmedabad, IN",Windows 11 (Edge 128),Online payment
TXN_20260723_02100_08896b,ACC57224534,ACC15373430,35510.2,19.0,False,completed,2026-07-23T03:53:52.856049,"Bangalore, IN",Pixel 9 Pro,Vendor payment
TXN_20260723_04318_bc694d,ACC65809811,ACC57224534,6784.03,12.0,False,completed,2026-07-23T03:49:50.909171,"Pune, IN",OnePlus 12,Online payment
TXN_20260723_00026_16effe,ACC91181015,ACC_RING_C,102517.0,92.0,True,completed,2026-07-23T03:48:54.188361,"Delhi, IN",OnePlus 12,Urgent remittance
TXN_20260723_00271_6f8535,ACC43907404,ACC_RING_A,21558.45,16.0,False,completed,2026-07-23T03:21:53.314990,"Jaipur, IN",Samsung Galaxy S24 Ultra,Vendor payment
TXN_20260723_02788_0b6efb,ACC91181015,ACC57224534,5978.35,28.0,False,completed,2026-07-23T03:10:07.112930,"Mumbai, IN",MacBook Pro (Chrome 128),Invoice settlement
TXN_20260723_01829_1ebedf,ACC86445636,ACC20858654,33579.88,26.0,False,completed,2026-07-23T03:04:37.677678,"Kolkata, IN",iPhone 16 Pro Max,Urgent remittance
TXN_20260723_01027_50babf,ACC66777666,ACC40593754,562.89,28.0,False,completed,2026-07-23T02:57:19.446504,"Bangalore, IN",Samsung Galaxy S24 Ultra,Grocery purchase
TXN_20260723_00061_804be5,ACC70103438,ACC75311120,30163.38,15.0,False,completed,2026-07-23T02:52:45.472397,"Delhi, IN",MacBook Pro (Chrome 128),Online payment
TXN_20260723_04741_eab063,ACC97828025,ACC75311120,44385.96,24.0,False,completed,2026-07-23T02:40:11.325673,"Chennai, IN",iPhone 16 Pro Max,Utility bill
TXN_20260723_04687_6ad063,ACC86445636,ACC43249524,15487.46,14.0,False,completed,2026-07-23T02:23:13.591004,"Mumbai, IN",OnePlus 12,Urgent remittance
TXN_20260723_02643_8be5b8,ACC59760987,ACC1004,6334.04,23.0,False,completed,2026-07-23T02:16:12.766288,"Mumbai, IN",MacBook Pro (Chrome 128),Urgent remittance
TXN_20260723_02241_dba370,ACC1004,ACC66777666,22485.22,12.0,False,completed,2026-07-23T02:09:41.234440,"Pune, IN",iPhone 16 Pro Max,Urgent remittance
TXN_20260723_00434_64f363,ACC15211290,ACC1001,38555.67,20.0,False,completed,2026-07-23T02:09:24.148377,"Bangalore, IN",MacBook Pro (Chrome 128),Consulting fee
TXN_20260723_03113_5e98bc,ACC64246741,ACC92107699,42350.07,28.0,False,completed,2026-07-23T01:50:04.422183,"Hyderabad, IN",Windows 11 (Edge 128),Rent transfer
TXN_20260723_04556_87fa68,ACC_RING_C,ACC39727090,42869.83,18.0,False,completed,2026-07-23T01:38:53.418630,"Mumbai, IN",Windows 11 (Edge 128),Utility bill
TXN_20260723_00914_d92de6,ACC43467724,ACC15211290,43268.21,18.0,False,completed,2026-07-23T01:30:41.853860,"Pune, IN",Windows 11 (Edge 128),Software subscription
TXN_20260723_04507_641c3b,ACC15373430,ACC64246741,20523.31,26.0,False,completed,2026-07-23T01:26:34.038336,"Jaipur, IN",iPhone 16 Pro Max,Urgent remittance
TXN_20260723_04908_16659d,ACC75311120,ACC59760987,3539.23,18.0,False,completed,2026-07-23T01:19:19.964132,"Mumbai, IN",OnePlus 12,Rent transfer
TXN_20260723_00593_b9fc94,ACC92107699,ACC59760987,13535.76,7.0,False,completed,2026-07-23T01:18:35.410392,"Bangalore, IN",Windows 11 (Edge 128),Urgent remittance
TXN_20260723_04236_e7779b,ACC_RING_A,ACC25189145,1517.76,25.0,False,completed,2026-07-23T01:12:49.840211,"Pune, IN",Pixel 9 Pro,Consulting fee
TXN_20260723_04303_e36a37,ACC1001,ACC50081547,16566.86,16.0,False,completed,2026-07-23T00:59:11.285194,"Jaipur, IN",MacBook Pro (Chrome 128),Online payment
TXN_20260723_00857_360065,ACC92107699,ACC65809811,44385.28,7.0,False,completed,2026-07-23T00:40:51.490093,"Mumbai, IN",Windows 11 (Edge 128),Vendor payment
TXN_20260723_04204_111d18,ACC91181015,ACC39727090,2706.18,8.0,False,completed,2026-07-23T00:36:43.737909,"Delhi, IN",Pixel 9 Pro,Utility bill
TXN_20260723_00079_05a6fa,ACC66777666,ACC97828025,10998.78,10.0,False,completed,2026-07-23T00:08:24.974637,"Kolkata, IN",Samsung Galaxy S24 Ultra,P2P transfer
TXN_20260722_01935_0312aa,ACC65809811,ACC1003,248.61,14.0,False,completed,2026-07-22T23:59:31.779770,"Hyderabad, IN",Windows 11 (Edge 128),Utility bill
TXN_20260722_04892_185a4e,ACC40593754,ACC25189145,28456.62,19.0,False,completed,2026-07-22T23:53:40.758872,"Pune, IN",Samsung Galaxy S24 Ultra,P2P transfer
TXN_20260722_03981_fadd89,ACC1003,ACC1001,3224.19,16.0,False,completed,2026-07-22T23:47:22.470984,"Delhi, IN",iPhone 16 Pro Max,Vendor payment
TXN_20260722_02880_0702c5,ACC1001,ACC75311120,61298.0,76.0,True,completed,2026-07-22T23:36:19.622321,"Kolkata, IN",Samsung Galaxy S24 Ultra,Software subscription
TXN_20260722_03786_128fee,ACC50081547,ACC91181015,8055.75,5.0,False,completed,2026-07-22T23:30:55.861759,"Chennai, IN",iPhone 16 Pro Max,Online payment
TXN_20260722_01402_9c7ea5,ACC64246741,ACC20858654,8058.59,12.0,False,completed,2026-07-22T23:11:59.510189,"Kolkata, IN",OnePlus 12,Software subscription
TXN_20260722_03918_6f1757,ACC61076366,ACC75311120,9137.99,19.0,False,completed,2026-07-22T23:05:47.580093,"Kolkata, IN",Pixel 9 Pro,Rent transfer
TXN_20260722_00635_b14c26,ACC16314613,ACC_RING_A,4247.03,22.0,False,completed,2026-07-22T22:54:47.735954,"Bangalore, IN",iPhone 16 Pro Max,Online payment
TXN_20260722_03594_b69c41,ACC36297523,ACC15373430,15128.17,23.0,False,completed,2026-07-22T22:45:27.050372,"Chennai, IN",MacBook Pro (Chrome 128),Online payment
TXN_20260722_02866_a1c7f9,ACC75311120,ACC25189145,33927.88,15.0,False,completed,2026-07-22T22:36:47.744387,"Mumbai, IN",iPhone 16 Pro Max,Grocery purchase
TXN_20260722_04917_b1e9f7,ACC20858654,ACC74473089,8692.03,26.0,False,completed,2026-07-22T22:31:28.215196,"Pune, IN",iPad Pro (Safari),Utility bill
TXN_20260722_04524_1dc8d4,ACC_RING_B,ACC74473089,2284.6,17.0,False,completed,2026-07-22T22:17:37.436150,"Mumbai, IN",Windows 11 (Edge 128),Utility bill
TXN_20260722_02996_85e8d3,ACC16314613,ACC_RING_C,24737.17,14.0,False,completed,2026-07-22T21:59:06.968496,"Kolkata, IN",OnePlus 12,Utility bill
TXN_20260722_02140_4fcff6,ACC39727090,ACC74473089,9508.21,16.0,False,completed,2026-07-22T21:58:34.282553,"Chennai, IN",iPad Pro (Safari),Online payment
TXN_20260722_01756_785dd6,ACC15373430,ACC20858654,43097.72,13.0,False,completed,2026-07-22T21:57:27.987045,"Ahmedabad, IN",Pixel 9 Pro,Urgent remittance
TXN_20260722_02852_71c73c,ACC57224534,ACC25189145,24915.09,16.0,False,completed,2026-07-22T21:46:29.046503,"Delhi, IN",iPhone 16 Pro Max,P2P transfer
TXN_20260722_03577_72de4d,ACC43249524,ACC91181015,3042.75,27.0,False,completed,2026-07-22T21:25:26.072649,"Kolkata, IN",OnePlus 12,Grocery purchase
TXN_20260722_03646_dce239,ACC1002,ACC1001,16009.62,25.0,False,completed,2026-07-22T20:57:47.229922,"Chennai, IN",Samsung Galaxy S24 Ultra,Vendor payment
TXN_20260722_04840_19e5cc,ACC86445636,ACC43249524,225963.0,89.0,True,completed,2026-07-22T20:56:13.821043,"Chennai, IN",iPhone 16 Pro Max,Urgent remittance
TXN_20260722_02600_af1c89,ACC72717142,ACC_RING_C,67222.0,95.0,True,completed,2026-07-22T20:44:00.406317,"Hyderabad, IN",Samsung Galaxy S24 Ultra,Consulting fee
TXN_20260722_02595_cbb66a,ACC50081547,ACC75311120,12450.48,28.0,False,completed,2026-07-22T20:43:06.326080,"Chennai, IN",MacBook Pro (Chrome 128),Invoice settlement
TXN_20260722_00843_7fee8c,ACC_RING_B,ACC43907404,10088.12,17.0,False,completed,2026-07-22T20:37:57.169922,"Ahmedabad, IN",Windows 11 (Edge 128),Grocery purchase
TXN_20260722_00492_194e5d,ACC1004,ACC74473089,29617.4,18.0,False,completed,2026-07-22T20:30:13.118429,"Chennai, IN",iPhone 16 Pro Max,Software subscription
TXN_20260722_01167_e7635d,ACC36297523,ACC75385116,13176.23,21.0,False,completed,2026-07-22T20:27:19.225031,"Ahmedabad, IN",Pixel 9 Pro,Urgent remittance
TXN_20260722_00509_693b06,ACC61076366,ACC1001,10387.26,27.0,False,completed,2026-07-22T20:26:52.031189,"Bangalore, IN",Samsung Galaxy S24 Ultra,P2P transfer
TXN_20260722_03807_213c43,ACC50081547,ACC97828025,28765.97,8.0,False,completed,2026-07-22T20:03:46.434951,"Ahmedabad, IN",MacBook Pro (Chrome 128),Consulting fee
TXN_20260722_01358_e8f292,ACC43249524,ACC_RING_B,412.38,28.0,False,completed,2026-07-22T19:55:17.636603,"Mumbai, IN",MacBook Pro (Chrome 128),Software subscription
TXN_20260722_02164_c9a85a,ACC86445636,ACC1004,30975.62,8.0,False,completed,2026-07-22T19:49:37.108606,"Ahmedabad, IN",Samsung Galaxy S24 Ultra,Invoice settlement
TXN_20260722_02693_e2d2e6,ACC59760987,ACC11706152,15349.17,15.0,False,completed,2026-07-22T19:33:08.333212,"Jaipur, IN",iPad Pro (Safari),Urgent remittance
TXN_20260722_02978_87af53,ACC92107699,ACC36297523,35000.02,16.0,False,completed,2026-07-22T19:22:34.353214,"Chennai, IN",iPad Pro (Safari),Grocery purchase
TXN_20260722_02684_22687f,ACC10897161,ACC43907404,44393.8,16.0,False,completed,2026-07-22T19:20:23.956733,"Chennai, IN",iPhone 16 Pro Max,Software subscription
TXN_20260722_02652_337fe3,ACC64246741,ACC40593754,7268.5,18.0,False,completed,2026-07-22T19:03:04.828161,"Ahmedabad, IN",Windows 11 (Edge 128),Software subscription
TXN_20260722_00916_45569e,ACC16314613,ACC59760987,29398.79,5.0,False,completed,2026-07-22T19:02:20.443942,"Mumbai, IN",Samsung Galaxy S24 Ultra,Utility bill
TXN_20260722_01411_a73f8c,ACC15211290,ACC36297523,5619.68,13.0,False,completed,2026-07-22T19:00:26.331145,"Mumbai, IN",Pixel 9 Pro,Rent transfer
TXN_20260722_04663_05e55a,ACC25189145,ACC66777666,9811.05,17.0,False,completed,2026-07-22T18:28:57.260735,"Mumbai, IN",Samsung Galaxy S24 Ultra,Vendor payment
TXN_20260722_05022_74c6ad,ACC10897161,ACC57224534,42589.02,9.0,False,completed,2026-07-22T18:20:56.637978,"Ahmedabad, IN",OnePlus 12,Consulting fee
TXN_20260722_00302_32678a,ACC86445636,ACC40593754,38375.61,26.0,False,completed,2026-07-22T18:13:17.101701,"Pune, IN",MacBook Pro (Chrome 128),Urgent remittance
TXN_20260722_00764_dff01f,ACC43467724,ACC64246741,27018.27,23.0,False,completed,2026-07-22T18:01:43.767253,"Hyderabad, IN",Samsung Galaxy S24 Ultra,Grocery purchase
TXN_20260722_03610_9550ac,ACC59760987,ACC65809811,33388.41,8.0,False,completed,2026-07-22T17:58:40.855991,"Kolkata, IN",iPad Pro (Safari),Utility bill
TXN_20260722_03282_56dc29,ACC10897161,ACC1001,3121.0,23.0,False,completed,2026-07-22T17:37:51.065234,"Chennai, IN",Samsung Galaxy S24 Ultra,Urgent remittance
TXN_20260722_02107_e0b015,ACC16314613,ACC43907404,32941.11,27.0,False,completed,2026-07-22T16:39:29.009828,"Pune, IN",Windows 11 (Edge 128),P2P transfer
TXN_20260722_05070_59252d,ACC97828025,ACC1004,29800.94,12.0,False,completed,2026-07-22T16:10:54.241466,"Hyderabad, IN",MacBook Pro (Chrome 128),Rent transfer
TXN_20260722_00943_1585d8,ACC25189145,ACC57029336,13859.11,20.0,False,completed,2026-07-22T16:06:38.575404,"Mumbai, IN",Pixel 9 Pro,Grocery purchase
TXN_20260722_00236_a73359,ACC64246741,ACC11706152,22767.52,7.0,False,completed,2026-07-22T16:05:20.290866,"Mumbai, IN",OnePlus 12,Consulting fee
TXN_20260722_03657_45f7ff,ACC43907404,ACC66777666,41197.36,9.0,False,completed,2026-07-22T15:49:02.191490,"Bangalore, IN",Windows 11 (Edge 128),Software subscription
TXN_20260722_02691_676bfd,ACC16314613,ACC75385116,17715.19,5.0,False,completed,2026-07-22T15:39:40.700705,"Ahmedabad, IN",Samsung Galaxy S24 Ultra,Grocery purchase
TXN_20260722_01093_479600,ACC1001,ACC_RING_C,32687.21,15.0,False,completed,2026-07-22T15:20:33.739078,"Pune, IN",Pixel 9 Pro,Online payment
TXN_20260722_00888_ca012c,ACC70103438,ACC_RING_B,42251.54,17.0,False,completed,2026-07-22T15:20:17.451321,"Delhi, IN",Windows 11 (Edge 128),P2P transfer
TXN_20260722_02123_8d1f50,ACC91181015,ACC_RING_B,39574.31,22.0,False,completed,2026-07-22T15:11:41.778879,"Mumbai, IN",iPad Pro (Safari),Invoice settlement
TXN_20260722_02627_92215c,ACC66777666,ACC1004,41595.23,5.0,False,completed,2026-07-22T15:03:30.112167,"Kolkata, IN",iPad Pro (Safari),Invoice settlement
TXN_20260722_01598_adc4dd,ACC1002,ACC1004,36977.91,14.0,False,completed,2026-07-22T14:38:23.776888,"Pune, IN",MacBook Pro (Chrome 128),Rent transfer
TXN_20260722_01765_6ec893,ACC16314613,ACC92107699,35633.45,7.0,False,completed,2026-07-22T14:33:06.784922,"Ahmedabad, IN",Pixel 9 Pro,Rent transfer
TXN_20260722_01052_83bb4b,ACC91181015,ACC86445636,22159.55,19.0,False,completed,2026-07-22T14:26:45.884880,"Kolkata, IN",MacBook Pro (Chrome 128),Invoice settlement
TXN_20260722_04489_2c0b98,ACC97828025,ACC15373430,16642.51,6.0,False,completed,2026-07-22T14:25:18.030288,"Bangalore, IN",Windows 11 (Edge 128),Software subscription
TXN_20260722_03525_1ac6bb,ACC75311120,ACC43249524,18835.63,28.0,False,completed,2026-07-22T13:39:50.361438,"Jaipur, IN",iPhone 16 Pro Max,Urgent remittance
TXN_20260722_04119_7a8f8b,ACC1004,ACC_RING_C,8321.32,15.0,False,completed,2026-07-22T12:58:33.633581,"Jaipur, IN",OnePlus 12,Grocery purchase
TXN_20260722_02208_e94a6b,ACC36297523,ACC10897161,36554.36,22.0,False,completed,2026-07-22T12:20:21.455161,"Mumbai, IN",MacBook Pro (Chrome 128),Utility bill
TXN_20260722_01920_d72b57,ACC72717142,ACC75385116,122005.0,96.0,True,completed,2026-07-22T12:20:13.391694,"Chennai, IN",OnePlus 12,Rent transfer
TXN_20260722_02810_29e8ec,ACC92107699,ACC16314613,4061.54,10.0,False,completed,2026-07-22T11:52:49.755985,"Kolkata, IN",Windows 11 (Edge 128),Invoice settlement
TXN_20260722_03688_52406a,ACC40593754,ACC43249524,44317.98,22.0,False,completed,2026-07-22T11:52:47.627568,"Pune, IN",Samsung Galaxy S24 Ultra,Consulting fee
TXN_20260722_01219_cdeb80,ACC43907404,ACC72717142,5474.56,19.0,False,completed,2026-07-22T11:52:08.494586,"Mumbai, IN",iPhone 16 Pro Max,P2P transfer
TXN_20260722_03070_ddd200,ACC50081547,ACC61076366,40434.68,25.0,False,completed,2026-07-22T11:36:55.006701,"Chennai, IN",Windows 11 (Edge 128),Consulting fee
TXN_20260722_02130_56842e,ACC70103438,ACC57224534,32463.38,25.0,False,completed,2026-07-22T11:09:56.637643,"Bangalore, IN",Windows 11 (Edge 128),Software subscription
TXN_20260722_04290_ef72ca,ACC66777666,ACC65809811,32075.4,10.0,False,completed,2026-07-22T10:59:55.972526,"Kolkata, IN",OnePlus 12,Invoice settlement
TXN_20260722_03437_89a2d0,ACC43249524,ACC57029336,32287.48,16.0,False,completed,2026-07-22T10:45:35.208260,"Mumbai, IN",MacBook Pro (Chrome 128),Software subscription
TXN_20260722_05185_282fba,ACC_RING_B,ACC20858654,28741.15,18.0,False,completed,2026-07-22T10:45:29.991738,"Hyderabad, IN",MacBook Pro (Chrome 128),Rent transfer
TXN_20260722_02302_e65ff9,ACC65809811,ACC82456100,25262.66,11.0,False,completed,2026-07-22T10:29:49.049377,"Pune, IN",Windows 11 (Edge 128),Vendor payment
TXN_20260722_03117_d90f4b,ACC_RING_A,ACC65809811,5256.43,21.0,False,completed,2026-07-22T10:18:16.221974,"Chennai, IN",Samsung Galaxy S24 Ultra,Vendor payment
TXN_20260722_00239_caac04,ACC43467724,ACC75385116,43848.12,11.0,False,completed,2026-07-22T10:13:40.104262,"Ahmedabad, IN",Windows 11 (Edge 128),Urgent remittance
TXN_20260722_04531_cc92ba,ACC74473089,ACC57224534,28696.27,23.0,False,completed,2026-07-22T10:10:40.112695,"Delhi, IN",MacBook Pro (Chrome 128),P2P transfer
TXN_20260722_03632_d7492e,ACC65809811,ACC10897161,25299.76,22.0,False,completed,2026-07-22T09:44:24.682108,"Hyderabad, IN",iPad Pro (Safari),Invoice settlement
TXN_20260722_04960_27c919,ACC1002,ACC82456100,74540.0,73.0,True,completed,2026-07-22T09:24:23.870504,"Pune, IN",MacBook Pro (Chrome 128),P2P transfer
TXN_20260722_01162_a640bd,ACC86445636,ACC25189145,20244.55,8.0,False,completed,2026-07-22T08:49:13.399557,"Mumbai, IN",iPad Pro (Safari),Utility bill
TXN_20260722_01190_b54cba,ACC66777666,ACC86445636,31404.53,17.0,False,completed,2026-07-22T08:49:04.777694,"Ahmedabad, IN",Pixel 9 Pro,Grocery purchase
TXN_20260722_04444_805db7,ACC66777666,ACC59760987,1974.22,14.0,False,completed,2026-07-22T08:46:28.770074,"Chennai, IN",Windows 11 (Edge 128),Utility bill
TXN_20260722_05052_4b6521,ACC97828025,ACC59760987,17690.15,25.0,False,completed,2026-07-22T08:37:39.526072,"Ahmedabad, IN",OnePlus 12,Online payment
TXN_20260722_04281_38b0c4,ACC43907404,ACC1001,5645.28,16.0,False,completed,2026-07-22T08:36:07.857327,"Jaipur, IN",Pixel 9 Pro,Software subscription
TXN_20260722_04669_865453,ACC_RING_B,ACC_RING_C,18592.16,22.0,False,completed,2026-07-22T08:32:58.955534,"Pune, IN",iPad Pro (Safari),Consulting fee
TXN_20260722_03746_5e0652,ACC11706152,ACC1004,1340.62,24.0,False,completed,2026-07-22T08:27:32.444236,"Delhi, IN",Windows 11 (Edge 128),Software subscription
TXN_20260722_01679_9859ab,ACC97828025,ACC66777666,32687.66,14.0,False,completed,2026-07-22T08:22:42.271614,"Chennai, IN",MacBook Pro (Chrome 128),Urgent remittance
TXN_20260722_04691_cee9ea,ACC20858654,ACC57224534,6775.28,13.0,False,completed,2026-07-22T07:56:33.526131,"Mumbai, IN",iPhone 16 Pro Max,Consulting fee
TXN_20260722_00216_80f1e2,ACC1004,ACC64246741,32530.27,17.0,False,completed,2026-07-22T07:55:37.542412,"Delhi, IN",MacBook Pro (Chrome 128),Rent transfer
TXN_20260722_03825_71e20e,ACC65809811,ACC20858654,39203.17,17.0,False,completed,2026-07-22T07:36:26.438654,"Mumbai, IN",iPad Pro (Safari),Consulting fee
TXN_20260722_01266_810329,ACC91181015,ACC64246741,33125.95,27.0,False,completed,2026-07-22T07:34:48.790722,"Kolkata, IN",MacBook Pro (Chrome 128),Utility bill
TXN_20260722_00861_0113ac,ACC43467724,ACC57029336,8962.1,7.0,False,completed,2026-07-22T07:33:32.408216,"Jaipur, IN",Windows 11 (Edge 128),Urgent remittance
TXN_20260722_04113_c4da15,ACC15211290,ACC10897161,1222.69,11.0,False,completed,2026-07-22T07:23:40.682410,"Chennai, IN",iPad Pro (Safari),Urgent remittance
TXN_20260722_03547_7940d8,ACC61076366,ACC57029336,34171.18,21.0,False,completed,2026-07-22T07:21:28.389424,"Mumbai, IN",iPad Pro (Safari),Online payment
TXN_20260722_03049_40ca44,ACC11706152,ACC66777666,27966.11,5.0,False,completed,2026-07-22T07:19:20.946563,"Mumbai, IN",Windows 11 (Edge 128),Invoice settlement
TXN_20260722_02142_92d61c,ACC72717142,ACC57029336,22032.64,15.0,False,completed,2026-07-22T07:06:00.133822,"Jaipur, IN",iPad Pro (Safari),Rent transfer
TXN_20260722_00217_7cd37b,ACC43249524,ACC_RING_B,20772.99,14.0,False,completed,2026-07-22T06:56:43.152315,"Mumbai, IN",Samsung Galaxy S24 Ultra,Grocery purchase
TXN_20260722_03892_263134,ACC43907404,ACC66777666,32254.19,17.0,False,completed,2026-07-22T06:47:25.161535,"Chennai, IN",MacBook Pro (Chrome 128),Software subscription
TXN_20260722_05138_3718a2,ACC1004,ACC72717142,37846.21,9.0,False,completed,2026-07-22T06:42:48.679633,"Jaipur, IN",OnePlus 12,Utility bill
TXN_20260722_04312_62ac02,ACC50081547,ACC75385116,38970.47,6.0,False,completed,2026-07-22T06:04:25.748163,"Chennai, IN",iPad Pro (Safari),Utility bill
TXN_20260722_02889_471198,ACC11706152,ACC1004,10200.83,5.0,False,completed,2026-07-22T05:47:34.379657,"Kolkata, IN",iPad Pro (Safari),Vendor payment
TXN_20260722_00706_cb8c24,ACC43467724,ACC75311120,10015.94,14.0,False,completed,2026-07-22T05:33:57.395435,"Ahmedabad, IN",MacBook Pro (Chrome 128),Invoice settlement
TXN_20260722_00069_3cef1b,ACC59760987,ACC65809811,6958.58,24.0,False,completed,2026-07-22T05:28:24.125569,"Pune, IN",OnePlus 12,Invoice settlement
TXN_20260722_04800_133101,ACC36297523,ACC74473089,205836.0,65.0,True,completed,2026-07-22T05:20:14.899293,"Ahmedabad, IN",iPhone 16 Pro Max,Vendor payment
TXN_20260722_02974_7e7110,ACC_RING_A,ACC91181015,16329.32,9.0,False,completed,2026-07-22T05:18:27.874613,"Pune, IN",Windows 11 (Edge 128),Vendor payment
TXN_20260722_02049_3e6de7,ACC36297523,ACC65809811,2827.98,6.0,False,completed,2026-07-22T05:16:31.200061,"Delhi, IN",MacBook Pro (Chrome 128),Urgent remittance
TXN_20260722_03496_e0ec3d,ACC57224534,ACC15211290,9179.12,19.0,False,completed,2026-07-22T05:16:29.119474,"Bangalore, IN",Samsung Galaxy S24 Ultra,Utility bill
TXN_20260722_03913_2a5404,ACC1001,ACC97828025,13321.91,22.0,False,completed,2026-07-22T05:13:19.065811,"Jaipur, IN",Windows 11 (Edge 128),Rent transfer
TXN_20260722_00101_a4a890,ACC50081547,ACC43907404,6945.92,12.0,False,completed,2026-07-22T05:10:42.257015,"Bangalore, IN",iPhone 16 Pro Max,Grocery purchase
TXN_20260722_01133_9f054f,ACC97828025,ACC66777666,36376.89,5.0,False,completed,2026-07-22T05:09:19.930679,"Bangalore, IN",Samsung Galaxy S24 Ultra,Consulting fee
TXN_20260722_05075_c183bf,ACC50081547,ACC66777666,30912.02,17.0,False,completed,2026-07-22T05:04:07.368454,"Chennai, IN",iPad Pro (Safari),Invoice settlement
TXN_20260722_01071_4a8282,ACC43249524,ACC1003,9428.73,19.0,False,completed,2026-07-22T05:00:40.600576,"Hyderabad, IN",MacBook Pro (Chrome 128),Urgent remittance
TXN_20260722_02441_cbc52d,ACC20858654,ACC70103438,21574.99,19.0,False,completed,2026-07-22T04:57:06.275672,"Hyderabad, IN",Windows 11 (Edge 128),Rent transfer
TXN_20260722_03018_26e019,ACC1002,ACC40593754,34441.52,28.0,False,completed,2026-07-22T04:56:03.664261,"Ahmedabad, IN",iPhone 16 Pro Max,Software subscription
TXN_20260722_01152_141e3f,ACC36297523,ACC16314613,33601.2,24.0,False,completed,2026-07-22T04:54:38.641384,"Ahmedabad, IN",iPad Pro (Safari),Utility bill
TXN_20260722_04067_ab1e80,ACC57224534,ACC59760987,11888.91,23.0,False,completed,2026-07-22T04:48:23.162723,"Delhi, IN",OnePlus 12,Rent transfer
TXN_20260722_00881_22dbf7,ACC75385116,ACC10897161,35650.84,25.0,False,completed,2026-07-22T04:48:00.970929,"Bangalore, IN",iPhone 16 Pro Max,Consulting fee
TXN_20260722_04888_39c858,ACC82456100,ACC65809811,15153.62,18.0,False,completed,2026-07-22T04:26:15.036557,"Ahmedabad, IN",Samsung Galaxy S24 Ultra,Grocery purchase
TXN_20260722_04040_8d3702,ACC1004,ACC1002,62663.0,89.0,True,completed,2026-07-22T03:51:22.039215,"Pune, IN",MacBook Pro (Chrome 128),Vendor payment
TXN_20260722_03800_48a1ce,ACC91181015,ACC_RING_C,203617.0,66.0,True,completed,2026-07-22T03:31:22.305286,"Ahmedabad, IN",OnePlus 12,Vendor payment
TXN_20260722_00886_ccf346,ACC1003,ACC15211290,35673.26,11.0,False,completed,2026-07-22T03:14:03.391179,"Bangalore, IN",iPad Pro (Safari),P2P transfer
TXN_20260722_02799_d6e7f9,ACC97828025,ACC_RING_B,21518.59,9.0,False,completed,2026-07-22T03:11:44.169238,"Hyderabad, IN",iPad Pro (Safari),Urgent remittance
TXN_20260722_03882_ac2ad4,ACC70103438,ACC39727090,30740.79,22.0,False,completed,2026-07-22T03:09:35.112734,"Pune, IN",Windows 11 (Edge 128),Utility bill
TXN_20260722_01064_060d79,ACC86445636,ACC64246741,20411.34,9.0,False,completed,2026-07-22T03:08:47.488634,"Bangalore, IN",iPhone 16 Pro Max,Utility bill
TXN_20260722_02064_24526a,ACC_RING_C,ACC15211290,28964.79,7.0,False,completed,2026-07-22T03:07:11.131253,"Chennai, IN",Windows 11 (Edge 128),P2P transfer
TXN_20260722_02885_4ed6bb,ACC50081547,ACC15373430,20586.5,15.0,False,completed,2026-07-22T03:04:27.419716,"Chennai, IN",Samsung Galaxy S24 Ultra,Online payment
TXN_20260722_03976_8dd030,ACC40593754,ACC36297523,1814.01,11.0,False,completed,2026-07-22T03:03:32.046027,"Chennai, IN",Samsung Galaxy S24 Ultra,Urgent remittance
TXN_20260722_02260_218455,ACC43907404,ACC10897161,29377.44,12.0,False,completed,2026-07-22T02:40:23.520898,"Chennai, IN",MacBook Pro (Chrome 128),Urgent remittance
TXN_20260722_01763_21906f,ACC66777666,ACC92107699,9882.97,28.0,False,completed,2026-07-22T02:25:42.754797,"Kolkata, IN",Windows 11 (Edge 128),Consulting fee
TXN_20260722_01957_a12062,ACC57224534,ACC43907404,29060.55,24.0,False,completed,2026-07-22T02:23:39.227557,"Mumbai, IN",OnePlus 12,Consulting fee
TXN_20260722_01208_a41fd4,ACC20858654,ACC43249524,35236.68,27.0,False,completed,2026-07-22T02:19:10.815990,"Hyderabad, IN",iPad Pro (Safari),Urgent remittance
TXN_20260722_03628_2061d8,ACC43249524,ACC82456100,423.89,16.0,False,completed,2026-07-22T02:13:36.541661,"Delhi, IN",Samsung Galaxy S24 Ultra,Consulting fee
TXN_20260722_02905_4f4188,ACC10897161,ACC57029336,5013.5,11.0,False,completed,2026-07-22T02:07:42.107018,"Mumbai, IN",MacBook Pro (Chrome 128),Urgent remittance
TXN_20260722_00402_8d471d,ACC75311120,ACC91181015,2089.72,23.0,False,completed,2026-07-22T01:52:28.897298,"Kolkata, IN",Samsung Galaxy S24 Ultra,Consulting fee
TXN_20260722_03482_d72f74,ACC36297523,ACC72717142,7532.93,27.0,False,completed,2026-07-22T01:51:55.772303,"Chennai, IN",Pixel 9 Pro,Rent transfer
TXN_20260722_00556_2b9912,ACC74473089,ACC57029336,5233.26,10.0,False,completed,2026-07-22T01:48:43.532561,"Chennai, IN",Windows 11 (Edge 128),Grocery purchase
TXN_20260722_02887_dc82d0,ACC1004,ACC43907404,13349.1,24.0,False,completed,2026-07-22T01:39:59.953508,"Delhi, IN",iPhone 16 Pro Max,Online payment
TXN_20260722_00811_8d6394,ACC64246741,ACC72717142,27286.67,16.0,False,completed,2026-07-22T01:36:30.426122,"Ahmedabad, IN",MacBook Pro (Chrome 128),Grocery purchase
TXN_20260722_02105_31f6ed,ACC75311120,ACC1003,32056.46,23.0,False,completed,2026-07-22T01:18:55.578562,"Jaipur, IN",Windows 11 (Edge 128),Grocery purchase
TXN_20260722_03830_69be50,ACC1002,ACC1003,41655.68,23.0,False,completed,2026-07-22T01:15:58.280197,"Delhi, IN",OnePlus 12,Software subscription
TXN_20260722_04994_92df1d,ACC59760987,ACC40593754,5245.49,18.0,False,completed,2026-07-22T01:00:10.363138,"Kolkata, IN",OnePlus 12,Urgent remittance
TXN_20260722_03990_b819dc,ACC61076366,ACC10897161,3269.15,5.0,False,completed,2026-07-22T00:58:21.425781,"Chennai, IN",Samsung Galaxy S24 Ultra,Vendor payment
TXN_20260722_03247_068a6d,ACC10897161,ACC_RING_A,15050.07,15.0,False,completed,2026-07-22T00:45:57.665720,"Bangalore, IN",Windows 11 (Edge 128),Online payment
TXN_20260722_03687_cd9f58,ACC66777666,ACC10897161,28655.38,11.0,False,completed,2026-07-22T00:43:11.035246,"Pune, IN",iPhone 16 Pro Max,P2P transfer
TXN_20260722_01746_cb5c05,ACC57029336,ACC75385116,18677.63,21.0,False,completed,2026-07-22T00:38:52.225599,"Pune, IN",Pixel 9 Pro,Urgent remittance
TXN_20260722_03364_b592ff,ACC61076366,ACC_RING_B,23894.64,14.0,False,completed,2026-07-22T00:35:01.151373,"Hyderabad, IN",Samsung Galaxy S24 Ultra,Consulting fee
TXN_20260722_00090_f68005,ACC57029336,ACC43467724,10210.44,27.0,False,completed,2026-07-22T00:23:34.764326,"Ahmedabad, IN",OnePlus 12,Software subscription
TXN_20260722_04118_35f2cb,ACC15373430,ACC75385116,18613.87,14.0,False,completed,2026-07-22T00:23:20.937161,"Mumbai, IN",iPhone 16 Pro Max,Online payment
TXN_20260722_03136_dcb4b1,ACC1002,ACC64246741,11127.31,13.0,False,completed,2026-07-22T00:21:40.459447,"Kolkata, IN",Pixel 9 Pro,Grocery purchase
TXN_20260722_00513_dedfa3,ACC64246741,ACC36297523,42833.67,22.0,False,completed,2026-07-22T00:15:14.882351,"Ahmedabad, IN",MacBook Pro (Chrome 128),Utility bill
TXN_20260722_04364_ecc02e,ACC_RING_A,ACC97828025,16994.89,20.0,False,completed,2026-07-22T00:10:54.697953,"Kolkata, IN",MacBook Pro (Chrome 128),Online payment
TXN_20260721_04505_e88c79,ACC10897161,ACC82456100,7381.5,19.0,False,completed,2026-07-21T23:42:20.998289,"Hyderabad, IN",Samsung Galaxy S24 Ultra,Online payment
TXN_20260721_00887_13d70e,ACC70103438,ACC43907404,6779.21,15.0,False,completed,2026-07-21T23:41:35.092421,"Hyderabad, IN",Samsung Galaxy S24 Ultra,Rent transfer
TXN_20260721_02280_23382f,ACC59760987,ACC20858654,165597.0,69.0,True,completed,2026-07-21T23:40:13.952137,"Chennai, IN",Pixel 9 Pro,Vendor payment
TXN_20260721_03770_ec346a,ACC75311120,ACC20858654,27357.01,16.0,False,completed,2026-07-21T23:37:02.716888,"Jaipur, IN",iPhone 16 Pro Max,P2P transfer
TXN_20260721_04488_9632b9,ACC59760987,ACC92107699,28407.75,8.0,False,completed,2026-07-21T23:29:28.411062,"Jaipur, IN",MacBook Pro (Chrome 128),Utility bill
TXN_20260721_02973_acc2b3,ACC75311120,ACC40593754,35995.38,11.0,False,completed,2026-07-21T23:28:34.819945,"Ahmedabad, IN",Windows 11 (Edge 128),Urgent remittance
TXN_20260721_02239_eac50d,ACC40593754,ACC61076366,30199.9,13.0,False,completed,2026-07-21T23:27:38.397603,"Kolkata, IN",Samsung Galaxy S24 Ultra,Software subscription
TXN_20260721_04867_e45c4a,ACC43907404,ACC91181015,23407.32,23.0,False,completed,2026-07-21T23:25:20.297823,"Chennai, IN",iPhone 16 Pro Max,Utility bill
TXN_20260721_05184_0d332a,ACC65809811,ACC43467724,10083.04,7.0,False,completed,2026-07-21T23:14:36.428839,"Mumbai, IN",MacBook Pro (Chrome 128),Urgent remittance
TXN_20260721_00161_5a781e,ACC1001,ACC57029336,23371.88,6.0,False,completed,2026-07-21T23:04:37.122918,"Delhi, IN",Samsung Galaxy S24 Ultra,Online payment
TXN_20260721_04784_f596a2,ACC_RING_B,ACC1002,25244.16,14.0,False,completed,2026-07-21T22:52:12.568101,"Bangalore, IN",iPad Pro (Safari),Consulting fee
TXN_20260721_02537_81c090,ACC97828025,ACC50081547,13834.38,10.0,False,completed,2026-07-21T22:48:45.113761,"Jaipur, IN",OnePlus 12,Software subscription
TXN_20260721_01366_19bce5,ACC72717142,ACC25189145,37925.61,7.0,False,completed,2026-07-21T22:47:37.875317,"Chennai, IN",Pixel 9 Pro,Invoice settlement
TXN_20260721_00281_df3f98,ACC91181015,ACC43249524,6607.04,21.0,False,completed,2026-07-21T22:47:04.989574,"Kolkata, IN",iPad Pro (Safari),Consulting fee
TXN_20260721_01333_9396b5,ACC82456100,ACC39727090,40829.44,16.0,False,completed,2026-07-21T22:31:29.427929,"Pune, IN",iPhone 16 Pro Max,P2P transfer
TXN_20260721_03654_011313,ACC_RING_A,ACC36297523,24919.73,17.0,False,completed,2026-07-21T22:27:37.378892,"Ahmedabad, IN",Windows 11 (Edge 128),Rent transfer
TXN_20260721_01859_3ecd5c,ACC66777666,ACC82456100,12676.57,6.0,False,completed,2026-07-21T22:24:24.093417,"Delhi, IN",iPhone 16 Pro Max,Utility bill
TXN_20260721_00365_b30621,ACC_RING_C,ACC20858654,2701.35,9.0,False,completed,2026-07-21T21:45:28.152221,"Chennai, IN",MacBook Pro (Chrome 128),P2P transfer
TXN_20260721_03526_52cd74,ACC50081547,ACC40593754,19654.51,15.0,False,completed,2026-07-21T21:38:14.498041,"Delhi, IN",OnePlus 12,Invoice settlement
TXN_20260721_04253_e2cd17,ACC43467724,ACC_RING_B,43667.35,9.0,False,completed,2026-07-21T21:31:25.279397,"Delhi, IN",Windows 11 (Edge 128),Rent transfer
TXN_20260721_01058_001bd7,ACC1004,ACC40593754,28628.78,15.0,False,completed,2026-07-21T21:29:41.347696,"Chennai, IN",iPhone 16 Pro Max,Rent transfer
TXN_20260721_02966_2cec63,ACC43907404,ACC39727090,19304.76,11.0,False,completed,2026-07-21T21:25:08.895086,"Bangalore, IN",iPhone 16 Pro Max,Consulting fee
TXN_20260721_03773_c12356,ACC39727090,ACC91181015,44419.86,19.0,False,completed,2026-07-21T21:07:21.967087,"Bangalore, IN",iPhone 16 Pro Max,Grocery purchase
TXN_20260721_02983_349e67,ACC15211290,ACC1001,19112.99,9.0,False,completed,2026-07-21T20:56:39.216454,"Bangalore, IN",Pixel 9 Pro,Software subscription
TXN_20260721_04217_02c6ba,ACC1003,ACC92107699,15042.5,14.0,False,completed,2026-07-21T20:52:16.061448,"Pune, IN",OnePlus 12,Software subscription
TXN_20260721_03762_7362f2,ACC1004,ACC_RING_A,20278.87,25.0,False,completed,2026-07-21T20:44:39.941131,"Bangalore, IN",iPad Pro (Safari),Rent transfer
TXN_20260721_01719_cb9539,ACC1003,ACC_RING_B,38434.12,8.0,False,completed,2026-07-21T20:42:01.758228,"Chennai, IN",Windows 11 (Edge 128),Software subscription
TXN_20260721_03591_16d3a7,ACC25189145,ACC75385116,592.92,19.0,False,completed,2026-07-21T20:37:55.297710,"Bangalore, IN",MacBook Pro (Chrome 128),Software subscription
TXN_20260721_04632_8299cd,ACC64246741,ACC15373430,30958.81,9.0,False,completed,2026-07-21T20:24:42.146300,"Jaipur, IN",OnePlus 12,Vendor payment
TXN_20260721_05199_715bfc,ACC40593754,ACC66777666,1453.35,7.0,False,completed,2026-07-21T20:18:07.369697,"Ahmedabad, IN",Samsung Galaxy S24 Ultra,Software subscription
TXN_20260721_02585_4c9c2a,ACC1002,ACC10897161,36530.42,7.0,False,completed,2026-07-21T19:52:27.819731,"Jaipur, IN",OnePlus 12,Urgent remittance
TXN_20260721_03923_12e009,ACC10897161,ACC_RING_A,26883.96,9.0,False,completed,2026-07-21T19:46:59.767238,"Ahmedabad, IN",OnePlus 12,Online payment
TXN_20260721_02402_a25aff,ACC75311120,ACC92107699,38383.88,23.0,False,completed,2026-07-21T19:44:58.861134,"Kolkata, IN",iPad Pro (Safari),Software subscription
TXN_20260721_04023_dd535e,ACC20858654,ACC92107699,25584.84,7.0,False,completed,2026-07-21T19:39:27.005242,"Hyderabad, IN",OnePlus 12,Utility bill
TXN_20260721_04185_c49260,ACC_RING_C,ACC86445636,12986.83,16.0,False,completed,2026-07-21T19:11:59.586412,"Chennai, IN",Windows 11 (Edge 128),P2P transfer
TXN_20260721_01430_59fa67,ACC39727090,ACC20858654,41139.22,7.0,False,completed,2026-07-21T19:00:44.424976,"Pune, IN",OnePlus 12,Grocery purchase
TXN_20260721_01955_4e0a69,ACC43907404,ACC10897161,29177.28,13.0,False,completed,2026-07-21T18:48:57.540458,"Hyderabad, IN",iPad Pro (Safari),Online payment
TXN_20260721_04203_90cda5,ACC59760987,ACC39727090,30570.51,5.0,False,completed,2026-07-21T18:48:19.857444,"Pune, IN",OnePlus 12,Consulting fee
TXN_20260721_00185_1d997b,ACC_RING_C,ACC10897161,11697.71,6.0,False,completed,2026-07-21T18:32:40.056424,"Kolkata, IN",OnePlus 12,Rent transfer
TXN_20260721_04177_41f0ab,ACC66777666,ACC_RING_A,31346.97,17.0,False,completed,2026-07-21T18:26:35.213674,"Hyderabad, IN",Samsung Galaxy S24 Ultra,Software subscription
TXN_20260721_02786_5ad4b5,ACC92107699,ACC75385116,27090.79,27.0,False,completed,2026-07-21T17:50:54.229276,"Jaipur, IN",iPhone 16 Pro Max,Urgent remittance
TXN_20260721_02805_517d6d,ACC70103438,ACC1003,24828.03,12.0,False,completed,2026-07-21T17:38:46.721700,"Pune, IN",OnePlus 12,Utility bill
TXN_20260721_05004_c6c3fc,ACC36297523,ACC92107699,8785.88,28.0,False,completed,2026-07-21T17:25:07.461871,"Jaipur, IN",iPhone 16 Pro Max,Grocery purchase
TXN_20260721_03272_21424f,ACC91181015,ACC75385116,15465.48,5.0,False,completed,2026-07-21T17:13:50.055616,"Pune, IN",Samsung Galaxy S24 Ultra,Vendor payment
TXN_20260721_00117_a16722,ACC1002,ACC72717142,35476.47,10.0,False,completed,2026-07-21T17:13:14.807098,"Chennai, IN",iPad Pro (Safari),Vendor payment
TXN_20260721_02425_c115f0,ACC70103438,ACC75385116,31299.08,9.0,False,completed,2026-07-21T17:10:18.541003,"Mumbai, IN",iPad Pro (Safari),Online payment
TXN_20260721_01142_18c6df,ACC57029336,ACC97828025,44602.02,23.0,False,completed,2026-07-21T16:46:12.111015,"Chennai, IN",OnePlus 12,Online payment
TXN_20260721_02758_39e144,ACC_RING_C,ACC61076366,41294.09,19.0,False,completed,2026-07-21T16:44:13.604163,"Pune, IN",Pixel 9 Pro,Rent transfer
TXN_20260721_04625_1c8410,ACC10897161,ACC86445636,20768.68,17.0,False,completed,2026-07-21T16:28:59.698980,"Mumbai, IN",OnePlus 12,Rent transfer
TXN_20260721_00714_81a502,ACC_RING_B,ACC43249524,6546.76,19.0,False,completed,2026-07-21T16:26:36.516740,"Ahmedabad, IN",iPad Pro (Safari),Online payment
TXN_20260721_02653_86e413,ACC59760987,ACC39727090,9841.96,28.0,False,completed,2026-07-21T16:10:28.079140,"Bangalore, IN",Samsung Galaxy S24 Ultra,Online payment
TXN_20260721_04517_bb3a67,ACC59760987,ACC92107699,2896.69,7.0,False,completed,2026-07-21T16:05:36.306594,"Hyderabad, IN",Samsung Galaxy S24 Ultra,Software subscription
TXN_20260721_01111_0869cb,ACC43907404,ACC1003,622.54,25.0,False,completed,2026-07-21T15:56:16.091524,"Bangalore, IN",MacBook Pro (Chrome 128),P2P transfer
TXN_20260721_01258_bcaf6d,ACC66777666,ACC72717142,27912.63,25.0,False,completed,2026-07-21T15:43:39.891580,"Chennai, IN",Samsung Galaxy S24 Ultra,Grocery purchase
TXN_20260721_01077_1748be,ACC97828025,ACC43907404,10022.04,10.0,False,completed,2026-07-21T15:19:19.754017,"Kolkata, IN",MacBook Pro (Chrome 128),Grocery purchase
TXN_20260721_01010_27cf30,ACC1004,ACC16314613,42684.31,19.0,False,completed,2026-07-21T14:57:55.201987,"Bangalore, IN",iPhone 16 Pro Max,Grocery purchase
TXN_20260721_05193_a535ba,ACC50081547,ACC91181015,41714.79,11.0,False,completed,2026-07-21T14:56:20.249172,"Delhi, IN",iPad Pro (Safari),Urgent remittance
TXN_20260721_00255_d34a48,ACC59760987,ACC16314613,40361.78,24.0,False,completed,2026-07-21T14:55:27.674007,"Chennai, IN",OnePlus 12,Software subscription
TXN_20260721_00458_69ef22,ACC72717142,ACC25189145,27450.88,5.0,False,completed,2026-07-21T14:50:49.919700,"Kolkata, IN",Pixel 9 Pro,Vendor payment
TXN_20260721_00285_70c0a8,ACC1001,ACC25189145,22269.49,20.0,False,completed,2026-07-21T14:33:15.123136,"Bangalore, IN",OnePlus 12,Urgent remittance
TXN_20260721_04468_db9ba2,ACC1004,ACC1002,10977.91,22.0,False,completed,2026-07-21T14:25:20.091826,"Chennai, IN",Samsung Galaxy S24 Ultra,Online payment
TXN_20260721_04628_8b09dc,ACC_RING_C,ACC16314613,10629.38,18.0,False,completed,2026-07-21T14:17:28.383912,"Hyderabad, IN",iPad Pro (Safari),Grocery purchase
TXN_20260721_04522_7c55df,ACC75385116,ACC66777666,2334.48,7.0,False,completed,2026-07-21T13:54:38.032110,"Ahmedabad, IN",OnePlus 12,Software subscription
TXN_20260721_04432_06f7f9,ACC1003,ACC86445636,26747.65,16.0,False,completed,2026-07-21T13:42:34.798440,"Jaipur, IN",OnePlus 12,Consulting fee
TXN_20260721_03062_6cd704,ACC10897161,ACC75385116,41051.77,11.0,False,completed,2026-07-21T13:34:42.175055,"Delhi, IN",MacBook Pro (Chrome 128),Software subscription
TXN_20260721_00920_9ae3e7,ACC1002,ACC74473089,140848.0,70.0,True,completed,2026-07-21T13:10:55.776949,"Kolkata, IN",MacBook Pro (Chrome 128),Grocery purchase
TXN_20260721_01023_cd53b7,ACC10897161,ACC65809811,25802.07,18.0,False,completed,2026-07-21T13:09:00.863376,"Delhi, IN",OnePlus 12,Vendor payment
TXN_20260721_02412_adb814,ACC1001,ACC39727090,29520.74,21.0,False,completed,2026-07-21T12:59:44.545308,"Bangalore, IN",OnePlus 12,Urgent remittance
TXN_20260721_03470_d9892b,ACC40593754,ACC16314613,17222.06,8.0,False,completed,2026-07-21T12:58:32.540149,"Mumbai, IN",Samsung Galaxy S24 Ultra,Grocery purchase
TXN_20260721_03355_031d6f,ACC50081547,ACC36297523,38067.48,8.0,False,completed,2026-07-21T12:50:13.599896,"Delhi, IN",Windows 11 (Edge 128),Consulting fee
TXN_20260721_03072_3b30a3,ACC11706152,ACC75311120,15749.68,17.0,False,completed,2026-07-21T12:42:55.377049,"Pune, IN",Pixel 9 Pro,P2P transfer
TXN_20260721_03344_ee32a6,ACC91181015,ACC20858654,4028.86,23.0,False,completed,2026-07-21T12:04:55.432215,"Bangalore, IN",OnePlus 12,Online payment
TXN_20260721_01364_ad0379,ACC50081547,ACC1004,33618.37,18.0,False,completed,2026-07-21T11:56:07.650761,"Pune, IN",Pixel 9 Pro,Utility bill
TXN_20260721_03176_b567be,ACC11706152,ACC36297523,15284.63,24.0,False,completed,2026-07-21T11:53:34.579273,"Kolkata, IN",Pixel 9 Pro,Invoice settlement
TXN_20260721_02347_6524b5,ACC1002,ACC43907404,23074.05,18.0,False,completed,2026-07-21T11:50:52.251497,"Pune, IN",iPad Pro (Safari),Rent transfer
TXN_20260721_05021_96f1ca,ACC75311120,ACC70103438,6324.63,25.0,False,completed,2026-07-21T11:32:20.101642,"Kolkata, IN",Pixel 9 Pro,Consulting fee
TXN_20260721_01939_703320,ACC_RING_A,ACC82456100,17101.39,24.0,False,completed,2026-07-21T11:24:46.513293,"Jaipur, IN",OnePlus 12,Consulting fee
TXN_20260721_00440_239102,ACC10897161,ACC91181015,244172.0,94.0,True,completed,2026-07-21T11:12:02.304943,"Bangalore, IN",iPad Pro (Safari),Online payment
TXN_20260721_04781_e8a4f4,ACC65809811,ACC66777666,8294.02,13.0,False,completed,2026-07-21T11:03:02.425135,"Kolkata, IN",Windows 11 (Edge 128),Software subscription
TXN_20260721_03423_2c92b4,ACC40593754,ACC43467724,34902.08,5.0,False,completed,2026-07-21T10:42:02.114021,"Hyderabad, IN",Windows 11 (Edge 128),Urgent remittance
TXN_20260721_01107_1ee017,ACC15211290,ACC75311120,7282.42,23.0,False,completed,2026-07-21T10:39:23.983686,"Ahmedabad, IN",OnePlus 12,Software subscription
TXN_20260721_03738_0649ce,ACC_RING_A,ACC64246741,28654.84,20.0,False,completed,2026-07-21T10:37:00.633810,"Mumbai, IN",MacBook Pro (Chrome 128),P2P transfer
TXN_20260721_01080_05b350,ACC40593754,ACC43907404,247131.0,76.0,True,completed,2026-07-21T10:32:58.472242,"Bangalore, IN",Pixel 9 Pro,Vendor payment
TXN_20260721_03743_d5bc73,ACC15373430,ACC92107699,9328.24,25.0,False,completed,2026-07-21T10:30:30.490232,"Pune, IN",OnePlus 12,Utility bill
TXN_20260721_03478_2bfa42,ACC_RING_C,ACC43907404,14964.26,24.0,False,completed,2026-07-21T10:22:45.534492,"Hyderabad, IN",Pixel 9 Pro,Utility bill
TXN_20260721_00436_6a7799,ACC43907404,ACC1002,22805.3,22.0,False,completed,2026-07-21T10:14:45.351335,"Hyderabad, IN",Samsung Galaxy S24 Ultra,Software subscription
TXN_20260721_01974_3c3d08,ACC1003,ACC86445636,493.86,14.0,False,completed,2026-07-21T10:13:49.273674,"Hyderabad, IN",Windows 11 (Edge 128),P2P transfer
TXN_20260721_00068_bd51d7,ACC11706152,ACC15211290,44180.36,20.0,False,completed,2026-07-21T10:09:06.861736,"Ahmedabad, IN",Samsung Galaxy S24 Ultra,Rent transfer
TXN_20260721_04818_ed7db5,ACC_RING_C,ACC20858654,20501.44,6.0,False,completed,2026-07-21T09:41:32.576525,"Ahmedabad, IN",Windows 11 (Edge 128),P2P transfer
TXN_20260721_02022_dbcefd,ACC70103438,ACC40593754,1116.88,16.0,False,completed,2026-07-21T09:28:59.715794,"Ahmedabad, IN",Pixel 9 Pro,Online payment
TXN_20260721_02606_9b84c2,ACC1003,ACC91181015,26554.6,20.0,False,completed,2026-07-21T09:26:39.351514,"Jaipur, IN",OnePlus 12,Utility bill
TXN_20260721_00690_7fc861,ACC65809811,ACC25189145,25798.05,20.0,False,completed,2026-07-21T09:05:36.327640,"Hyderabad, IN",Pixel 9 Pro,Utility bill
TXN_20260721_02416_ad05a3,ACC64246741,ACC43467724,34404.02,8.0,False,completed,2026-07-21T09:04:20.809366,"Pune, IN",OnePlus 12,Grocery purchase
TXN_20260721_00612_8feeeb,ACC50081547,ACC72717142,9048.45,14.0,False,completed,2026-07-21T09:01:26.618934,"Mumbai, IN",iPad Pro (Safari),Rent transfer
TXN_20260721_02944_633c42,ACC1004,ACC20858654,39317.0,18.0,False,completed,2026-07-21T08:56:44.176246,"Pune, IN",Samsung Galaxy S24 Ultra,P2P transfer
TXN_20260721_03061_81aac4,ACC20858654,ACC40593754,3124.89,19.0,False,completed,2026-07-21T08:48:19.053057,"Jaipur, IN",Pixel 9 Pro,Urgent remittance
TXN_20260721_01996_1a286d,ACC72717142,ACC92107699,31277.59,27.0,False,completed,2026-07-21T08:43:47.107185,"Bangalore, IN",iPad Pro (Safari),Consulting fee
TXN_20260721_03709_4fc436,ACC82456100,ACC39727090,24947.71,12.0,False,completed,2026-07-21T08:42:19.503382,"Bangalore, IN",Pixel 9 Pro,Online payment
TXN_20260721_02920_775b1b,ACC75385116,ACC82456100,88651.0,87.0,True,completed,2026-07-21T08:38:53.722133,"Ahmedabad, IN",Samsung Galaxy S24 Ultra,Consulting fee
TXN_20260721_00873_f9731f,ACC92107699,ACC64246741,31883.1,20.0,False,completed,2026-07-21T08:26:58.711696,"Chennai, IN",Pixel 9 Pro,Grocery purchase
TXN_20260721_02851_222468,ACC43249524,ACC1004,34031.94,17.0,False,completed,2026-07-21T08:23:08.466432,"Ahmedabad, IN",OnePlus 12,P2P transfer
TXN_20260721_03339_fc5d5e,ACC39727090,ACC86445636,6729.08,7.0,False,completed,2026-07-21T08:17:37.322230,"Mumbai, IN",MacBook Pro (Chrome 128),P2P transfer
TXN_20260721_03290_ef150b,ACC10897161,ACC92107699,44735.57,17.0,False,completed,2026-07-21T08:12:40.050141,"Hyderabad, IN",Windows 11 (Edge 128),P2P transfer
TXN_20260721_05195_4ed7a5,ACC_RING_C,ACC43249524,37509.1,10.0,False,completed,2026-07-21T08:02:17.415067,"Kolkata, IN",Pixel 9 Pro,Grocery purchase
TXN_20260721_04591_3e1e47,ACC75311120,ACC75385116,39251.07,25.0,False,completed,2026-07-21T07:53:43.337027,"Ahmedabad, IN",OnePlus 12,Utility bill
TXN_20260721_01773_1c7adb,ACC66777666,ACC15211290,39422.22,20.0,False,completed,2026-07-21T07:50:02.128234,"Delhi, IN",Windows 11 (Edge 128),Rent transfer
TXN_20260721_01860_434559,ACC82456100,ACC59760987,11322.55,11.0,False,completed,2026-07-21T07:46:28.838805,"Ahmedabad, IN",Samsung Galaxy S24 Ultra,Urgent remittance
TXN_20260721_04964_43e0a1,ACC_RING_A,ACC20858654,4909.07,22.0,False,completed,2026-07-21T07:23:04.830703,"Bangalore, IN",iPad Pro (Safari),Utility bill
TXN_20260721_04448_cf9713,ACC15211290,ACC20858654,36589.6,11.0,False,completed,2026-07-21T07:18:36.284270,"Mumbai, IN",Windows 11 (Edge 128),P2P transfer
TXN_20260721_00772_187f6c,ACC25189145,ACC97828025,9345.53,9.0,False,completed,2026-07-21T07:15:17.825286,"Ahmedabad, IN",iPhone 16 Pro Max,P2P transfer
TXN_20260721_00098_f0ab62,ACC91181015,ACC59760987,15112.6,23.0,False,completed,2026-07-21T07:01:31.232273,"Kolkata, IN",MacBook Pro (Chrome 128),Invoice settlement
TXN_20260721_03479_73c6ff,ACC61076366,ACC64246741,342.13,25.0,False,completed,2026-07-21T06:46:52.859955,"Chennai, IN",MacBook Pro (Chrome 128),Online payment
TXN_20260721_04472_eb797c,ACC61076366,ACC57029336,17344.15,27.0,False,completed,2026-07-21T06:41:52.175441,"Hyderabad, IN",Samsung Galaxy S24 Ultra,Urgent remittance
TXN_20260721_04031_b487b9,ACC39727090,ACC_RING_A,19049.58,13.0,False,completed,2026-07-21T06:29:56.546997,"Delhi, IN",OnePlus 12,Software subscription
TXN_20260721_03925_fa94d9,ACC20858654,ACC64246741,2880.54,8.0,False,completed,2026-07-21T06:11:57.169322,"Hyderabad, IN",iPhone 16 Pro Max,Invoice settlement
TXN_20260721_04885_8e5ee5,ACC92107699,ACC15211290,11854.41,19.0,False,completed,2026-07-21T06:08:37.498337,"Mumbai, IN",Pixel 9 Pro,Urgent remittance
TXN_20260721_01661_437963,ACC86445636,ACC15373430,5489.61,11.0,False,completed,2026-07-21T06:01:25.815469,"Ahmedabad, IN",Windows 11 (Edge 128),Urgent remittance
TXN_20260721_00826_959639,ACC97828025,ACC1003,6515.44,27.0,False,completed,2026-07-21T05:54:21.958566,"Jaipur, IN",Pixel 9 Pro,Consulting fee
TXN_20260721_00738_bbc588,ACC82456100,ACC97828025,35874.1,7.0,False,completed,2026-07-21T05:42:20.736470,"Ahmedabad, IN",iPad Pro (Safari),Online payment
TXN_20260721_00964_57006a,ACC_RING_B,ACC40593754,42820.57,12.0,False,completed,2026-07-21T05:39:27.648118,"Pune, IN",iPhone 16 Pro Max,Online payment
TXN_20260721_01946_5f6869,ACC_RING_A,ACC50081547,22268.82,9.0,False,completed,2026-07-21T05:25:09.875023,"Pune, IN",MacBook Pro (Chrome 128),Online payment
TXN_20260721_01078_d78f22,ACC1001,ACC64246741,15587.73,13.0,False,completed,2026-07-21T05:21:54.487496,"Ahmedabad, IN",Windows 11 (Edge 128),Urgent remittance
TXN_20260721_03353_80d04f,ACC57029336,ACC15373430,17981.76,11.0,False,completed,2026-07-21T05:15:52.031788,"Ahmedabad, IN",OnePlus 12,P2P transfer
TXN_20260721_02224_543277,ACC25189145,ACC59760987,13143.95,8.0,False,completed,2026-07-21T05:08:06.929084,"Chennai, IN",iPhone 16 Pro Max,Software subscription
TXN_20260721_01018_59dc0d,ACC15211290,ACC11706152,18329.87,9.0,False,completed,2026-07-21T05:01:37.384872,"Bangalore, IN",MacBook Pro (Chrome 128),Utility bill
TXN_20260721_00669_846038,ACC70103438,ACC_RING_C,11392.26,20.0,False,completed,2026-07-21T04:51:29.923673,"Pune, IN",Pixel 9 Pro,Urgent remittance
TXN_20260721_04293_306e55,ACC74473089,ACC43907404,28210.03,14.0,False,completed,2026-07-21T04:33:51.970532,"Jaipur, IN",iPhone 16 Pro Max,Software subscription
TXN_20260721_04534_f349da,ACC97828025,ACC11706152,9282.4,9.0,False,completed,2026-07-21T03:58:23.598099,"Hyderabad, IN",Windows 11 (Edge 128),Utility bill
TXN_20260721_01336_9cdd56,ACC57029336,ACC11706152,40205.9,17.0,False,completed,2026-07-21T03:48:19.078671,"Hyderabad, IN",OnePlus 12,Invoice settlement
TXN_20260721_02942_828922,ACC1003,ACC43249524,15455.06,19.0,False,completed,2026-07-21T03:27:40.142971,"Bangalore, IN",iPhone 16 Pro Max,Vendor payment
TXN_20260721_04544_8dad97,ACC72717142,ACC92107699,10576.43,27.0,False,completed,2026-07-21T03:23:46.752218,"Kolkata, IN",Pixel 9 Pro,Vendor payment
TXN_20260721_03659_73b20d,ACC25189145,ACC82456100,21932.85,14.0,False,completed,2026-07-21T03:04:39.416866,"Hyderabad, IN",iPhone 16 Pro Max,Rent transfer
TXN_20260721_04106_f49140,ACC50081547,ACC66777666,32809.04,24.0,False,completed,2026-07-21T03:01:37.574192,"Ahmedabad, IN",OnePlus 12,Urgent remittance
TXN_20260721_04718_0784bb,ACC1001,ACC_RING_C,35230.99,28.0,False,completed,2026-07-21T02:58:53.687564,"Pune, IN",iPhone 16 Pro Max,Software subscription
TXN_20260721_01764_96527b,ACC_RING_C,ACC82456100,5755.67,15.0,False,completed,2026-07-21T02:56:58.390357,"Bangalore, IN",Samsung Galaxy S24 Ultra,Vendor payment
TXN_20260721_03806_94dbab,ACC92107699,ACC66777666,24697.58,27.0,False,completed,2026-07-21T02:53:27.324496,"Kolkata, IN",iPhone 16 Pro Max,Rent transfer
TXN_20260721_01306_3395dc,ACC66777666,ACC1003,31795.04,11.0,False,completed,2026-07-21T02:17:02.707910,"Ahmedabad, IN",iPad Pro (Safari),Online payment
TXN_20260721_01277_189b7b,ACC39727090,ACC36297523,39337.53,10.0,False,completed,2026-07-21T02:17:01.322964,"Mumbai, IN",OnePlus 12,P2P transfer
TXN_20260721_00604_20a733,ACC59760987,ACC70103438,42631.92,6.0,False,completed,2026-07-21T02:14:41.314575,"Delhi, IN",OnePlus 12,Online payment
TXN_20260721_04820_1280b0,ACC43249524,ACC39727090,15366.52,16.0,False,completed,2026-07-21T02:12:41.277093,"Chennai, IN",Pixel 9 Pro,Vendor payment
TXN_20260721_03378_dc1ac6,ACC1001,ACC61076366,2161.08,20.0,False,completed,2026-07-21T02:01:41.292065,"Hyderabad, IN",Pixel 9 Pro,Rent transfer
TXN_20260721_00209_7afca2,ACC16314613,ACC_RING_B,27142.0,12.0,False,completed,2026-07-21T01:57:05.545750,"Chennai, IN",OnePlus 12,Urgent remittance
TXN_20260721_05114_38a363,ACC36297523,ACC20858654,42911.64,6.0,False,completed,2026-07-21T01:47:53.845398,"Delhi, IN",Samsung Galaxy S24 Ultra,Online payment
TXN_20260721_00108_778e3b,ACC65809811,ACC25189145,12488.86,21.0,False,completed,2026-07-21T01:40:57.538694,"Pune, IN",iPad Pro (Safari),Vendor payment
TXN_20260721_05054_70fb3a,ACC59760987,ACC36297523,11151.28,23.0,False,completed,2026-07-21T01:19:55.268538,"Jaipur, IN",Samsung Galaxy S24 Ultra,Urgent remittance
TXN_20260721_04934_7ca2f9,ACC75385116,ACC72717142,21557.48,12.0,False,completed,2026-07-21T01:05:07.296603,"Jaipur, IN",iPhone 16 Pro Max,Invoice settlement
TXN_20260721_00296_c734f6,ACC43467724,ACC43907404,19753.76,19.0,False,completed,2026-07-21T01:03:52.554975,"Ahmedabad, IN",Pixel 9 Pro,Utility bill
TXN_20260721_01000_28fb8e,ACC43249524,ACC43467724,232416.0,87.0,True,completed,2026-07-21T00:55:05.903305,"Mumbai, IN",Samsung Galaxy S24 Ultra,Grocery purchase
TXN_20260721_01143_604ba8,ACC75311120,ACC75385116,28195.26,21.0,False,completed,2026-07-21T00:41:15.523819,"Pune, IN",Windows 11 (Edge 128),Online payment
TXN_20260721_00134_c639b0,ACC_RING_B,ACC82456100,13570.78,27.0,False,completed,2026-07-21T00:16:56.937411,"Bangalore, IN",Samsung Galaxy S24 Ultra,Consulting fee
TXN_20260721_01636_457bc7,ACC91181015,ACC25189145,28914.29,14.0,False,completed,2026-07-21T00:14:40.911973,"Ahmedabad, IN",MacBook Pro (Chrome 128),Invoice settlement
TXN_20260721_04859_7f6f1c,ACC75311120,ACC61076366,37146.63,19.0,False,completed,2026-07-21T00:12:17.093556,"Ahmedabad, IN",MacBook Pro (Chrome 128),Utility bill
TXN_20260721_05177_68eba8,ACC86445636,ACC66777666,19609.21,8.0,False,completed,2026-07-21T00:08:02.785959,"Mumbai, IN",iPhone 16 Pro Max,Utility bill
TXN_20260720_03561_34aac2,ACC43907404,ACC50081547,44696.06,17.0,False,completed,2026-07-20T23:55:30.952511,"Kolkata, IN",Pixel 9 Pro,Utility bill
TXN_20260720_03395_484fd3,ACC61076366,ACC36297523,23081.68,12.0,False,completed,2026-07-20T23:55:24.392494,"Jaipur, IN",Pixel 9 Pro,Software subscription
TXN_20260720_00748_d6b8b1,ACC75311120,ACC36297523,26603.33,20.0,False,completed,2026-07-20T23:54:26.562233,"Hyderabad, IN",OnePlus 12,Utility bill
TXN_20260720_02769_7ae11c,ACC39727090,ACC_RING_B,44769.57,8.0,False,completed,2026-07-20T23:37:15.744946,"Hyderabad, IN",Windows 11 (Edge 128),P2P transfer
TXN_20260720_03066_6f27d8,ACC65809811,ACC_RING_A,28862.4,10.0,False,completed,2026-07-20T23:34:35.367450,"Ahmedabad, IN",Pixel 9 Pro,Rent transfer
TXN_20260720_04286_135e90,ACC91181015,ACC61076366,28279.46,11.0,False,completed,2026-07-20T23:27:50.607703,"Bangalore, IN",OnePlus 12,P2P transfer
TXN_20260720_04215_0d963c,ACC57224534,ACC10897161,39661.43,18.0,False,completed,2026-07-20T23:19:46.266757,"Pune, IN",Pixel 9 Pro,Invoice settlement
TXN_20260720_01732_9661fb,ACC43907404,ACC57029336,5018.34,19.0,False,completed,2026-07-20T23:19:32.204165,"Chennai, IN",Samsung Galaxy S24 Ultra,Utility bill
TXN_20260720_01106_664671,ACC1001,ACC97828025,37095.49,9.0,False,completed,2026-07-20T23:08:04.166755,"Mumbai, IN",Windows 11 (Edge 128),Consulting fee
TXN_20260720_04474_3fdb92,ACC82456100,ACC57029336,26103.72,26.0,False,completed,2026-07-20T22:32:21.653379,"Ahmedabad, IN",OnePlus 12,Consulting fee
TXN_20260720_03332_f14177,ACC59760987,ACC1001,34001.58,15.0,False,completed,2026-07-20T22:28:32.273135,"Mumbai, IN",Samsung Galaxy S24 Ultra,Consulting fee
TXN_20260720_04902_7cdf71,ACC43907404,ACC1004,19679.73,22.0,False,completed,2026-07-20T22:15:39.495292,"Ahmedabad, IN",OnePlus 12,P2P transfer
TXN_20260720_02998_b36594,ACC57224534,ACC43467724,7847.04,20.0,False,completed,2026-07-20T22:00:15.269708,"Kolkata, IN",iPhone 16 Pro Max,P2P transfer
TXN_20260720_01850_4143eb,ACC61076366,ACC25189145,36577.21,11.0,False,completed,2026-07-20T21:57:17.269018,"Bangalore, IN",Windows 11 (Edge 128),Rent transfer
TXN_20260720_04985_f966fd,ACC74473089,ACC70103438,452.16,8.0,False,completed,2026-07-20T21:26:59.950169,"Ahmedabad, IN",MacBook Pro (Chrome 128),Software subscription
TXN_20260720_01033_b62f4e,ACC43249524,ACC57029336,9903.98,22.0,False,completed,2026-07-20T21:17:41.118270,"Hyderabad, IN",OnePlus 12,Consulting fee
TXN_20260720_02086_80faf8,ACC11706152,ACC40593754,24922.65,22.0,False,completed,2026-07-20T21:13:11.748301,"Delhi, IN",MacBook Pro (Chrome 128),Software subscription
TXN_20260720_03618_161c28,ACC1004,ACC36297523,1320.9,15.0,False,completed,2026-07-20T21:00:56.688472,"Ahmedabad, IN",Samsung Galaxy S24 Ultra,P2P transfer
TXN_20260720_04925_32a5b3,ACC91181015,ACC66777666,38249.3,24.0,False,completed,2026-07-20T20:49:24.877921,"Delhi, IN",MacBook Pro (Chrome 128),Vendor payment
TXN_20260720_02060_8fe4f7,ACC1002,ACC_RING_A,3823.17,23.0,False,completed,2026-07-20T20:46:43.220672,"Pune, IN",Pixel 9 Pro,Online payment
TXN_20260720_01934_63f0f5,ACC20858654,ACC64246741,37104.46,25.0,False,completed,2026-07-20T20:39:25.948527,"Jaipur, IN",MacBook Pro (Chrome 128),Invoice settlement
TXN_20260720_02350_69ffd3,ACC_RING_B,ACC15211290,15891.79,12.0,False,completed,2026-07-20T20:17:53.089146,"Delhi, IN",iPhone 16 Pro Max,P2P transfer
TXN_20260720_00052_aba622,ACC_RING_A,ACC50081547,10197.28,8.0,False,completed,2026-07-20T20:07:58.782044,"Mumbai, IN",OnePlus 12,Software subscription
TXN_20260720_03191_830016,ACC43249524,ACC40593754,25556.67,7.0,False,completed,2026-07-20T19:53:37.322581,"Delhi, IN",iPad Pro (Safari),Invoice settlement
TXN_20260720_04315_628025,ACC_RING_B,ACC15211290,40297.65,13.0,False,completed,2026-07-20T19:37:02.453412,"Ahmedabad, IN",OnePlus 12,Urgent remittance
TXN_20260720_04563_45a159,ACC16314613,ACC1003,35795.88,11.0,False,completed,2026-07-20T19:26:56.105182,"Chennai, IN",MacBook Pro (Chrome 128),Grocery purchase
TXN_20260720_02301_66cbd8,ACC_RING_B,ACC20858654,15965.24,19.0,False,completed,2026-07-20T19:09:30.453184,"Kolkata, IN",Samsung Galaxy S24 Ultra,Urgent remittance
TXN_20260720_01585_36d6c2,ACC65809811,ACC1002,40702.33,21.0,False,completed,2026-07-20T19:09:14.438533,"Mumbai, IN",Pixel 9 Pro,Online payment
TXN_20260720_00649_f81aea,ACC_RING_A,ACC11706152,4779.18,6.0,False,completed,2026-07-20T19:00:50.934811,"Kolkata, IN",MacBook Pro (Chrome 128),Urgent remittance
TXN_20260720_03615_228f6e,ACC_RING_B,ACC70103438,40483.26,13.0,False,completed,2026-07-20T19:00:34.102230,"Chennai, IN",MacBook Pro (Chrome 128),Grocery purchase
TXN_20260720_03219_e4058b,ACC15211290,ACC64246741,29175.15,12.0,False,completed,2026-07-20T18:56:12.226356,"Jaipur, IN",Pixel 9 Pro,Utility bill
TXN_20260720_04151_576e31,ACC86445636,ACC40593754,44099.43,19.0,False,completed,2026-07-20T18:43:33.906554,"Pune, IN",Windows 11 (Edge 128),Invoice settlement
TXN_20260720_01371_d6f206,ACC65809811,ACC1003,21156.09,18.0,False,completed,2026-07-20T18:39:44.680833,"Kolkata, IN",OnePlus 12,Utility bill
TXN_20260720_02705_a03b2b,ACC_RING_B,ACC86445636,17557.34,20.0,False,completed,2026-07-20T18:39:20.765632,"Jaipur, IN",MacBook Pro (Chrome 128),Invoice settlement
TXN_20260720_04078_c1f5d7,ACC91181015,ACC75385116,41803.02,6.0,False,completed,2026-07-20T18:32:22.976744,"Hyderabad, IN",Pixel 9 Pro,Vendor payment
TXN_20260720_01942_ce9e42,ACC65809811,ACC20858654,4557.03,24.0,False,completed,2026-07-20T18:20:36.347098,"Chennai, IN",Samsung Galaxy S24 Ultra,Online payment
TXN_20260720_02516_1eee0a,ACC72717142,ACC10897161,9083.94,27.0,False,completed,2026-07-20T18:09:32.208170,"Pune, IN",Pixel 9 Pro,Software subscription
TXN_20260720_03880_778760,ACC59760987,ACC50081547,215611.0,79.0,True,completed,2026-07-20T18:08:59.294638,"Ahmedabad, IN",Pixel 9 Pro,Urgent remittance
TXN_20260720_05127_4b9fd8,ACC61076366,ACC_RING_B,36008.33,6.0,False,completed,2026-07-20T18:08:48.298248,"Chennai, IN",Samsung Galaxy S24 Ultra,Invoice settlement
TXN_20260720_02053_1efa2f,ACC_RING_A,ACC66777666,7599.01,27.0,False,completed,2026-07-20T18:04:59.055620,"Kolkata, IN",Samsung Galaxy S24 Ultra,Urgent remittance
TXN_20260720_04541_36835d,ACC_RING_B,ACC75385116,37405.08,28.0,False,completed,2026-07-20T17:57:53.512229,"Chennai, IN",Windows 11 (Edge 128),Vendor payment
TXN_20260720_02576_14aa69,ACC43467724,ACC91181015,453.06,8.0,False,completed,2026-07-20T17:46:10.056234,"Hyderabad, IN",OnePlus 12,Urgent remittance
TXN_20260720_04629_aa6736,ACC97828025,ACC75311120,21095.65,8.0,False,completed,2026-07-20T17:35:36.265985,"Jaipur, IN",iPhone 16 Pro Max,Software subscription
TXN_20260720_02482_627bef,ACC43249524,ACC75311120,41762.17,15.0,False,completed,2026-07-20T17:31:17.835796,"Jaipur, IN",OnePlus 12,Grocery purchase
TXN_20260720_05189_502d27,ACC_RING_B,ACC1003,41797.01,24.0,False,completed,2026-07-20T17:27:29.410663,"Delhi, IN",MacBook Pro (Chrome 128),Vendor payment
TXN_20260720_02045_dd63d5,ACC66777666,ACC43907404,35968.66,7.0,False,completed,2026-07-20T17:10:14.136144,"Mumbai, IN",iPhone 16 Pro Max,Urgent remittance
TXN_20260720_00958_f87c06,ACC36297523,ACC15373430,21097.06,5.0,False,completed,2026-07-20T17:09:26.407087,"Mumbai, IN",Windows 11 (Edge 128),Consulting fee
TXN_20260720_03140_4cc719,ACC50081547,ACC97828025,2368.92,26.0,False,completed,2026-07-20T16:58:13.240266,"Pune, IN",MacBook Pro (Chrome 128),Urgent remittance
TXN_20260720_00979_44b208,ACC39727090,ACC66777666,34930.99,23.0,False,completed,2026-07-20T16:56:58.763789,"Ahmedabad, IN",Windows 11 (Edge 128),Software subscription
TXN_20260720_03527_8d87e9,ACC_RING_B,ACC11706152,36978.95,26.0,False,completed,2026-07-20T16:46:17.465622,"Chennai, IN",iPad Pro (Safari),Invoice settlement
TXN_20260720_01326_6e277c,ACC15373430,ACC_RING_B,8055.81,11.0,False,completed,2026-07-20T16:36:48.242353,"Jaipur, IN",Pixel 9 Pro,Utility bill
TXN_20260720_03359_66c2f9,ACC74473089,ACC_RING_B,18085.48,25.0,False,completed,2026-07-20T16:19:21.367608,"Jaipur, IN",iPhone 16 Pro Max,P2P transfer
TXN_20260720_05178_74932a,ACC16314613,ACC39727090,14993.83,15.0,False,completed,2026-07-20T15:56:57.067883,"Jaipur, IN",Samsung Galaxy S24 Ultra,Rent transfer
TXN_20260720_00178_3ebd0d,ACC74473089,ACC_RING_C,17637.67,21.0,False,completed,2026-07-20T15:24:48.418763,"Ahmedabad, IN",iPad Pro (Safari),Software subscription
TXN_20260720_00545_5b2be4,ACC82456100,ACC72717142,30483.1,19.0,False,completed,2026-07-20T15:24:37.157415,"Pune, IN",iPhone 16 Pro Max,Consulting fee
TXN_20260720_00807_70c44a,ACC15211290,ACC40593754,41009.1,8.0,False,completed,2026-07-20T15:19:02.395720,"Ahmedabad, IN",OnePlus 12,Software subscription
TXN_20260720_01487_e1e1e2,ACC75385116,ACC86445636,44754.3,24.0,False,completed,2026-07-20T15:13:40.309843,"Jaipur, IN",MacBook Pro (Chrome 128),P2P transfer
TXN_20260720_04526_6d50e4,ACC72717142,ACC75385116,44666.15,18.0,False,completed,2026-07-20T14:51:47.949160,"Ahmedabad, IN",Windows 11 (Edge 128),Urgent remittance
TXN_20260720_00878_4b62d3,ACC50081547,ACC39727090,36078.82,24.0,False,completed,2026-07-20T14:43:34.303872,"Chennai, IN",Windows 11 (Edge 128),Software subscription
TXN_20260720_04555_393d99,ACC1004,ACC74473089,35940.39,13.0,False,completed,2026-07-20T14:33:35.610830,"Mumbai, IN",iPad Pro (Safari),Grocery purchase
TXN_20260720_03476_1011c9,ACC74473089,ACC86445636,25710.27,28.0,False,completed,2026-07-20T14:18:00.991177,"Hyderabad, IN",MacBook Pro (Chrome 128),Invoice settlement
TXN_20260720_02659_c15061,ACC1003,ACC43249524,41185.76,16.0,False,completed,2026-07-20T14:16:21.395316,"Kolkata, IN",Windows 11 (Edge 128),Rent transfer
TXN_20260720_02527_9811d0,ACC_RING_A,ACC74473089,20421.44,11.0,False,completed,2026-07-20T14:13:59.612390,"Delhi, IN",Pixel 9 Pro,Online payment
TXN_20260720_01092_6d1165,ACC92107699,ACC43249524,43394.37,16.0,False,completed,2026-07-20T14:01:24.824873,"Pune, IN",Windows 11 (Edge 128),P2P transfer
TXN_20260720_01500_ac533c,ACC11706152,ACC50081547,23273.83,12.0,False,completed,2026-07-20T13:58:49.870535,"Hyderabad, IN",MacBook Pro (Chrome 128),Vendor payment
TXN_20260720_02534_e6fb38,ACC_RING_B,ACC65809811,12106.81,9.0,False,completed,2026-07-20T13:51:43.260523,"Kolkata, IN",OnePlus 12,Online payment
TXN_20260720_04219_7f9868,ACC10897161,ACC15211290,42446.46,6.0,False,completed,2026-07-20T13:48:07.082455,"Chennai, IN",iPad Pro (Safari),Vendor payment
TXN_20260720_04529_ab6cc8,ACC1001,ACC64246741,41349.58,20.0,False,completed,2026-07-20T13:34:47.075788,"Hyderabad, IN",Pixel 9 Pro,Utility bill
TXN_20260720_05046_bb4e8e,ACC64246741,ACC86445636,32046.64,18.0,False,completed,2026-07-20T13:28:29.333720,"Bangalore, IN",Windows 11 (Edge 128),Grocery purchase
TXN_20260720_04721_a48e5c,ACC61076366,ACC91181015,2848.52,21.0,False,completed,2026-07-20T13:21:52.552560,"Mumbai, IN",OnePlus 12,Online payment
TXN_20260720_00244_00b5f5,ACC43467724,ACC10897161,18433.43,12.0,False,completed,2026-07-20T12:44:51.052761,"Bangalore, IN",Pixel 9 Pro,Consulting fee
TXN_20260720_00935_db7e38,ACC92107699,ACC_RING_A,4858.58,23.0,False,completed,2026-07-20T12:44:29.403208,"Chennai, IN",Samsung Galaxy S24 Ultra,Online payment
TXN_20260720_01774_6c18c6,ACC1001,ACC75311120,37485.36,5.0,False,completed,2026-07-20T12:36:57.367472,"Jaipur, IN",Pixel 9 Pro,Utility bill
TXN_20260720_01004_f869af,ACC91181015,ACC43907404,35678.37,14.0,False,completed,2026-07-20T12:25:31.843122,"Chennai, IN",Samsung Galaxy S24 Ultra,Rent transfer
TXN_20260720_01727_6dca8d,ACC15211290,ACC1004,9082.28,12.0,False,completed,2026-07-20T11:38:21.408437,"Kolkata, IN",Windows 11 (Edge 128),Invoice settlement
TXN_20260720_03185_6f8f41,ACC15373430,ACC92107699,35558.17,26.0,False,completed,2026-07-20T11:33:46.018985,"Chennai, IN",iPad Pro (Safari),Utility bill
TXN_20260720_01480_8a1076,ACC1001,ACC43249524,155896.0,98.0,True,completed,2026-07-20T11:09:16.209454,"Kolkata, IN",iPhone 16 Pro Max,Vendor payment
TXN_20260720_03763_ceed63,ACC75311120,ACC43907404,17915.74,12.0,False,completed,2026-07-20T11:03:43.689486,"Bangalore, IN",Windows 11 (Edge 128),Rent transfer
TXN_20260720_04240_11fd41,ACC91181015,ACC25189145,230008.0,66.0,True,completed,2026-07-20T10:58:38.050340,"Jaipur, IN",Samsung Galaxy S24 Ultra,Vendor payment
TXN_20260720_01354_40cc82,ACC10897161,ACC82456100,27825.23,26.0,False,completed,2026-07-20T10:49:28.336742,"Delhi, IN",MacBook Pro (Chrome 128),Urgent remittance
TXN_20260720_01603_fd2757,ACC92107699,ACC43249524,41843.41,13.0,False,completed,2026-07-20T10:48:54.172483,"Mumbai, IN",Samsung Galaxy S24 Ultra,Software subscription
TXN_20260720_03835_631685,ACC61076366,ACC1003,32069.51,9.0,False,completed,2026-07-20T10:38:24.671236,"Pune, IN",Pixel 9 Pro,Invoice settlement
TXN_20260720_03484_a1a263,ACC59760987,ACC57029336,15337.36,25.0,False,completed,2026-07-20T10:21:55.686444,"Mumbai, IN",Samsung Galaxy S24 Ultra,Utility bill
TXN_20260720_04173_bf7ae5,ACC16314613,ACC_RING_A,16262.1,15.0,False,completed,2026-07-20T09:52:30.721699,"Bangalore, IN",iPhone 16 Pro Max,P2P transfer
TXN_20260720_04306_9d7b16,ACC39727090,ACC82456100,35854.08,13.0,False,completed,2026-07-20T09:45:43.685062,"Bangalore, IN",MacBook Pro (Chrome 128),Rent transfer
TXN_20260720_04794_e19b39,ACC61076366,ACC92107699,16049.45,21.0,False,completed,2026-07-20T09:37:42.215493,"Chennai, IN",Pixel 9 Pro,Urgent remittance
TXN_20260720_00999_de4d4e,ACC1004,ACC75311120,37250.99,19.0,False,completed,2026-07-20T09:32:47.596108,"Jaipur, IN",Samsung Galaxy S24 Ultra,Software subscription
TXN_20260720_02362_8b79c1,ACC_RING_A,ACC59760987,42875.46,18.0,False,completed,2026-07-20T09:29:42.589681,"Kolkata, IN",OnePlus 12,Urgent remittance
TXN_20260720_01044_a9b492,ACC59760987,ACC1004,26512.04,17.0,False,completed,2026-07-20T09:24:01.713960,"Mumbai, IN",Samsung Galaxy S24 Ultra,Rent transfer
TXN_20260720_02055_b6c77a,ACC43467724,ACC92107699,18986.11,28.0,False,completed,2026-07-20T09:19:20.167382,"Delhi, IN",Pixel 9 Pro,Grocery purchase
TXN_20260720_02156_7bc5e0,ACC86445636,ACC59760987,19293.31,22.0,False,completed,2026-07-20T09:02:19.527408,"Jaipur, IN",Windows 11 (Edge 128),Consulting fee
TXN_20260720_03587_49129d,ACC43467724,ACC43249524,24587.15,20.0,False,completed,2026-07-20T09:00:53.671194,"Mumbai, IN",Windows 11 (Edge 128),Online payment
TXN_20260720_02695_3572e0,ACC59760987,ACC1001,41601.44,10.0,False,completed,2026-07-20T08:29:08.426652,"Bangalore, IN",MacBook Pro (Chrome 128),P2P transfer
TXN_20260720_00838_592600,ACC70103438,ACC97828025,2834.97,25.0,False,completed,2026-07-20T08:21:39.787121,"Mumbai, IN",iPhone 16 Pro Max,Grocery purchase
TXN_20260720_00319_4763d0,ACC50081547,ACC61076366,39284.53,7.0,False,completed,2026-07-20T08:15:08.644494,"Delhi, IN",Samsung Galaxy S24 Ultra,Utility bill
TXN_20260720_04390_26df9f,ACC36297523,ACC50081547,13579.01,18.0,False,completed,2026-07-20T08:13:38.152671,"Jaipur, IN",iPad Pro (Safari),Utility bill
TXN_20260720_02994_85bedd,ACC1002,ACC25189145,42537.64,9.0,False,completed,2026-07-20T07:56:14.528920,"Kolkata, IN",iPad Pro (Safari),P2P transfer
TXN_20260720_01497_9bf6b2,ACC70103438,ACC72717142,39160.7,6.0,False,completed,2026-07-20T07:52:06.461521,"Chennai, IN",iPhone 16 Pro Max,P2P transfer
TXN_20260720_03968_a97ece,ACC91181015,ACC10897161,25256.19,5.0,False,completed,2026-07-20T07:38:30.331169,"Bangalore, IN",Samsung Galaxy S24 Ultra,Software subscription
TXN_20260720_03426_b0f42e,ACC43907404,ACC97828025,20118.8,14.0,False,completed,2026-07-20T07:33:04.551527,"Pune, IN",MacBook Pro (Chrome 128),Rent transfer
TXN_20260720_00627_7d5691,ACC15211290,ACC39727090,15109.98,21.0,False,completed,2026-07-20T07:21:43.656307,"Bangalore, IN",OnePlus 12,P2P transfer
TXN_20260720_01108_5988e2,ACC1003,ACC36297523,11255.81,21.0,False,completed,2026-07-20T07:18:08.551444,"Hyderabad, IN",Pixel 9 Pro,Consulting fee
TXN_20260720_02730_fc783e,ACC_RING_C,ACC1001,11778.81,14.0,False,completed,2026-07-20T07:12:58.891527,"Mumbai, IN",MacBook Pro (Chrome 128),Grocery purchase
TXN_20260720_00587_21dfdc,ACC57029336,ACC91181015,13661.12,7.0,False,completed,2026-07-20T07:10:29.694459,"Pune, IN",iPad Pro (Safari),Vendor payment
TXN_20260720_05175_95d6e4,ACC43249524,ACC10897161,37949.85,5.0,False,completed,2026-07-20T06:59:23.617350,"Kolkata, IN",iPhone 16 Pro Max,Invoice settlement
TXN_20260720_05086_467beb,ACC11706152,ACC57029336,816.81,27.0,False,completed,2026-07-20T06:40:22.603477,"Mumbai, IN",OnePlus 12,Urgent remittance
TXN_20260720_00130_6deb7d,ACC57224534,ACC50081547,28647.14,5.0,False,completed,2026-07-20T06:12:29.978869,"Chennai, IN",MacBook Pro (Chrome 128),Vendor payment
TXN_20260720_03748_b2d24f,ACC43249524,ACC70103438,39735.97,22.0,False,completed,2026-07-20T06:08:59.355504,"Hyderabad, IN",iPhone 16 Pro Max,Rent transfer
TXN_20260720_04923_e04738,ACC1004,ACC11706152,35950.25,5.0,False,completed,2026-07-20T06:02:59.016248,"Delhi, IN",iPad Pro (Safari),Utility bill
TXN_20260720_02323_f3bc7c,ACC66777666,ACC92107699,634.19,27.0,False,completed,2026-07-20T06:02:32.075422,"Mumbai, IN",Pixel 9 Pro,Urgent remittance
TXN_20260720_02076_facac7,ACC66777666,ACC92107699,37813.91,6.0,False,completed,2026-07-20T05:46:57.210961,"Pune, IN",iPad Pro (Safari),Vendor payment
TXN_20260720_04873_964d07,ACC_RING_C,ACC10897161,14610.51,16.0,False,completed,2026-07-20T05:46:17.581825,"Jaipur, IN",OnePlus 12,Vendor payment
TXN_20260720_01918_01b6c9,ACC74473089,ACC59760987,8339.23,12.0,False,completed,2026-07-20T05:44:04.329659,"Bangalore, IN",iPhone 16 Pro Max,Online payment
TXN_20260720_03714_d371b8,ACC91181015,ACC1004,31781.5,6.0,False,completed,2026-07-20T05:35:25.893349,"Mumbai, IN",MacBook Pro (Chrome 128),Vendor payment
TXN_20260720_00853_32e09c,ACC25189145,ACC1002,15807.91,20.0,False,completed,2026-07-20T05:14:44.425174,"Jaipur, IN",MacBook Pro (Chrome 128),Invoice settlement
TXN_20260720_01450_9c955f,ACC91181015,ACC65809811,39843.22,21.0,False,completed,2026-07-20T05:13:06.367170,"Pune, IN",MacBook Pro (Chrome 128),P2P transfer
TXN_20260720_00270_9558c4,ACC15373430,ACC11706152,44983.82,19.0,False,completed,2026-07-20T05:13:00.415403,"Pune, IN",MacBook Pro (Chrome 128),Consulting fee
TXN_20260720_04317_553c08,ACC43249524,ACC66777666,10286.29,8.0,False,completed,2026-07-20T05:08:55.571270,"Chennai, IN",Windows 11 (Edge 128),Rent transfer
TXN_20260720_03182_30902c,ACC66777666,ACC11706152,44831.44,24.0,False,completed,2026-07-20T05:04:37.293936,"Kolkata, IN",OnePlus 12,P2P transfer
TXN_20260720_00060_1998ec,ACC61076366,ACC72717142,23855.92,6.0,False,completed,2026-07-20T04:56:08.651261,"Chennai, IN",MacBook Pro (Chrome 128),Vendor payment
TXN_20260720_02258_49c6d0,ACC25189145,ACC65809811,2427.84,16.0,False,completed,2026-07-20T04:32:11.077382,"Kolkata, IN",Samsung Galaxy S24 Ultra,P2P transfer
TXN_20260720_00626_140466,ACC15373430,ACC86445636,10876.93,17.0,False,completed,2026-07-20T04:26:37.786124,"Mumbai, IN",Pixel 9 Pro,Utility bill
TXN_20260720_00718_f43e61,ACC59760987,ACC86445636,269.87,6.0,False,completed,2026-07-20T04:21:54.309271,"Hyderabad, IN",Samsung Galaxy S24 Ultra,P2P transfer
TXN_20260720_02876_cf28b6,ACC11706152,ACC75385116,33697.88,18.0,False,completed,2026-07-20T04:04:40.542530,"Delhi, IN",Windows 11 (Edge 128),Rent transfer
TXN_20260720_01625_f8203c,ACC43467724,ACC64246741,19159.17,10.0,False,completed,2026-07-20T04:03:24.163025,"Ahmedabad, IN",iPad Pro (Safari),Utility bill
TXN_20260720_03569_c68970,ACC15211290,ACC36297523,22421.31,26.0,False,completed,2026-07-20T03:45:10.710967,"Chennai, IN",OnePlus 12,P2P transfer
TXN_20260720_03552_59a80b,ACC10897161,ACC57224534,24942.44,18.0,False,completed,2026-07-20T03:44:35.763455,"Chennai, IN",iPad Pro (Safari),Grocery purchase
TXN_20260720_02706_91fa52,ACC43907404,ACC65809811,8712.63,24.0,False,completed,2026-07-20T03:42:48.378887,"Jaipur, IN",iPad Pro (Safari),Rent transfer
TXN_20260720_03487_39c5c6,ACC43907404,ACC_RING_A,43117.56,9.0,False,completed,2026-07-20T03:38:03.255697,"Mumbai, IN",OnePlus 12,Vendor payment
TXN_20260720_03236_fae81d,ACC82456100,ACC1004,18333.61,28.0,False,completed,2026-07-20T03:30:27.867140,"Jaipur, IN",iPhone 16 Pro Max,Online payment
TXN_20260720_03199_f82e15,ACC92107699,ACC39727090,17858.41,16.0,False,completed,2026-07-20T03:27:50.039604,"Jaipur, IN",Samsung Galaxy S24 Ultra,Online payment
TXN_20260720_03251_87a65c,ACC92107699,ACC1001,28980.88,26.0,False,completed,2026-07-20T03:24:04.869271,"Pune, IN",OnePlus 12,Online payment
TXN_20260720_03810_4d7c3b,ACC1001,ACC39727090,38672.62,23.0,False,completed,2026-07-20T03:14:37.087165,"Ahmedabad, IN",OnePlus 12,Consulting fee
TXN_20260720_04561_998315,ACC1003,ACC75311120,29045.22,7.0,False,completed,2026-07-20T03:11:30.293089,"Pune, IN",MacBook Pro (Chrome 128),Rent transfer
TXN_20260720_02633_a8e762,ACC10897161,ACC43249524,3530.01,28.0,False,completed,2026-07-20T03:04:41.977998,"Hyderabad, IN",Windows 11 (Edge 128),Rent transfer
TXN_20260720_00314_d12e04,ACC74473089,ACC65809811,13728.9,6.0,False,completed,2026-07-20T02:38:30.741798,"Bangalore, IN",Pixel 9 Pro,P2P transfer
TXN_20260720_00265_83128c,ACC1003,ACC40593754,9393.91,25.0,False,completed,2026-07-20T02:26:59.900230,"Ahmedabad, IN",Windows 11 (Edge 128),Utility bill
TXN_20260720_02305_920462,ACC15211290,ACC25189145,10303.4,28.0,False,completed,2026-07-20T02:06:00.943826,"Mumbai, IN",iPhone 16 Pro Max,Online payment
TXN_20260720_00091_4187f3,ACC82456100,ACC25189145,42759.2,28.0,False,completed,2026-07-20T02:01:13.961457,"Chennai, IN",OnePlus 12,Software subscription
TXN_20260720_02565_4cc9d6,ACC66777666,ACC43907404,1841.72,7.0,False,completed,2026-07-20T01:43:58.642892,"Mumbai, IN",iPhone 16 Pro Max,P2P transfer
TXN_20260720_02794_d22491,ACC_RING_C,ACC43467724,40257.49,17.0,False,completed,2026-07-20T01:41:21.168049,"Pune, IN",Pixel 9 Pro,Urgent remittance
TXN_20260720_01350_c5e15d,ACC_RING_B,ACC11706152,27565.94,23.0,False,completed,2026-07-20T01:07:30.818179,"Chennai, IN",Samsung Galaxy S24 Ultra,Urgent remittance
TXN_20260720_02401_2264a5,ACC66777666,ACC70103438,42231.84,15.0,False,completed,2026-07-20T00:44:31.493417,"Chennai, IN",OnePlus 12,Utility bill
TXN_20260720_01757_12201c,ACC57029336,ACC25189145,41897.18,12.0,False,completed,2026-07-20T00:37:52.343165,"Jaipur, IN",iPad Pro (Safari),Urgent remittance
TXN_20260720_03599_c42c8c,ACC92107699,ACC1003,24166.46,13.0,False,completed,2026-07-20T00:28:03.433241,"Pune, IN",Samsung Galaxy S24 Ultra,Urgent remittance
TXN_20260720_04402_cf571a,ACC_RING_C,ACC43467724,3794.36,18.0,False,completed,2026-07-20T00:26:10.414165,"Jaipur, IN",iPhone 16 Pro Max,Utility bill
TXN_20260720_04609_fa8a0e,ACC75385116,ACC36297523,22453.02,13.0,False,completed,2026-07-20T00:11:30.891060,"Hyderabad, IN",Windows 11 (Edge 128),Consulting fee
TXN_20260720_01352_5097d1,ACC59760987,ACC1004,25787.64,8.0,False,completed,2026-07-20T00:10:46.355949,"Bangalore, IN",Windows 11 (Edge 128),Software subscription
TXN_20260719_03408_3f3070,ACC75311120,ACC25189145,42971.74,6.0,False,completed,2026-07-19T23:59:24.571946,"Delhi, IN",OnePlus 12,Utility bill
TXN_20260719_00949_000955,ACC25189145,ACC64246741,6407.02,6.0,False,completed,2026-07-19T23:51:44.206988,"Chennai, IN",Samsung Galaxy S24 Ultra,Consulting fee
TXN_20260719_02503_a24717,ACC_RING_A,ACC91181015,5779.07,28.0,False,completed,2026-07-19T23:49:27.983669,"Chennai, IN",OnePlus 12,Vendor payment
TXN_20260719_02936_aaa4b6,ACC43467724,ACC36297523,32805.02,17.0,False,completed,2026-07-19T23:41:54.402363,"Chennai, IN",Samsung Galaxy S24 Ultra,Rent transfer
TXN_20260719_02831_474116,ACC36297523,ACC_RING_A,42274.3,19.0,False,completed,2026-07-19T23:29:19.558012,"Delhi, IN",OnePlus 12,Vendor payment
TXN_20260719_00245_dc59b2,ACC72717142,ACC15211290,22134.1,9.0,False,completed,2026-07-19T23:22:13.395906,"Jaipur, IN",Windows 11 (Edge 128),Grocery purchase
TXN_20260719_04243_5c84ce,ACC59760987,ACC43467724,27177.09,23.0,False,completed,2026-07-19T23:18:16.772009,"Pune, IN",Pixel 9 Pro,Rent transfer
TXN_20260719_02496_90af36,ACC86445636,ACC64246741,28431.4,6.0,False,completed,2026-07-19T23:16:57.646618,"Ahmedabad, IN",Windows 11 (Edge 128),Rent transfer
TXN_20260719_01151_d63fc7,ACC20858654,ACC75385116,41047.44,5.0,False,completed,2026-07-19T23:12:54.435254,"Mumbai, IN",Samsung Galaxy S24 Ultra,Utility bill
TXN_20260719_02230_470cd2,ACC50081547,ACC10897161,31385.84,14.0,False,completed,2026-07-19T23:00:52.230795,"Ahmedabad, IN",Samsung Galaxy S24 Ultra,Utility bill
TXN_20260719_02316_3059ba,ACC82456100,ACC65809811,25032.49,28.0,False,completed,2026-07-19T22:25:10.967827,"Mumbai, IN",Windows 11 (Edge 128),Invoice settlement
TXN_20260719_03907_c3600f,ACC91181015,ACC86445636,34000.79,14.0,False,completed,2026-07-19T22:24:01.510510,"Hyderabad, IN",Windows 11 (Edge 128),Grocery purchase
TXN_20260719_02383_be60b4,ACC15373430,ACC15211290,42220.76,28.0,False,completed,2026-07-19T21:57:00.517013,"Kolkata, IN",iPhone 16 Pro Max,Grocery purchase
TXN_20260719_01427_1befcd,ACC_RING_C,ACC86445636,2846.52,7.0,False,completed,2026-07-19T21:55:16.208461,"Pune, IN",Pixel 9 Pro,Rent transfer
TXN_20260719_03499_d083c8,ACC36297523,ACC86445636,8920.36,18.0,False,completed,2026-07-19T21:48:34.681559,"Mumbai, IN",iPhone 16 Pro Max,Urgent remittance
TXN_20260719_02651_3d76dc,ACC_RING_B,ACC15373430,32735.59,7.0,False,completed,2026-07-19T21:44:19.721245,"Delhi, IN",MacBook Pro (Chrome 128),P2P transfer
TXN_20260719_04164_dec984,ACC15211290,ACC97828025,27441.6,21.0,False,completed,2026-07-19T21:16:18.536926,"Pune, IN",Pixel 9 Pro,Invoice settlement
TXN_20260719_02039_c39b01,ACC43467724,ACC_RING_C,5241.84,17.0,False,completed,2026-07-19T21:13:05.929830,"Ahmedabad, IN",iPad Pro (Safari),Grocery purchase
TXN_20260719_03334_d999a4,ACC61076366,ACC66777666,19151.35,16.0,False,completed,2026-07-19T21:04:48.143400,"Pune, IN",MacBook Pro (Chrome 128),Invoice settlement
TXN_20260719_03089_58ee0b,ACC1001,ACC15373430,40732.98,16.0,False,completed,2026-07-19T20:55:49.058421,"Chennai, IN",iPhone 16 Pro Max,Urgent remittance
TXN_20260719_03254_a88ff8,ACC40593754,ACC36297523,1503.6,9.0,False,completed,2026-07-19T20:53:55.961146,"Kolkata, IN",iPhone 16 Pro Max,Urgent remittance
TXN_20260719_04441_6a4b8e,ACC75385116,ACC97828025,3155.14,23.0,False,completed,2026-07-19T20:48:09.030863,"Mumbai, IN",Samsung Galaxy S24 Ultra,Software subscription
TXN_20260719_03680_13ed10,ACC66777666,ACC75385116,187711.0,72.0,True,completed,2026-07-19T20:43:02.959196,"Kolkata, IN",Pixel 9 Pro,Invoice settlement
TXN_20260719_03681_504a5c,ACC1002,ACC75311120,14864.62,15.0,False,completed,2026-07-19T20:42:52.333567,"Pune, IN",Windows 11 (Edge 128),P2P transfer
TXN_20260719_04265_426da8,ACC_RING_B,ACC15211290,34276.01,10.0,False,completed,2026-07-19T20:24:27.051774,"Pune, IN",iPhone 16 Pro Max,Urgent remittance
TXN_20260719_02355_d605a5,ACC75311120,ACC43907404,22573.37,6.0,False,completed,2026-07-19T19:50:07.825318,"Mumbai, IN",Windows 11 (Edge 128),Consulting fee
TXN_20260719_02479_6114aa,ACC66777666,ACC1001,771.53,22.0,False,completed,2026-07-19T19:41:19.773501,"Jaipur, IN",iPhone 16 Pro Max,Grocery purchase
TXN_20260719_04124_951359,ACC66777666,ACC36297523,24323.5,5.0,False,completed,2026-07-19T19:25:02.346846,"Kolkata, IN",iPad Pro (Safari),Utility bill
TXN_20260719_03150_beab84,ACC92107699,ACC_RING_C,15325.66,19.0,False,completed,2026-07-19T19:17:40.503714,"Delhi, IN",MacBook Pro (Chrome 128),Consulting fee
TXN_20260719_04571_4b07be,ACC25189145,ACC1001,3321.86,6.0,False,completed,2026-07-19T19:13:31.721006,"Ahmedabad, IN",MacBook Pro (Chrome 128),Grocery purchase
TXN_20260719_02679_62da77,ACC1004,ACC65809811,9692.27,24.0,False,completed,2026-07-19T19:08:44.321581,"Hyderabad, IN",OnePlus 12,Rent transfer
TXN_20260719_00497_9fe32f,ACC86445636,ACC11706152,21124.18,28.0,False,completed,2026-07-19T19:07:42.172330,"Chennai, IN",Samsung Galaxy S24 Ultra,Software subscription
TXN_20260719_02127_2be333,ACC43907404,ACC64246741,39724.88,8.0,False,completed,2026-07-19T18:41:08.876663,"Chennai, IN",Samsung Galaxy S24 Ultra,Online payment
TXN_20260719_04068_f969e7,ACC25189145,ACC59760987,33300.11,12.0,False,completed,2026-07-19T18:37:55.598909,"Hyderabad, IN",Samsung Galaxy S24 Ultra,Software subscription
TXN_20260719_01499_09a76c,ACC57224534,ACC36297523,21248.5,11.0,False,completed,2026-07-19T18:25:29.746382,"Delhi, IN",iPhone 16 Pro Max,Vendor payment
TXN_20260719_04804_a6e881,ACC1002,ACC65809811,27939.9,25.0,False,completed,2026-07-19T18:23:55.828032,"Bangalore, IN",iPhone 16 Pro Max,Online payment
TXN_20260719_00099_64bae0,ACC39727090,ACC86445636,27098.84,27.0,False,completed,2026-07-19T18:23:05.740838,"Pune, IN",Windows 11 (Edge 128),P2P transfer
TXN_20260719_00737_384c7b,ACC_RING_A,ACC43249524,12305.02,6.0,False,completed,2026-07-19T17:41:19.972003,"Mumbai, IN",Windows 11 (Edge 128),Vendor payment
TXN_20260719_01287_19483c,ACC20858654,ACC64246741,5827.64,26.0,False,completed,2026-07-19T17:32:43.458126,"Hyderabad, IN",Windows 11 (Edge 128),Rent transfer
TXN_20260719_02139_deaee3,ACC40593754,ACC86445636,36995.23,15.0,False,completed,2026-07-19T17:31:50.194039,"Delhi, IN",Windows 11 (Edge 128),Utility bill
TXN_20260719_01880_d85353,ACC16314613,ACC91181015,176911.0,88.0,True,completed,2026-07-19T17:30:51.436009,"Kolkata, IN",iPhone 16 Pro Max,Utility bill
TXN_20260719_04665_220fa8,ACC75385116,ACC74473089,34189.11,23.0,False,completed,2026-07-19T17:30:12.440583,"Kolkata, IN",Pixel 9 Pro,P2P transfer
TXN_20260719_01993_8ddc66,ACC64246741,ACC1003,25549.81,7.0,False,completed,2026-07-19T17:22:35.972214,"Delhi, IN",Pixel 9 Pro,Online payment
TXN_20260719_00939_be6146,ACC72717142,ACC50081547,36313.24,27.0,False,completed,2026-07-19T17:17:21.952937,"Mumbai, IN",Pixel 9 Pro,P2P transfer
TXN_20260719_02735_14e26a,ACC74473089,ACC10897161,22020.31,18.0,False,completed,2026-07-19T17:14:03.658049,"Jaipur, IN",Windows 11 (Edge 128),Grocery purchase
TXN_20260719_02953_54f982,ACC43907404,ACC59760987,4414.46,11.0,False,completed,2026-07-19T17:08:06.903364,"Hyderabad, IN",MacBook Pro (Chrome 128),Vendor payment
TXN_20260719_01005_eb0bd2,ACC36297523,ACC72717142,10294.32,22.0,False,completed,2026-07-19T17:01:05.023725,"Bangalore, IN",iPhone 16 Pro Max,Urgent remittance
TXN_20260719_02493_56bf8d,ACC92107699,ACC82456100,34345.4,27.0,False,completed,2026-07-19T16:59:23.869251,"Mumbai, IN",MacBook Pro (Chrome 128),Utility bill
TXN_20260719_03416_48ee37,ACC43907404,ACC97828025,7915.17,9.0,False,completed,2026-07-19T16:45:16.491814,"Hyderabad, IN",iPhone 16 Pro Max,Online payment
TXN_20260719_01291_86f552,ACC1001,ACC75385116,42406.19,12.0,False,completed,2026-07-19T16:40:30.068833,"Mumbai, IN",Windows 11 (Edge 128),Software subscription
TXN_20260719_04763_0ed9ab,ACC25189145,ACC15373430,40245.38,25.0,False,completed,2026-07-19T16:33:50.419268,"Jaipur, IN",Windows 11 (Edge 128),Grocery purchase
TXN_20260719_03357_d7f72d,ACC59760987,ACC1002,22032.94,9.0,False,completed,2026-07-19T16:29:51.996565,"Jaipur, IN",iPad Pro (Safari),Utility bill
TXN_20260719_03302_b9bab1,ACC1003,ACC50081547,36423.39,28.0,False,completed,2026-07-19T16:28:09.179850,"Mumbai, IN",Pixel 9 Pro,Consulting fee
TXN_20260719_03887_026e20,ACC_RING_A,ACC16314613,29275.2,25.0,False,completed,2026-07-19T16:12:11.455072,"Kolkata, IN",OnePlus 12,Rent transfer
TXN_20260719_04828_5d9156,ACC25189145,ACC91181015,22771.78,17.0,False,completed,2026-07-19T16:04:54.515578,"Chennai, IN",OnePlus 12,Consulting fee
TXN_20260719_04533_1aec71,ACC1003,ACC75311120,35358.68,14.0,False,completed,2026-07-19T16:00:40.680733,"Chennai, IN",iPad Pro (Safari),Utility bill
TXN_20260719_02812_1cf3ab,ACC15211290,ACC92107699,39839.3,16.0,False,completed,2026-07-19T15:51:41.444724,"Jaipur, IN",MacBook Pro (Chrome 128),Consulting fee
TXN_20260719_02743_545576,ACC86445636,ACC1004,21428.03,27.0,False,completed,2026-07-19T15:51:37.704070,"Bangalore, IN",iPad Pro (Safari),Software subscription
TXN_20260719_01864_7eb60f,ACC_RING_C,ACC64246741,2639.04,5.0,False,completed,2026-07-19T15:48:00.978968,"Mumbai, IN",Pixel 9 Pro,Grocery purchase
TXN_20260719_04226_e51547,ACC57224534,ACC1002,14527.08,23.0,False,completed,2026-07-19T15:33:21.359269,"Pune, IN",MacBook Pro (Chrome 128),Urgent remittance
TXN_20260719_01259_700240,ACC57029336,ACC74473089,6255.76,10.0,False,completed,2026-07-19T15:27:30.413878,"Mumbai, IN",MacBook Pro (Chrome 128),Grocery purchase
TXN_20260719_03896_f363c7,ACC15373430,ACC43907404,18871.33,26.0,False,completed,2026-07-19T15:16:33.721467,"Ahmedabad, IN",Windows 11 (Edge 128),P2P transfer
TXN_20260719_00349_31c526,ACC16314613,ACC97828025,37591.4,7.0,False,completed,2026-07-19T15:16:01.072270,"Hyderabad, IN",Samsung Galaxy S24 Ultra,Vendor payment
TXN_20260719_03155_e6fa5e,ACC70103438,ACC_RING_B,33569.63,21.0,False,completed,2026-07-19T15:08:56.693479,"Bangalore, IN",iPad Pro (Safari),Consulting fee
TXN_20260719_05049_71be7e,ACC64246741,ACC10897161,3690.97,9.0,False,completed,2026-07-19T15:01:42.140860,"Jaipur, IN",iPhone 16 Pro Max,Urgent remittance
TXN_20260719_04192_838bbf,ACC15211290,ACC97828025,12210.46,10.0,False,completed,2026-07-19T14:57:35.348989,"Delhi, IN",iPhone 16 Pro Max,Utility bill
TXN_20260719_01855_32b0f8,ACC70103438,ACC16314613,29718.39,27.0,False,completed,2026-07-19T14:41:55.523252,"Bangalore, IN",MacBook Pro (Chrome 128),Online payment
TXN_20260719_00993_3211a9,ACC20858654,ACC1003,9464.59,13.0,False,completed,2026-07-19T14:39:39.942716,"Hyderabad, IN",Windows 11 (Edge 128),Rent transfer
TXN_20260719_03204_d14d80,ACC16314613,ACC_RING_B,10679.64,8.0,False,completed,2026-07-19T14:27:00.326720,"Bangalore, IN",Samsung Galaxy S24 Ultra,Utility bill
TXN_20260719_00046_4f028d,ACC1002,ACC65809811,210356.0,68.0,True,completed,2026-07-19T14:20:28.373245,"Ahmedabad, IN",Windows 11 (Edge 128),Consulting fee
TXN_20260719_00097_5ab1aa,ACC66777666,ACC91181015,7346.38,27.0,False,completed,2026-07-19T14:07:37.312470,"Hyderabad, IN",iPhone 16 Pro Max,Rent transfer
TXN_20260719_02266_35ea33,ACC50081547,ACC15373430,33422.8,27.0,False,completed,2026-07-19T13:52:54.929121,"Bangalore, IN",Pixel 9 Pro,Online payment
TXN_20260719_01227_26ae67,ACC57029336,ACC11706152,24959.0,10.0,False,completed,2026-07-19T13:43:32.872825,"Mumbai, IN",OnePlus 12,Invoice settlement
TXN_20260719_00359_a8cbe9,ACC16314613,ACC40593754,12244.53,18.0,False,completed,2026-07-19T13:32:55.451444,"Kolkata, IN",iPhone 16 Pro Max,Urgent remittance
TXN_20260719_01303_7c065e,ACC75385116,ACC43249524,11640.65,13.0,False,completed,2026-07-19T13:31:41.563985,"Bangalore, IN",OnePlus 12,Invoice settlement
TXN_20260719_04370_ba3624,ACC43907404,ACC91181015,33589.58,28.0,False,completed,2026-07-19T13:27:10.084452,"Kolkata, IN",OnePlus 12,Vendor payment
TXN_20260719_05132_8ac650,ACC40593754,ACC1004,41483.65,15.0,False,completed,2026-07-19T13:09:34.414512,"Kolkata, IN",Samsung Galaxy S24 Ultra,Invoice settlement
TXN_20260719_04537_e730df,ACC_RING_A,ACC97828025,35992.09,21.0,False,completed,2026-07-19T12:57:53.249253,"Bangalore, IN",Samsung Galaxy S24 Ultra,Consulting fee
TXN_20260719_03347_10f899,ACC82456100,ACC1003,36813.17,28.0,False,completed,2026-07-19T12:41:57.789413,"Hyderabad, IN",Pixel 9 Pro,Software subscription
TXN_20260719_00592_279c28,ACC61076366,ACC43249524,43176.16,14.0,False,completed,2026-07-19T12:40:03.998273,"Ahmedabad, IN",iPhone 16 Pro Max,Rent transfer
TXN_20260719_02718_1f2a30,ACC75385116,ACC36297523,16623.55,8.0,False,completed,2026-07-19T12:37:25.749937,"Jaipur, IN",Samsung Galaxy S24 Ultra,Grocery purchase
TXN_20260719_00609_c9cf45,ACC82456100,ACC61076366,17009.16,27.0,False,completed,2026-07-19T12:35:31.024172,"Jaipur, IN",OnePlus 12,Rent transfer
TXN_20260719_04057_cc8040,ACC40593754,ACC_RING_B,23173.69,25.0,False,completed,2026-07-19T12:23:01.548328,"Jaipur, IN",Windows 11 (Edge 128),Online payment
TXN_20260719_01614_1bc953,ACC50081547,ACC39727090,20946.25,16.0,False,completed,2026-07-19T12:20:04.762321,"Hyderabad, IN",Samsung Galaxy S24 Ultra,Invoice settlement
TXN_20260719_01353_cf761c,ACC91181015,ACC43467724,17939.65,14.0,False,completed,2026-07-19T11:26:20.591947,"Delhi, IN",Windows 11 (Edge 128),Grocery purchase
TXN_20260719_05170_b98a44,ACC57029336,ACC66777666,5993.27,23.0,False,completed,2026-07-19T11:24:51.211701,"Mumbai, IN",iPad Pro (Safari),Consulting fee
TXN_20260719_03782_0a3884,ACC_RING_C,ACC39727090,42793.55,21.0,False,completed,2026-07-19T11:23:10.049529,"Chennai, IN",iPad Pro (Safari),Urgent remittance
TXN_20260719_04971_496894,ACC65809811,ACC97828025,21802.6,17.0,False,completed,2026-07-19T11:10:51.428264,"Mumbai, IN",Samsung Galaxy S24 Ultra,Rent transfer
TXN_20260719_00234_a84eb1,ACC1002,ACC91181015,27408.36,11.0,False,completed,2026-07-19T11:04:13.225811,"Delhi, IN",iPhone 16 Pro Max,Consulting fee
TXN_20260719_01428_735ff1,ACC11706152,ACC1003,43941.48,18.0,False,completed,2026-07-19T11:03:29.512880,"Delhi, IN",OnePlus 12,Utility bill
TXN_20260719_03275_6db1a7,ACC43907404,ACC86445636,260.48,7.0,False,completed,2026-07-19T10:55:36.923438,"Bangalore, IN",MacBook Pro (Chrome 128),P2P transfer
TXN_20260719_03926_705d88,ACC25189145,ACC57029336,15888.94,26.0,False,completed,2026-07-19T10:53:30.406287,"Chennai, IN",iPad Pro (Safari),Grocery purchase
TXN_20260719_02883_2bab91,ACC40593754,ACC25189145,19702.99,5.0,False,completed,2026-07-19T10:46:25.799038,"Jaipur, IN",Windows 11 (Edge 128),Vendor payment
TXN_20260719_00174_64310c,ACC25189145,ACC61076366,11356.71,21.0,False,completed,2026-07-19T10:43:54.962794,"Chennai, IN",MacBook Pro (Chrome 128),Vendor payment
TXN_20260719_00585_4ee346,ACC43907404,ACC61076366,23444.16,10.0,False,completed,2026-07-19T10:33:43.222563,"Pune, IN",iPhone 16 Pro Max,Consulting fee
TXN_20260719_03542_f03b3d,ACC16314613,ACC97828025,42243.33,24.0,False,completed,2026-07-19T10:33:40.713393,"Pune, IN",Samsung Galaxy S24 Ultra,Consulting fee
TXN_20260719_00891_2e5509,ACC59760987,ACC50081547,16841.0,18.0,False,completed,2026-07-19T10:31:50.537420,"Chennai, IN",Windows 11 (Edge 128),Utility bill
TXN_20260719_01928_80dcd8,ACC43249524,ACC66777666,28222.96,16.0,False,completed,2026-07-19T10:31:16.692537,"Pune, IN",iPhone 16 Pro Max,Vendor payment
TXN_20260719_03917_f70858,ACC11706152,ACC91181015,27709.68,10.0,False,completed,2026-07-19T10:23:40.556148,"Ahmedabad, IN",iPhone 16 Pro Max,Grocery purchase
TXN_20260719_03894_befa13,ACC11706152,ACC75311120,6343.52,6.0,False,completed,2026-07-19T10:16:02.498450,"Kolkata, IN",Windows 11 (Edge 128),Vendor payment
TXN_20260719_03268_7de555,ACC86445636,ACC50081547,43896.62,23.0,False,completed,2026-07-19T10:13:21.837542,"Pune, IN",MacBook Pro (Chrome 128),Consulting fee
TXN_20260719_05069_e91bfb,ACC97828025,ACC66777666,15767.86,8.0,False,completed,2026-07-19T09:56:35.760137,"Jaipur, IN",OnePlus 12,Software subscription
TXN_20260719_02951_aa8a08,ACC1004,ACC10897161,8012.22,18.0,False,completed,2026-07-19T09:53:22.761588,"Ahmedabad, IN",Samsung Galaxy S24 Ultra,Online payment
TXN_20260719_04410_798808,ACC36297523,ACC50081547,9093.0,27.0,False,completed,2026-07-19T09:50:04.751179,"Mumbai, IN",MacBook Pro (Chrome 128),Grocery purchase
TXN_20260719_02931_e9451a,ACC72717142,ACC20858654,30202.58,24.0,False,completed,2026-07-19T09:34:49.920911,"Hyderabad, IN",Pixel 9 Pro,Online payment
TXN_20260719_01501_9db706,ACC1002,ACC59760987,37323.84,5.0,False,completed,2026-07-19T09:34:02.508903,"Chennai, IN",OnePlus 12,Rent transfer
TXN_20260719_02268_74d842,ACC15373430,ACC75311120,36525.7,7.0,False,completed,2026-07-19T09:23:36.944852,"Pune, IN",iPad Pro (Safari),Invoice settlement
TXN_20260719_01888_305148,ACC91181015,ACC15373430,36022.88,9.0,False,completed,2026-07-19T09:21:13.623227,"Delhi, IN",Pixel 9 Pro,Invoice settlement
TXN_20260719_02407_6315dd,ACC64246741,ACC65809811,24615.26,7.0,False,completed,2026-07-19T08:51:47.082880,"Ahmedabad, IN",Pixel 9 Pro,P2P transfer
TXN_20260719_01122_2ce1c2,ACC91181015,ACC39727090,12627.7,11.0,False,completed,2026-07-19T08:41:00.682261,"Bangalore, IN",Windows 11 (Edge 128),Utility bill
TXN_20260719_03214_7d3923,ACC70103438,ACC43249524,5208.51,26.0,False,completed,2026-07-19T08:30:47.541993,"Delhi, IN",MacBook Pro (Chrome 128),Online payment
TXN_20260719_02778_41e7db,ACC20858654,ACC1004,34946.53,21.0,False,completed,2026-07-19T08:16:46.127932,"Hyderabad, IN",iPad Pro (Safari),Urgent remittance
TXN_20260719_02819_a971a5,ACC92107699,ACC74473089,34854.64,27.0,False,completed,2026-07-19T08:13:02.326871,"Kolkata, IN",Windows 11 (Edge 128),Urgent remittance
TXN_20260719_01907_c76ae3,ACC97828025,ACC74473089,1289.57,10.0,False,completed,2026-07-19T07:52:55.592291,"Delhi, IN",MacBook Pro (Chrome 128),Invoice settlement
TXN_20260719_04186_8a13b2,ACC16314613,ACC82456100,1953.86,24.0,False,completed,2026-07-19T07:51:38.389571,"Delhi, IN",OnePlus 12,Rent transfer
TXN_20260719_03005_2e51be,ACC50081547,ACC1003,21243.6,5.0,False,completed,2026-07-19T07:23:50.132804,"Ahmedabad, IN",iPhone 16 Pro Max,Grocery purchase
TXN_20260719_02300_8a851e,ACC43907404,ACC10897161,7756.47,7.0,False,completed,2026-07-19T07:17:42.236595,"Kolkata, IN",Samsung Galaxy S24 Ultra,Invoice settlement
TXN_20260719_00350_583205,ACC72717142,ACC74473089,40311.44,26.0,False,completed,2026-07-19T07:05:31.230830,"Jaipur, IN",Pixel 9 Pro,Urgent remittance
TXN_20260719_00794_e3a8cd,ACC16314613,ACC92107699,7155.28,12.0,False,completed,2026-07-19T07:01:55.098835,"Jaipur, IN",iPad Pro (Safari),Rent transfer
TXN_20260719_02468_ffc160,ACC92107699,ACC59760987,24783.52,5.0,False,completed,2026-07-19T06:54:46.498207,"Mumbai, IN",MacBook Pro (Chrome 128),Invoice settlement
TXN_20260719_04424_0cf5ef,ACC36297523,ACC20858654,38861.46,6.0,False,completed,2026-07-19T06:44:30.320132,"Pune, IN",Pixel 9 Pro,Invoice settlement
TXN_20260719_05023_61d8e6,ACC86445636,ACC_RING_B,7756.72,11.0,False,completed,2026-07-19T06:43:11.114421,"Bangalore, IN",Windows 11 (Edge 128),Utility bill
TXN_20260719_02751_088988,ACC72717142,ACC43249524,2170.84,13.0,False,completed,2026-07-19T06:38:33.226457,"Chennai, IN",Pixel 9 Pro,Software subscription
TXN_20260719_01224_cb529f,ACC91181015,ACC11706152,19683.88,5.0,False,completed,2026-07-19T06:19:45.045150,"Mumbai, IN",Samsung Galaxy S24 Ultra,Grocery purchase
TXN_20260719_00056_12c143,ACC_RING_B,ACC1001,7456.61,12.0,False,completed,2026-07-19T06:17:54.487782,"Delhi, IN",iPhone 16 Pro Max,Software subscription
TXN_20260719_00692_9d0283,ACC1001,ACC20858654,11426.1,19.0,False,completed,2026-07-19T06:00:12.061928,"Pune, IN",OnePlus 12,Online payment
TXN_20260719_02690_baec5b,ACC15373430,ACC57029336,15114.33,12.0,False,completed,2026-07-19T05:30:38.927525,"Bangalore, IN",MacBook Pro (Chrome 128),Online payment
TXN_20260719_01654_ba898b,ACC82456100,ACC64246741,20449.52,20.0,False,completed,2026-07-19T05:28:10.125717,"Mumbai, IN",OnePlus 12,Rent transfer
TXN_20260719_01627_c39062,ACC1004,ACC64246741,6408.43,7.0,False,completed,2026-07-19T05:21:42.752490,"Bangalore, IN",Pixel 9 Pro,P2P transfer
TXN_20260719_01576_b2e8a6,ACC_RING_B,ACC1002,2294.57,10.0,False,completed,2026-07-19T05:20:23.812160,"Delhi, IN",iPad Pro (Safari),Utility bill
TXN_20260719_03871_37888d,ACC20858654,ACC50081547,38268.71,19.0,False,completed,2026-07-19T05:17:36.117207,"Chennai, IN",Samsung Galaxy S24 Ultra,Urgent remittance
TXN_20260719_01738_90931e,ACC66777666,ACC43249524,32892.06,15.0,False,completed,2026-07-19T04:55:07.979792,"Bangalore, IN",OnePlus 12,Consulting fee
TXN_20260719_02570_933475,ACC1002,ACC75311120,12769.89,27.0,False,completed,2026-07-19T04:54:54.698051,"Jaipur, IN",OnePlus 12,Vendor payment
TXN_20260719_01457_cdc75e,ACC16314613,ACC64246741,39193.46,13.0,False,completed,2026-07-19T04:50:40.205889,"Jaipur, IN",MacBook Pro (Chrome 128),Rent transfer
TXN_20260719_00849_947cb8,ACC_RING_C,ACC40593754,41706.1,24.0,False,completed,2026-07-19T04:36:18.865742,"Pune, IN",iPhone 16 Pro Max,Invoice settlement
TXN_20260719_02587_8614a3,ACC11706152,ACC75385116,29533.13,23.0,False,completed,2026-07-19T04:17:05.078642,"Chennai, IN",iPhone 16 Pro Max,Software subscription
TXN_20260719_02345_45dd20,ACC43249524,ACC86445636,8331.34,17.0,False,completed,2026-07-19T04:01:24.849004,"Bangalore, IN",Samsung Galaxy S24 Ultra,Invoice settlement
TXN_20260719_02377_d20622,ACC20858654,ACC91181015,15657.71,13.0,False,completed,2026-07-19T03:50:39.837670,"Mumbai, IN",iPhone 16 Pro Max,Invoice settlement
TXN_20260719_01901_ba587d,ACC1002,ACC64246741,20207.3,7.0,False,completed,2026-07-19T03:41:58.477470,"Kolkata, IN",Samsung Galaxy S24 Ultra,Urgent remittance
TXN_20260719_05130_b4bc70,ACC40593754,ACC57224534,10666.12,7.0,False,completed,2026-07-19T03:30:35.907719,"Ahmedabad, IN",Pixel 9 Pro,Grocery purchase
TXN_20260719_01439_63b44c,ACC91181015,ACC36297523,22392.95,15.0,False,completed,2026-07-19T03:11:26.594855,"Delhi, IN",Samsung Galaxy S24 Ultra,P2P transfer
TXN_20260719_02461_a1fbec,ACC86445636,ACC70103438,30833.62,9.0,False,completed,2026-07-19T03:08:56.078384,"Mumbai, IN",iPad Pro (Safari),Software subscription
TXN_20260719_01390_b0f164,ACC1003,ACC16314613,28177.0,14.0,False,completed,2026-07-19T02:59:39.130390,"Jaipur, IN",OnePlus 12,Grocery purchase
TXN_20260719_02444_317d7d,ACC10897161,ACC86445636,21430.67,18.0,False,completed,2026-07-19T02:57:52.808963,"Ahmedabad, IN",Windows 11 (Edge 128),Consulting fee
TXN_20260719_04006_d7841b,ACC1001,ACC1002,1187.33,27.0,False,completed,2026-07-19T02:56:05.493470,"Jaipur, IN",OnePlus 12,Grocery purchase
TXN_20260719_01680_749f5f,ACC43467724,ACC20858654,185573.0,97.0,True,completed,2026-07-19T02:18:53.991524,"Mumbai, IN",iPad Pro (Safari),Grocery purchase
TXN_20260719_00896_c938af,ACC59760987,ACC10897161,36660.21,7.0,False,completed,2026-07-19T02:16:11.203900,"Hyderabad, IN",OnePlus 12,Consulting fee
TXN_20260719_01925_26da62,ACC15211290,ACC_RING_C,19387.98,17.0,False,completed,2026-07-19T02:15:53.035473,"Pune, IN",MacBook Pro (Chrome 128),Utility bill
TXN_20260719_04603_b64511,ACC_RING_A,ACC1001,13403.28,10.0,False,completed,2026-07-19T02:15:17.763910,"Hyderabad, IN",OnePlus 12,Rent transfer
TXN_20260719_05068_606c0d,ACC20858654,ACC1004,18804.43,6.0,False,completed,2026-07-19T02:12:13.475078,"Pune, IN",Pixel 9 Pro,Consulting fee
TXN_20260719_01030_fa158a,ACC39727090,ACC20858654,5441.8,6.0,False,completed,2026-07-19T02:05:19.087234,"Ahmedabad, IN",Samsung Galaxy S24 Ultra,Software subscription
TXN_20260719_04358_3cb735,ACC59760987,ACC1004,24329.16,24.0,False,completed,2026-07-19T01:57:16.068147,"Hyderabad, IN",Samsung Galaxy S24 Ultra,Urgent remittance
TXN_20260719_03611_bae888,ACC25189145,ACC92107699,2824.97,10.0,False,completed,2026-07-19T01:51:55.543536,"Pune, IN",OnePlus 12,Invoice settlement
TXN_20260719_01448_ff0b9c,ACC_RING_C,ACC57224534,24965.25,8.0,False,completed,2026-07-19T01:41:48.347277,"Kolkata, IN",OnePlus 12,Invoice settlement
TXN_20260719_03740_7fb1ba,ACC_RING_C,ACC64246741,1679.56,13.0,False,completed,2026-07-19T01:21:09.653787,"Delhi, IN",Windows 11 (Edge 128),Utility bill
TXN_20260719_02779_be6740,ACC61076366,ACC36297523,30306.24,17.0,False,completed,2026-07-19T01:19:38.901137,"Bangalore, IN",Samsung Galaxy S24 Ultra,Invoice settlement
TXN_20260719_04834_aed9b8,ACC39727090,ACC57029336,4644.9,27.0,False,completed,2026-07-19T01:10:36.824210,"Bangalore, IN",MacBook Pro (Chrome 128),Grocery purchase
TXN_20260719_04765_425dbb,ACC16314613,ACC39727090,3446.09,19.0,False,completed,2026-07-19T01:08:58.831345,"Pune, IN",Samsung Galaxy S24 Ultra,Urgent remittance
TXN_20260719_02909_fd56ab,ACC1004,ACC43467724,18104.09,7.0,False,completed,2026-07-19T01:04:23.989485,"Chennai, IN",Samsung Galaxy S24 Ultra,Utility bill
TXN_20260719_02798_f024de,ACC36297523,ACC57029336,5678.38,8.0,False,completed,2026-07-19T00:37:07.697205,"Jaipur, IN",iPad Pro (Safari),Software subscription
TXN_20260719_03436_4e1458,ACC43467724,ACC57224534,33722.89,23.0,False,completed,2026-07-19T00:36:02.688339,"Ahmedabad, IN",iPhone 16 Pro Max,Utility bill
TXN_20260719_03504_901015,ACC43467724,ACC91181015,3986.99,26.0,False,completed,2026-07-19T00:35:31.041762,"Hyderabad, IN",Windows 11 (Edge 128),Consulting fee
TXN_20260719_03816_9fc482,ACC82456100,ACC40593754,7173.49,13.0,False,completed,2026-07-19T00:33:04.096139,"Jaipur, IN",Samsung Galaxy S24 Ultra,P2P transfer
TXN_20260719_01447_ee27b4,ACC43907404,ACC15373430,20000.7,8.0,False,completed,2026-07-19T00:25:24.783336,"Mumbai, IN",MacBook Pro (Chrome 128),Rent transfer
TXN_20260719_02654_2cc61a,ACC15211290,ACC25189145,19932.9,24.0,False,completed,2026-07-19T00:03:27.132095,"Delhi, IN",OnePlus 12,Vendor payment
TXN_20260719_03307_40c11f,ACC15211290,ACC72717142,11360.72,18.0,False,completed,2026-07-19T00:02:02.182104,"Bangalore, IN",Windows 11 (Edge 128),Utility bill
TXN_20260718_01682_1c26f5,ACC97828025,ACC43907404,27578.46,15.0,False,completed,2026-07-18T23:57:56.420778,"Pune, IN",Pixel 9 Pro,Vendor payment
TXN_20260718_04705_914a4b,ACC50081547,ACC66777666,3183.11,9.0,False,completed,2026-07-18T23:42:55.296454,"Ahmedabad, IN",Pixel 9 Pro,Rent transfer
TXN_20260718_02122_f41d63,ACC15211290,ACC11706152,37781.53,12.0,False,completed,2026-07-18T23:39:26.367308,"Bangalore, IN",iPad Pro (Safari),Vendor payment
TXN_20260718_04904_58ad2d,ACC61076366,ACC_RING_C,19659.49,14.0,False,completed,2026-07-18T23:28:07.899290,"Jaipur, IN",iPad Pro (Safari),Vendor payment
TXN_20260718_02299_8a7899,ACC92107699,ACC43907404,22614.99,26.0,False,completed,2026-07-18T23:25:44.447053,"Chennai, IN",MacBook Pro (Chrome 128),Grocery purchase
TXN_20260718_03451_d65c8c,ACC92107699,ACC1002,39065.42,26.0,False,completed,2026-07-18T23:24:21.488474,"Bangalore, IN",iPad Pro (Safari),Consulting fee
TXN_20260718_03187_36d52f,ACC40593754,ACC82456100,2851.86,24.0,False,completed,2026-07-18T23:13:51.257251,"Ahmedabad, IN",Pixel 9 Pro,Software subscription
TXN_20260718_00116_0c35a5,ACC82456100,ACC97828025,4496.94,6.0,False,completed,2026-07-18T23:13:03.327228,"Kolkata, IN",iPad Pro (Safari),Invoice settlement
TXN_20260718_02148_df143e,ACC_RING_A,ACC15373430,24515.86,28.0,False,completed,2026-07-18T22:59:26.469816,"Ahmedabad, IN",MacBook Pro (Chrome 128),Online payment
TXN_20260718_01453_8b9aa5,ACC36297523,ACC_RING_C,31878.89,20.0,False,completed,2026-07-18T22:57:53.288802,"Ahmedabad, IN",iPad Pro (Safari),Urgent remittance
TXN_20260718_04732_7a3643,ACC75385116,ACC64246741,33880.66,11.0,False,completed,2026-07-18T22:50:54.887182,"Hyderabad, IN",OnePlus 12,Rent transfer
TXN_20260718_03718_6c6069,ACC36297523,ACC66777666,10509.6,15.0,False,completed,2026-07-18T22:43:47.918404,"Ahmedabad, IN",Samsung Galaxy S24 Ultra,Consulting fee
TXN_20260718_02174_6a7cb1,ACC_RING_C,ACC39727090,30409.08,22.0,False,completed,2026-07-18T22:38:31.880983,"Kolkata, IN",OnePlus 12,Utility bill
TXN_20260718_00799_3cfecd,ACC75385116,ACC_RING_C,29822.01,15.0,False,completed,2026-07-18T22:04:07.017547,"Kolkata, IN",iPad Pro (Safari),Software subscription
TXN_20260718_00579_3531c9,ACC15373430,ACC61076366,16387.68,7.0,False,completed,2026-07-18T22:02:41.381825,"Hyderabad, IN",OnePlus 12,Grocery purchase
TXN_20260718_03517_7b150c,ACC43249524,ACC_RING_B,10337.41,14.0,False,completed,2026-07-18T21:34:28.952339,"Chennai, IN",MacBook Pro (Chrome 128),Consulting fee
TXN_20260718_01982_309381,ACC39727090,ACC92107699,38411.78,10.0,False,completed,2026-07-18T21:24:03.344916,"Chennai, IN",iPad Pro (Safari),Urgent remittance
TXN_20260718_02748_c25a5a,ACC74473089,ACC1004,13998.78,23.0,False,completed,2026-07-18T21:19:22.369844,"Delhi, IN",MacBook Pro (Chrome 128),Grocery purchase
TXN_20260718_02403_39f750,ACC39727090,ACC72717142,2938.01,28.0,False,completed,2026-07-18T20:54:20.696754,"Kolkata, IN",iPad Pro (Safari),Rent transfer
TXN_20260718_04723_5521ec,ACC15211290,ACC92107699,2795.25,25.0,False,completed,2026-07-18T20:42:29.307573,"Delhi, IN",OnePlus 12,Urgent remittance
TXN_20260718_01902_c730d3,ACC1002,ACC50081547,15186.66,15.0,False,completed,2026-07-18T20:29:57.121825,"Ahmedabad, IN",OnePlus 12,Software subscription
TXN_20260718_04422_14094e,ACC15211290,ACC91181015,18744.15,24.0,False,completed,2026-07-18T20:28:50.821231,"Mumbai, IN",iPad Pro (Safari),Urgent remittance
TXN_20260718_02886_34a14e,ACC74473089,ACC65809811,9823.9,22.0,False,completed,2026-07-18T20:11:14.909185,"Delhi, IN",Pixel 9 Pro,Consulting fee
TXN_20260718_03090_966521,ACC86445636,ACC66777666,21295.86,24.0,False,completed,2026-07-18T19:50:18.340536,"Jaipur, IN",Windows 11 (Edge 128),Rent transfer
TXN_20260718_03217_e9adff,ACC50081547,ACC39727090,21266.37,28.0,False,completed,2026-07-18T19:46:56.366038,"Jaipur, IN",Pixel 9 Pro,Utility bill
TXN_20260718_01849_255922,ACC20858654,ACC_RING_C,10729.15,26.0,False,completed,2026-07-18T19:21:32.351628,"Delhi, IN",Samsung Galaxy S24 Ultra,Software subscription
TXN_20260718_04334_6ce187,ACC43907404,ACC_RING_A,32362.06,8.0,False,completed,2026-07-18T19:21:13.069098,"Ahmedabad, IN",Pixel 9 Pro,P2P transfer
TXN_20260718_02599_fc9879,ACC97828025,ACC40593754,28732.75,11.0,False,completed,2026-07-18T19:05:50.913515,"Jaipur, IN",MacBook Pro (Chrome 128),Vendor payment
TXN_20260718_02226_43acc2,ACC25189145,ACC16314613,19133.44,21.0,False,completed,2026-07-18T18:49:14.178719,"Jaipur, IN",Pixel 9 Pro,Urgent remittance
TXN_20260718_00558_25a7de,ACC39727090,ACC1002,40213.21,12.0,False,completed,2026-07-18T18:33:12.133335,"Mumbai, IN",iPhone 16 Pro Max,P2P transfer
TXN_20260718_03717_3460d1,ACC74473089,ACC1002,6640.02,21.0,False,completed,2026-07-18T18:13:31.394264,"Jaipur, IN",OnePlus 12,Invoice settlement
TXN_20260718_04187_bc1625,ACC59760987,ACC65809811,11795.27,20.0,False,completed,2026-07-18T18:13:27.054307,"Kolkata, IN",Samsung Galaxy S24 Ultra,Software subscription
TXN_20260718_01105_dd0256,ACC_RING_A,ACC59760987,2857.07,26.0,False,completed,2026-07-18T17:44:35.198303,"Bangalore, IN",Samsung Galaxy S24 Ultra,Online payment
TXN_20260718_04376_a446ef,ACC39727090,ACC11706152,27385.23,23.0,False,completed,2026-07-18T17:42:00.355829,"Jaipur, IN",Pixel 9 Pro,Invoice settlement
TXN_20260718_01986_89659e,ACC97828025,ACC57224534,22826.7,24.0,False,completed,2026-07-18T17:26:51.312889,"Hyderabad, IN",iPhone 16 Pro Max,P2P transfer
TXN_20260718_01605_a6aef7,ACC70103438,ACC15373430,42234.48,11.0,False,completed,2026-07-18T17:19:49.546284,"Chennai, IN",Pixel 9 Pro,Utility bill
TXN_20260718_04481_8e6dc3,ACC1004,ACC10897161,27093.34,15.0,False,completed,2026-07-18T17:15:28.982315,"Jaipur, IN",Pixel 9 Pro,Online payment
TXN_20260718_01207_176ff4,ACC39727090,ACC59760987,20476.49,17.0,False,completed,2026-07-18T17:11:29.048011,"Hyderabad, IN",Pixel 9 Pro,Invoice settlement
TXN_20260718_02114_b7dd5d,ACC25189145,ACC50081547,19215.21,21.0,False,completed,2026-07-18T17:10:35.124365,"Delhi, IN",MacBook Pro (Chrome 128),Software subscription
TXN_20260718_03523_7d2eb6,ACC57224534,ACC25189145,29218.3,7.0,False,completed,2026-07-18T16:53:36.194284,"Hyderabad, IN",MacBook Pro (Chrome 128),Vendor payment
TXN_20260718_04467_b8236d,ACC1003,ACC66777666,44015.49,14.0,False,completed,2026-07-18T16:51:04.610983,"Delhi, IN",OnePlus 12,Invoice settlement
TXN_20260718_04264_75eb81,ACC15211290,ACC16314613,9127.74,21.0,False,completed,2026-07-18T16:47:16.988980,"Delhi, IN",Pixel 9 Pro,Grocery purchase
TXN_20260718_02791_1fda3b,ACC50081547,ACC20858654,9026.29,14.0,False,completed,2026-07-18T16:46:00.849070,"Chennai, IN",MacBook Pro (Chrome 128),Grocery purchase
TXN_20260718_00573_efccbf,ACC57224534,ACC86445636,9727.48,14.0,False,completed,2026-07-18T16:45:42.030588,"Chennai, IN",iPhone 16 Pro Max,Software subscription
TXN_20260718_02026_8562c4,ACC66777666,ACC16314613,9188.02,16.0,False,completed,2026-07-18T16:32:30.871880,"Mumbai, IN",iPhone 16 Pro Max,Vendor payment
TXN_20260718_00506_1f2e13,ACC91181015,ACC25189145,21940.51,9.0,False,completed,2026-07-18T16:31:26.096195,"Delhi, IN",MacBook Pro (Chrome 128),Online payment
TXN_20260718_00933_a4e90c,ACC36297523,ACC20858654,841.15,15.0,False,completed,2026-07-18T15:51:10.674061,"Delhi, IN",iPad Pro (Safari),Online payment
TXN_20260718_02173_3098f4,ACC_RING_A,ACC10897161,24962.93,8.0,False,completed,2026-07-18T15:43:03.140035,"Jaipur, IN",iPhone 16 Pro Max,Utility bill
TXN_20260718_05142_987766,ACC_RING_B,ACC92107699,10866.4,22.0,False,completed,2026-07-18T15:19:47.551553,"Hyderabad, IN",Pixel 9 Pro,Urgent remittance
TXN_20260718_02939_883c6b,ACC1001,ACC97828025,14155.2,26.0,False,completed,2026-07-18T14:52:59.031182,"Mumbai, IN",Pixel 9 Pro,Invoice settlement
TXN_20260718_00505_32da2a,ACC50081547,ACC43467724,20248.12,11.0,False,completed,2026-07-18T14:51:01.360957,"Ahmedabad, IN",MacBook Pro (Chrome 128),Consulting fee
TXN_20260718_02731_8bd13a,ACC57029336,ACC82456100,41100.51,16.0,False,completed,2026-07-18T14:47:27.766966,"Hyderabad, IN",Windows 11 (Edge 128),Utility bill
TXN_20260718_00744_118686,ACC66777666,ACC50081547,26189.87,9.0,False,completed,2026-07-18T14:47:10.869997,"Pune, IN",MacBook Pro (Chrome 128),Invoice settlement
TXN_20260718_02714_9ef90f,ACC10897161,ACC25189145,3586.75,15.0,False,completed,2026-07-18T14:33:40.486308,"Chennai, IN",Pixel 9 Pro,Invoice settlement
TXN_20260718_03764_f626da,ACC61076366,ACC75385116,29128.88,16.0,False,completed,2026-07-18T14:25:25.840094,"Bangalore, IN",iPad Pro (Safari),Rent transfer
TXN_20260718_02218_01970f,ACC15373430,ACC_RING_C,30277.22,14.0,False,completed,2026-07-18T14:12:51.775507,"Delhi, IN",MacBook Pro (Chrome 128),Consulting fee
TXN_20260718_03044_b17a87,ACC64246741,ACC43907404,6314.2,15.0,False,completed,2026-07-18T13:42:01.244627,"Mumbai, IN",Windows 11 (Edge 128),Grocery purchase
TXN_20260718_00064_60f537,ACC61076366,ACC_RING_B,40561.48,20.0,False,completed,2026-07-18T13:40:14.837228,"Mumbai, IN",iPhone 16 Pro Max,P2P transfer
TXN_20260718_02318_6ab125,ACC57224534,ACC11706152,34165.09,22.0,False,completed,2026-07-18T13:36:43.371074,"Hyderabad, IN",Windows 11 (Edge 128),Online payment
TXN_20260718_01844_1b0be8,ACC1001,ACC66777666,6074.83,21.0,False,completed,2026-07-18T13:07:27.564819,"Delhi, IN",MacBook Pro (Chrome 128),Vendor payment
TXN_20260718_00131_c43130,ACC1001,ACC16314613,38046.78,5.0,False,completed,2026-07-18T13:06:52.318533,"Mumbai, IN",iPad Pro (Safari),Vendor payment
TXN_20260718_00238_d976eb,ACC36297523,ACC75311120,21193.21,15.0,False,completed,2026-07-18T13:05:34.288747,"Delhi, IN",Samsung Galaxy S24 Ultra,Consulting fee
TXN_20260718_05005_6f9124,ACC16314613,ACC15373430,44698.88,16.0,False,completed,2026-07-18T13:03:00.674855,"Delhi, IN",OnePlus 12,P2P transfer
TXN_20260718_04017_85cd3f,ACC82456100,ACC74473089,13823.72,27.0,False,completed,2026-07-18T12:45:35.245213,"Jaipur, IN",iPad Pro (Safari),Invoice settlement
TXN_20260718_03560_82a250,ACC75385116,ACC36297523,206053.0,69.0,True,completed,2026-07-18T12:37:27.517523,"Pune, IN",Windows 11 (Edge 128),Grocery purchase
TXN_20260718_00743_6d7f94,ACC59760987,ACC1002,14757.36,12.0,False,completed,2026-07-18T12:37:02.079689,"Jaipur, IN",Samsung Galaxy S24 Ultra,Grocery purchase
TXN_20260718_00286_b98385,ACC43467724,ACC74473089,952.65,22.0,False,completed,2026-07-18T12:27:44.679814,"Jaipur, IN",Windows 11 (Edge 128),Invoice settlement
TXN_20260718_02628_489a3c,ACC11706152,ACC10897161,16124.0,22.0,False,completed,2026-07-18T12:25:04.780204,"Ahmedabad, IN",Windows 11 (Edge 128),Grocery purchase
TXN_20260718_01149_374d77,ACC16314613,ACC39727090,41641.74,5.0,False,completed,2026-07-18T12:24:20.606063,"Jaipur, IN",MacBook Pro (Chrome 128),Rent transfer
TXN_20260718_00680_31b864,ACC86445636,ACC74473089,135002.0,76.0,True,completed,2026-07-18T12:20:32.045037,"Delhi, IN",MacBook Pro (Chrome 128),Urgent remittance
TXN_20260718_01213_99ba13,ACC86445636,ACC66777666,15406.98,23.0,False,completed,2026-07-18T11:57:05.366155,"Hyderabad, IN",MacBook Pro (Chrome 128),Vendor payment
TXN_20260718_03651_6877ab,ACC75385116,ACC16314613,7017.43,18.0,False,completed,2026-07-18T11:30:09.681690,"Mumbai, IN",Windows 11 (Edge 128),P2P transfer
TXN_20260718_01247_205e11,ACC50081547,ACC72717142,27816.33,21.0,False,completed,2026-07-18T11:18:46.596008,"Hyderabad, IN",Pixel 9 Pro,Consulting fee
TXN_20260718_02057_ae899b,ACC10897161,ACC59760987,31080.62,11.0,False,completed,2026-07-18T11:13:55.173825,"Delhi, IN",OnePlus 12,Rent transfer
TXN_20260718_05101_768017,ACC50081547,ACC1001,24448.17,22.0,False,completed,2026-07-18T11:03:39.071193,"Jaipur, IN",MacBook Pro (Chrome 128),Software subscription
TXN_20260718_02864_9bfdeb,ACC92107699,ACC40593754,26435.67,28.0,False,completed,2026-07-18T10:54:17.732510,"Kolkata, IN",Windows 11 (Edge 128),Utility bill
TXN_20260718_04311_f643e9,ACC50081547,ACC92107699,18296.31,13.0,False,completed,2026-07-18T10:52:39.244180,"Hyderabad, IN",Windows 11 (Edge 128),Grocery purchase
TXN_20260718_00863_c7a549,ACC40593754,ACC82456100,9532.19,11.0,False,completed,2026-07-18T10:51:01.415144,"Hyderabad, IN",Pixel 9 Pro,Utility bill
TXN_20260718_03087_7a7853,ACC39727090,ACC43249524,39386.66,19.0,False,completed,2026-07-18T10:49:07.785347,"Hyderabad, IN",iPhone 16 Pro Max,Invoice settlement
TXN_20260718_01966_d656d4,ACC72717142,ACC43249524,14887.72,19.0,False,completed,2026-07-18T10:46:34.790575,"Bangalore, IN",MacBook Pro (Chrome 128),Grocery purchase
TXN_20260718_01091_0c2023,ACC15373430,ACC1001,16873.87,10.0,False,completed,2026-07-18T10:45:37.098967,"Hyderabad, IN",Samsung Galaxy S24 Ultra,Rent transfer
TXN_20260718_03261_46a306,ACC97828025,ACC59760987,30642.55,11.0,False,completed,2026-07-18T10:40:38.994682,"Ahmedabad, IN",iPhone 16 Pro Max,Software subscription
TXN_20260718_04183_2f8ab4,ACC59760987,ACC91181015,32510.39,25.0,False,completed,2026-07-18T10:37:10.300431,"Pune, IN",MacBook Pro (Chrome 128),P2P transfer
TXN_20260718_02157_6da447,ACC25189145,ACC_RING_B,25208.02,13.0,False,completed,2026-07-18T10:35:23.596687,"Chennai, IN",Pixel 9 Pro,Rent transfer
TXN_20260718_01959_fbc317,ACC15211290,ACC65809811,493.36,19.0,False,completed,2026-07-18T10:30:42.311391,"Kolkata, IN",iPad Pro (Safari),Grocery purchase
TXN_20260718_00177_c7588f,ACC43907404,ACC61076366,30292.47,21.0,False,completed,2026-07-18T10:26:42.087813,"Kolkata, IN",Samsung Galaxy S24 Ultra,Online payment
TXN_20260718_01119_39090e,ACC_RING_A,ACC86445636,34559.28,12.0,False,completed,2026-07-18T10:19:03.054118,"Chennai, IN",MacBook Pro (Chrome 128),Invoice settlement
TXN_20260718_00243_c29211,ACC91181015,ACC59760987,18840.64,19.0,False,completed,2026-07-18T10:11:01.646398,"Bangalore, IN",OnePlus 12,Vendor payment
TXN_20260718_04566_92a725,ACC43907404,ACC92107699,18478.64,12.0,False,completed,2026-07-18T10:10:57.182796,"Mumbai, IN",MacBook Pro (Chrome 128),Software subscription
TXN_20260718_00866_239275,ACC65809811,ACC15211290,16577.29,9.0,False,completed,2026-07-18T10:10:00.724959,"Hyderabad, IN",Samsung Galaxy S24 Ultra,Consulting fee
TXN_20260718_04414_c945eb,ACC1002,ACC64246741,21157.13,18.0,False,completed,2026-07-18T10:06:06.985906,"Ahmedabad, IN",Windows 11 (Edge 128),Invoice settlement
TXN_20260718_02592_06c906,ACC43907404,ACC86445636,37336.22,6.0,False,completed,2026-07-18T09:48:40.199381,"Jaipur, IN",Samsung Galaxy S24 Ultra,Urgent remittance
TXN_20260718_01910_9e2b11,ACC74473089,ACC10897161,20025.35,5.0,False,completed,2026-07-18T09:18:37.223761,"Bangalore, IN",Samsung Galaxy S24 Ultra,Software subscription
TXN_20260718_02384_8114f6,ACC57029336,ACC82456100,42494.51,16.0,False,completed,2026-07-18T08:37:33.789728,"Delhi, IN",Pixel 9 Pro,Consulting fee
TXN_20260718_05071_c8ce70,ACC1003,ACC40593754,25188.64,13.0,False,completed,2026-07-18T08:29:37.629679,"Jaipur, IN",Samsung Galaxy S24 Ultra,Utility bill
TXN_20260718_00227_814130,ACC1004,ACC10897161,29340.95,24.0,False,completed,2026-07-18T08:04:42.506779,"Pune, IN",OnePlus 12,Invoice settlement
TXN_20260718_01345_033e7f,ACC15211290,ACC25189145,13306.24,7.0,False,completed,2026-07-18T07:57:24.230681,"Ahmedabad, IN",Samsung Galaxy S24 Ultra,Consulting fee
TXN_20260718_02904_b03e32,ACC15211290,ACC74473089,27957.4,21.0,False,completed,2026-07-18T07:55:28.051868,"Pune, IN",OnePlus 12,Consulting fee
TXN_20260718_01203_67e596,ACC_RING_B,ACC_RING_A,35905.43,13.0,False,completed,2026-07-18T07:24:20.343906,"Delhi, IN",OnePlus 12,Rent transfer
TXN_20260718_01001_b91494,ACC1004,ACC64246741,37340.21,17.0,False,completed,2026-07-18T07:21:49.853702,"Kolkata, IN",Windows 11 (Edge 128),Urgent remittance
TXN_20260718_00763_2c82b6,ACC91181015,ACC43467724,42802.29,8.0,False,completed,2026-07-18T07:21:27.069158,"Kolkata, IN",iPad Pro (Safari),Utility bill
TXN_20260718_01479_4fe770,ACC_RING_B,ACC50081547,14342.69,19.0,False,completed,2026-07-18T07:12:23.900171,"Jaipur, IN",OnePlus 12,Grocery purchase
TXN_20260718_02129_8b5a5d,ACC65809811,ACC92107699,10098.48,12.0,False,completed,2026-07-18T07:01:45.910474,"Bangalore, IN",MacBook Pro (Chrome 128),Rent transfer
TXN_20260718_01391_cc11e0,ACC16314613,ACC39727090,39560.49,21.0,False,completed,2026-07-18T07:00:58.670018,"Delhi, IN",Pixel 9 Pro,P2P transfer
TXN_20260718_02969_261821,ACC43249524,ACC16314613,2733.83,8.0,False,completed,2026-07-18T06:49:28.767426,"Mumbai, IN",iPad Pro (Safari),Software subscription
TXN_20260718_04616_f351e5,ACC43467724,ACC11706152,12418.48,7.0,False,completed,2026-07-18T06:48:37.586678,"Mumbai, IN",Pixel 9 Pro,Utility bill
TXN_20260718_02270_047d79,ACC91181015,ACC11706152,8712.0,16.0,False,completed,2026-07-18T06:32:08.675114,"Kolkata, IN",Samsung Galaxy S24 Ultra,Grocery purchase
TXN_20260718_00142_3602c3,ACC36297523,ACC39727090,8600.79,6.0,False,completed,2026-07-18T06:28:11.230454,"Hyderabad, IN",Windows 11 (Edge 128),Rent transfer
TXN_20260718_01248_f37f70,ACC74473089,ACC82456100,7964.16,17.0,False,completed,2026-07-18T06:23:09.863447,"Pune, IN",iPad Pro (Safari),P2P transfer
TXN_20260718_04391_3a7061,ACC43249524,ACC86445636,39641.12,10.0,False,completed,2026-07-18T06:00:23.472196,"Delhi, IN",OnePlus 12,Grocery purchase
TXN_20260718_02488_f8b98a,ACC39727090,ACC92107699,34509.63,5.0,False,completed,2026-07-18T05:59:41.683358,"Ahmedabad, IN",Samsung Galaxy S24 Ultra,Rent transfer
TXN_20260718_00075_8bc1e7,ACC25189145,ACC1002,17685.36,5.0,False,completed,2026-07-18T05:59:40.634106,"Bangalore, IN",iPhone 16 Pro Max,Online payment
TXN_20260718_02386_faea7b,ACC86445636,ACC97828025,43072.45,10.0,False,completed,2026-07-18T05:43:05.709765,"Hyderabad, IN",Pixel 9 Pro,Grocery purchase
TXN_20260718_00254_e9875a,ACC86445636,ACC_RING_A,6245.94,24.0,False,completed,2026-07-18T05:35:35.344253,"Pune, IN",OnePlus 12,Consulting fee
TXN_20260718_03399_604bb6,ACC_RING_B,ACC43907404,18778.61,23.0,False,completed,2026-07-18T05:22:02.668619,"Ahmedabad, IN",Pixel 9 Pro,Rent transfer
TXN_20260718_02351_7a5163,ACC75311120,ACC97828025,401.88,26.0,False,completed,2026-07-18T04:58:34.234429,"Chennai, IN",Pixel 9 Pro,Rent transfer
TXN_20260718_04094_5856b3,ACC61076366,ACC40593754,44098.82,11.0,False,completed,2026-07-18T04:44:12.675939,"Jaipur, IN",MacBook Pro (Chrome 128),Invoice settlement
TXN_20260718_01600_e11cde,ACC1003,ACC25189145,208482.0,92.0,True,completed,2026-07-18T04:38:56.564266,"Delhi, IN",OnePlus 12,Utility bill
TXN_20260718_00082_865339,ACC_RING_C,ACC61076366,36933.46,22.0,False,completed,2026-07-18T04:37:15.223425,"Ahmedabad, IN",OnePlus 12,P2P transfer
TXN_20260718_01731_5b7a18,ACC74473089,ACC15373430,43257.13,15.0,False,completed,2026-07-18T04:23:25.681329,"Hyderabad, IN",iPad Pro (Safari),Online payment
TXN_20260718_04022_9fb286,ACC43467724,ACC39727090,31607.87,5.0,False,completed,2026-07-18T04:17:00.039291,"Bangalore, IN",MacBook Pro (Chrome 128),Urgent remittance
TXN_20260718_00125_d2803b,ACC20858654,ACC1003,28966.33,26.0,False,completed,2026-07-18T04:00:23.401472,"Ahmedabad, IN",iPad Pro (Safari),Consulting fee
TXN_20260718_01740_429326,ACC36297523,ACC43907404,42628.81,19.0,False,completed,2026-07-18T03:55:28.841888,"Pune, IN",iPad Pro (Safari),Urgent remittance
TXN_20260718_02070_9a5cf4,ACC20858654,ACC1004,19272.92,10.0,False,completed,2026-07-18T03:38:53.959937,"Ahmedabad, IN",Pixel 9 Pro,Consulting fee
TXN_20260718_03950_dda4d6,ACC1001,ACC20858654,39022.43,5.0,False,completed,2026-07-18T03:37:24.345236,"Kolkata, IN",OnePlus 12,Utility bill
TXN_20260718_04581_f10c18,ACC50081547,ACC39727090,39260.05,17.0,False,completed,2026-07-18T03:32:23.738762,"Jaipur, IN",Samsung Galaxy S24 Ultra,Vendor payment
TXN_20260718_00249_760da9,ACC1002,ACC1001,14436.5,22.0,False,completed,2026-07-18T03:29:30.797300,"Kolkata, IN",MacBook Pro (Chrome 128),Utility bill
TXN_20260718_04862_581c5e,ACC74473089,ACC15373430,36752.94,28.0,False,completed,2026-07-18T03:01:01.667844,"Chennai, IN",iPhone 16 Pro Max,P2P transfer
TXN_20260718_03077_9e9cad,ACC72717142,ACC11706152,22331.23,6.0,False,completed,2026-07-18T02:46:54.988417,"Ahmedabad, IN",MacBook Pro (Chrome 128),Consulting fee
TXN_20260718_00104_9a5b41,ACC40593754,ACC43467724,5339.59,22.0,False,completed,2026-07-18T02:40:44.745314,"Delhi, IN",OnePlus 12,Software subscription
TXN_20260718_00522_60f054,ACC1004,ACC43907404,8163.36,23.0,False,completed,2026-07-18T02:34:09.827724,"Mumbai, IN",MacBook Pro (Chrome 128),Vendor payment
TXN_20260718_04949_f9f12d,ACC75385116,ACC1001,252.99,10.0,False,completed,2026-07-18T01:57:06.029205,"Bangalore, IN",iPad Pro (Safari),Grocery purchase
TXN_20260718_01681_4ef081,ACC82456100,ACC25189145,26827.6,26.0,False,completed,2026-07-18T01:48:47.945742,"Delhi, IN",OnePlus 12,Utility bill
TXN_20260718_01418_30e8be,ACC15373430,ACC74473089,26654.81,8.0,False,completed,2026-07-18T01:48:46.196398,"Ahmedabad, IN",Windows 11 (Edge 128),Software subscription
TXN_20260718_04436_c2033d,ACC1003,ACC57224534,27677.09,12.0,False,completed,2026-07-18T01:48:33.110070,"Hyderabad, IN",Pixel 9 Pro,Consulting fee
TXN_20260718_03535_e9c123,ACC97828025,ACC57224534,25096.41,10.0,False,completed,2026-07-18T01:47:14.951203,"Hyderabad, IN",Windows 11 (Edge 128),Grocery purchase
TXN_20260718_03438_6e25b8,ACC57224534,ACC1003,37500.77,23.0,False,completed,2026-07-18T01:43:31.575095,"Chennai, IN",Pixel 9 Pro,P2P transfer
TXN_20260718_01810_28f817,ACC36297523,ACC50081547,40393.58,10.0,False,completed,2026-07-18T01:43:07.930055,"Kolkata, IN",Windows 11 (Edge 128),Utility bill
TXN_20260718_02639_10ed3b,ACC40593754,ACC86445636,37249.98,25.0,False,completed,2026-07-18T01:42:57.599507,"Chennai, IN",OnePlus 12,Grocery purchase
TXN_20260718_04899_17ac00,ACC86445636,ACC74473089,43483.43,7.0,False,completed,2026-07-18T01:32:27.101320,"Mumbai, IN",OnePlus 12,Invoice settlement
TXN_20260718_01317_499cdc,ACC43467724,ACC1003,16550.82,22.0,False,completed,2026-07-18T01:29:59.675740,"Mumbai, IN",Windows 11 (Edge 128),Software subscription
TXN_20260718_02789_02056f,ACC57029336,ACC57224534,35230.97,8.0,False,completed,2026-07-18T01:16:04.489957,"Kolkata, IN",Pixel 9 Pro,Invoice settlement
TXN_20260718_04159_5d0c68,ACC72717142,ACC1002,17787.44,10.0,False,completed,2026-07-18T01:01:34.981537,"Ahmedabad, IN",Samsung Galaxy S24 Ultra,Online payment
TXN_20260718_03974_3a6d1a,ACC97828025,ACC1001,35408.37,8.0,False,completed,2026-07-18T00:52:45.387280,"Delhi, IN",MacBook Pro (Chrome 128),Urgent remittance
TXN_20260718_02209_efd5fd,ACC10897161,ACC1002,5821.17,19.0,False,completed,2026-07-18T00:41:44.134986,"Pune, IN",iPhone 16 Pro Max,Urgent remittance
TXN_20260718_04698_afea76,ACC39727090,ACC_RING_A,44802.13,6.0,False,completed,2026-07-18T00:28:02.240557,"Pune, IN",MacBook Pro (Chrome 128),Online payment
TXN_20260718_03620_f4bb7b,ACC_RING_A,ACC43467724,21198.91,6.0,False,completed,2026-07-18T00:17:28.214444,"Pune, IN",iPhone 16 Pro Max,Software subscription
TXN_20260718_02777_dbdf51,ACC75385116,ACC15211290,26094.58,16.0,False,completed,2026-07-18T00:00:10.956638,"Kolkata, IN",Windows 11 (Edge 128),Vendor payment
TXN_20260717_04479_0800e4,ACC39727090,ACC66777666,11597.86,23.0,False,completed,2026-07-17T23:56:23.230188,"Kolkata, IN",OnePlus 12,Vendor payment
TXN_20260717_03652_bcb0e3,ACC_RING_B,ACC43249524,37561.77,12.0,False,completed,2026-07-17T23:53:17.759935,"Pune, IN",Samsung Galaxy S24 Ultra,Urgent remittance
TXN_20260717_01017_65dddd,ACC66777666,ACC92107699,21401.79,27.0,False,completed,2026-07-17T23:48:04.214780,"Ahmedabad, IN",Windows 11 (Edge 128),Software subscription
TXN_20260717_04992_f3b162,ACC1001,ACC16314613,42238.11,9.0,False,completed,2026-07-17T23:36:44.455921,"Pune, IN",Pixel 9 Pro,Software subscription
TXN_20260717_01517_c5ee28,ACC57224534,ACC40593754,36280.78,14.0,False,completed,2026-07-17T23:23:50.301873,"Mumbai, IN",iPhone 16 Pro Max,Consulting fee
TXN_20260717_03665_17c347,ACC61076366,ACC16314613,7163.82,13.0,False,completed,2026-07-17T23:21:34.438579,"Bangalore, IN",OnePlus 12,Urgent remittance
TXN_20260717_02110_32a9bc,ACC40593754,ACC43907404,22907.26,22.0,False,completed,2026-07-17T23:16:04.569829,"Bangalore, IN",Samsung Galaxy S24 Ultra,Consulting fee
TXN_20260717_00322_6502e8,ACC25189145,ACC65809811,8489.82,22.0,False,completed,2026-07-17T23:13:26.094025,"Delhi, IN",iPad Pro (Safari),Consulting fee
TXN_20260717_05042_76bae6,ACC43467724,ACC43249524,12548.39,5.0,False,completed,2026-07-17T23:12:29.561783,"Kolkata, IN",iPad Pro (Safari),Invoice settlement
TXN_20260717_02680_509f44,ACC43907404,ACC43467724,207532.0,67.0,True,completed,2026-07-17T23:12:28.480856,"Pune, IN",Windows 11 (Edge 128),Grocery purchase
TXN_20260717_01475_fc462c,ACC43907404,ACC70103438,22844.27,12.0,False,completed,2026-07-17T22:58:37.638071,"Hyderabad, IN",OnePlus 12,P2P transfer
TXN_20260717_03030_925abe,ACC1002,ACC57029336,23966.76,7.0,False,completed,2026-07-17T22:51:51.895014,"Chennai, IN",Pixel 9 Pro,Vendor payment
TXN_20260717_00415_161f96,ACC10897161,ACC36297523,12871.5,27.0,False,completed,2026-07-17T22:50:26.534095,"Pune, IN",Windows 11 (Edge 128),Vendor payment
TXN_20260717_04079_17747b,ACC1004,ACC74473089,44149.41,7.0,False,completed,2026-07-17T22:47:33.030764,"Delhi, IN",iPad Pro (Safari),Software subscription
TXN_20260717_00159_2cdb13,ACC43467724,ACC82456100,15756.57,27.0,False,completed,2026-07-17T22:29:52.831998,"Chennai, IN",iPhone 16 Pro Max,Rent transfer
TXN_20260717_04658_1d1ce8,ACC43467724,ACC1002,34555.54,5.0,False,completed,2026-07-17T22:27:03.362718,"Jaipur, IN",OnePlus 12,Grocery purchase
TXN_20260717_00665_8c2687,ACC36297523,ACC1002,25500.18,23.0,False,completed,2026-07-17T22:01:52.975860,"Bangalore, IN",iPhone 16 Pro Max,Online payment
TXN_20260717_03474_fce537,ACC43467724,ACC36297523,27461.89,16.0,False,completed,2026-07-17T21:50:21.814514,"Bangalore, IN",iPad Pro (Safari),Rent transfer
TXN_20260717_01218_2aa67b,ACC43907404,ACC36297523,3401.54,27.0,False,completed,2026-07-17T21:48:04.733325,"Ahmedabad, IN",iPhone 16 Pro Max,Grocery purchase
TXN_20260717_03732_d502cb,ACC1003,ACC50081547,43336.17,13.0,False,completed,2026-07-17T21:43:23.615120,"Delhi, IN",iPhone 16 Pro Max,Urgent remittance
TXN_20260717_02746_e079db,ACC20858654,ACC97828025,42942.44,23.0,False,completed,2026-07-17T21:38:00.663646,"Pune, IN",Windows 11 (Edge 128),Invoice settlement
TXN_20260717_04014_d8d482,ACC25189145,ACC50081547,13145.34,10.0,False,completed,2026-07-17T21:26:32.377273,"Jaipur, IN",Pixel 9 Pro,Vendor payment
TXN_20260717_01722_4ec7b0,ACC91181015,ACC50081547,42595.02,13.0,False,completed,2026-07-17T20:49:54.079353,"Pune, IN",MacBook Pro (Chrome 128),Grocery purchase
TXN_20260717_01631_9406bf,ACC_RING_C,ACC11706152,8364.83,13.0,False,completed,2026-07-17T20:27:05.435160,"Bangalore, IN",OnePlus 12,Urgent remittance
TXN_20260717_00051_f16280,ACC43249524,ACC70103438,41667.52,21.0,False,completed,2026-07-17T20:26:41.623465,"Mumbai, IN",OnePlus 12,Vendor payment
TXN_20260717_02312_eedc36,ACC1001,ACC64246741,5027.91,13.0,False,completed,2026-07-17T19:35:06.668024,"Pune, IN",OnePlus 12,Utility bill
TXN_20260717_02669_7997c0,ACC_RING_A,ACC43467724,35434.65,24.0,False,completed,2026-07-17T19:34:48.304312,"Ahmedabad, IN",Pixel 9 Pro,Grocery purchase
TXN_20260717_03164_278a3f,ACC59760987,ACC75311120,11411.08,6.0,False,completed,2026-07-17T19:31:03.341376,"Bangalore, IN",Samsung Galaxy S24 Ultra,Invoice settlement
TXN_20260717_03884_a6bd6c,ACC15373430,ACC70103438,38999.38,26.0,False,completed,2026-07-17T19:22:03.051601,"Chennai, IN",Samsung Galaxy S24 Ultra,Consulting fee
TXN_20260717_05147_8ff59d,ACC36297523,ACC91181015,21597.14,18.0,False,completed,2026-07-17T19:17:57.189541,"Pune, IN",OnePlus 12,Vendor payment
TXN_20260717_04418_ddd2c4,ACC_RING_C,ACC1002,39743.54,15.0,False,completed,2026-07-17T19:17:13.601612,"Mumbai, IN",iPhone 16 Pro Max,Consulting fee
TXN_20260717_04408_6ede83,ACC57029336,ACC50081547,24823.85,8.0,False,completed,2026-07-17T18:46:44.923507,"Kolkata, IN",OnePlus 12,Grocery purchase
TXN_20260717_03389_73c280,ACC72717142,ACC1004,8499.99,6.0,False,completed,2026-07-17T18:33:28.916270,"Hyderabad, IN",iPad Pro (Safari),Rent transfer
TXN_20260717_05143_b3fcb5,ACC75311120,ACC97828025,15149.93,12.0,False,completed,2026-07-17T18:27:56.079786,"Bangalore, IN",iPhone 16 Pro Max,Urgent remittance
TXN_20260717_02962_24d07e,ACC_RING_B,ACC1001,15824.57,9.0,False,completed,2026-07-17T18:18:48.205092,"Ahmedabad, IN",iPhone 16 Pro Max,Software subscription
TXN_20260717_00430_703387,ACC70103438,ACC59760987,9212.06,16.0,False,completed,2026-07-17T18:13:17.582890,"Delhi, IN",iPhone 16 Pro Max,Rent transfer
TXN_20260717_03394_06d4da,ACC61076366,ACC59760987,43131.81,19.0,False,completed,2026-07-17T18:08:53.063316,"Chennai, IN",Pixel 9 Pro,P2P transfer
TXN_20260717_01699_63da86,ACC74473089,ACC43467724,534.17,26.0,False,completed,2026-07-17T18:07:25.816442,"Mumbai, IN",iPhone 16 Pro Max,Utility bill
TXN_20260717_02923_8e5bf5,ACC1003,ACC10897161,11908.76,5.0,False,completed,2026-07-17T17:26:31.821012,"Ahmedabad, IN",OnePlus 12,Consulting fee
TXN_20260717_04656_c5c968,ACC_RING_B,ACC75311120,7123.33,15.0,False,completed,2026-07-17T17:24:05.411802,"Hyderabad, IN",OnePlus 12,Online payment
TXN_20260717_04077_e8fee3,ACC50081547,ACC72717142,17176.15,15.0,False,completed,2026-07-17T17:19:34.149463,"Ahmedabad, IN",Windows 11 (Edge 128),Software subscription
TXN_20260717_00909_0ebfec,ACC43467724,ACC20858654,36672.71,12.0,False,completed,2026-07-17T17:18:59.814912,"Pune, IN",iPhone 16 Pro Max,Urgent remittance
TXN_20260717_00433_720908,ACC75311120,ACC65809811,43012.25,13.0,False,completed,2026-07-17T17:09:58.922467,"Chennai, IN",iPhone 16 Pro Max,Invoice settlement
TXN_20260717_04102_5cf14f,ACC1001,ACC57224534,43131.74,8.0,False,completed,2026-07-17T17:07:29.535575,"Jaipur, IN",iPad Pro (Safari),Grocery purchase
TXN_20260717_02521_0fc24f,ACC1002,ACC70103438,43272.78,28.0,False,completed,2026-07-17T16:56:19.272174,"Ahmedabad, IN",MacBook Pro (Chrome 128),Software subscription
TXN_20260717_03391_2abb46,ACC91181015,ACC43467724,1324.72,22.0,False,completed,2026-07-17T16:55:29.908740,"Chennai, IN",Windows 11 (Edge 128),Utility bill
TXN_20260717_03167_31cd05,ACC65809811,ACC75311120,8148.72,14.0,False,completed,2026-07-17T16:29:22.070418,"Hyderabad, IN",iPad Pro (Safari),Urgent remittance
TXN_20260717_02249_196a39,ACC91181015,ACC20858654,18229.38,5.0,False,completed,2026-07-17T16:01:28.331544,"Pune, IN",Samsung Galaxy S24 Ultra,Rent transfer
TXN_20260717_00460_1284a1,ACC64246741,ACC92107699,33555.49,17.0,False,completed,2026-07-17T15:59:20.329399,"Chennai, IN",Windows 11 (Edge 128),Consulting fee
TXN_20260717_00565_8353af,ACC20858654,ACC10897161,33846.92,22.0,False,completed,2026-07-17T15:48:38.781850,"Hyderabad, IN",iPhone 16 Pro Max,Online payment
TXN_20260717_04935_1d350c,ACC74473089,ACC16314613,33104.61,8.0,False,completed,2026-07-17T15:39:31.210750,"Delhi, IN",MacBook Pro (Chrome 128),Utility bill
TXN_20260717_04012_4ac90f,ACC74473089,ACC75311120,43963.84,5.0,False,completed,2026-07-17T15:34:43.467356,"Jaipur, IN",Pixel 9 Pro,Vendor payment
TXN_20260717_01723_3640eb,ACC50081547,ACC1004,8159.45,18.0,False,completed,2026-07-17T15:29:25.256651,"Bangalore, IN",Samsung Galaxy S24 Ultra,Utility bill
TXN_20260717_03196_fed806,ACC91181015,ACC57224534,22169.73,28.0,False,completed,2026-07-17T15:26:56.410442,"Hyderabad, IN",iPad Pro (Safari),Consulting fee
TXN_20260717_02790_c4fb67,ACC59760987,ACC50081547,21472.04,28.0,False,completed,2026-07-17T15:14:26.187200,"Pune, IN",iPhone 16 Pro Max,P2P transfer
TXN_20260717_04427_b8472d,ACC74473089,ACC1003,41411.97,18.0,False,completed,2026-07-17T15:11:03.358370,"Chennai, IN",iPhone 16 Pro Max,Grocery purchase
TXN_20260717_02423_ef596e,ACC70103438,ACC15211290,39926.75,18.0,False,completed,2026-07-17T15:11:00.727832,"Pune, IN",MacBook Pro (Chrome 128),Urgent remittance
TXN_20260717_00129_b0a262,ACC43907404,ACC59760987,30279.44,8.0,False,completed,2026-07-17T15:02:04.835920,"Jaipur, IN",Pixel 9 Pro,Grocery purchase
TXN_20260717_04733_1946a6,ACC_RING_C,ACC36297523,7207.72,10.0,False,completed,2026-07-17T14:54:10.875493,"Delhi, IN",OnePlus 12,Consulting fee
TXN_20260717_03178_5518e5,ACC_RING_C,ACC15373430,42584.9,17.0,False,completed,2026-07-17T14:52:27.581397,"Mumbai, IN",Pixel 9 Pro,Urgent remittance
TXN_20260717_03480_97f8da,ACC75311120,ACC36297523,126019.0,73.0,True,completed,2026-07-17T14:50:26.824876,"Bangalore, IN",Pixel 9 Pro,Online payment
TXN_20260717_02090_40d65c,ACC61076366,ACC_RING_A,40318.17,19.0,False,completed,2026-07-17T14:42:38.179848,"Kolkata, IN",iPad Pro (Safari),Utility bill
TXN_20260717_04633_8d26ec,ACC1002,ACC50081547,30399.49,22.0,False,completed,2026-07-17T14:36:45.943918,"Jaipur, IN",Pixel 9 Pro,P2P transfer
TXN_20260717_04200_9b1152,ACC20858654,ACC86445636,242185.0,71.0,True,completed,2026-07-17T14:33:36.347642,"Kolkata, IN",Pixel 9 Pro,Vendor payment
TXN_20260717_02800_70997e,ACC70103438,ACC25189145,197747.0,92.0,True,completed,2026-07-17T14:22:02.641655,"Kolkata, IN",OnePlus 12,Urgent remittance
TXN_20260717_02216_5c6fb3,ACC16314613,ACC82456100,40911.14,19.0,False,completed,2026-07-17T14:03:52.286569,"Kolkata, IN",OnePlus 12,Software subscription
TXN_20260717_04476_4fad26,ACC72717142,ACC40593754,44346.29,7.0,False,completed,2026-07-17T13:35:08.590687,"Delhi, IN",OnePlus 12,Grocery purchase
TXN_20260717_01134_1ded60,ACC75385116,ACC_RING_A,8011.34,21.0,False,completed,2026-07-17T12:56:21.090537,"Chennai, IN",MacBook Pro (Chrome 128),Invoice settlement
TXN_20260717_04147_126503,ACC97828025,ACC43249524,18000.38,25.0,False,completed,2026-07-17T12:42:13.306277,"Delhi, IN",Samsung Galaxy S24 Ultra,Consulting fee
TXN_20260717_00146_4ebb5d,ACC61076366,ACC57224534,11528.77,6.0,False,completed,2026-07-17T12:29:07.657458,"Jaipur, IN",iPhone 16 Pro Max,Consulting fee
TXN_20260717_03174_eb201b,ACC_RING_A,ACC82456100,11761.78,23.0,False,completed,2026-07-17T12:06:37.141627,"Kolkata, IN",OnePlus 12,Grocery purchase
TXN_20260717_02622_2265da,ACC74473089,ACC92107699,22961.45,25.0,False,completed,2026-07-17T11:38:47.628300,"Ahmedabad, IN",MacBook Pro (Chrome 128),Utility bill
TXN_20260717_03130_3900fa,ACC_RING_A,ACC82456100,21351.94,27.0,False,completed,2026-07-17T11:29:49.459659,"Pune, IN",MacBook Pro (Chrome 128),Grocery purchase
TXN_20260717_01833_feb17e,ACC1003,ACC64246741,41303.82,10.0,False,completed,2026-07-17T11:25:17.137146,"Mumbai, IN",iPhone 16 Pro Max,Invoice settlement
TXN_20260717_03407_b788f1,ACC43249524,ACC74473089,16612.06,20.0,False,completed,2026-07-17T10:59:11.597256,"Ahmedabad, IN",Samsung Galaxy S24 Ultra,Vendor payment
TXN_20260717_00542_4e480b,ACC57029336,ACC70103438,3636.14,11.0,False,completed,2026-07-17T10:49:11.926381,"Jaipur, IN",Samsung Galaxy S24 Ultra,Invoice settlement
TXN_20260717_05067_37323a,ACC11706152,ACC43467724,27565.0,20.0,False,completed,2026-07-17T10:35:03.342676,"Delhi, IN",MacBook Pro (Chrome 128),Invoice settlement
TXN_20260717_03310_39073e,ACC61076366,ACC82456100,21994.07,16.0,False,completed,2026-07-17T10:35:01.088688,"Mumbai, IN",Samsung Galaxy S24 Ultra,Online payment
TXN_20260717_01135_4658fb,ACC97828025,ACC_RING_A,22782.68,8.0,False,completed,2026-07-17T10:30:46.343469,"Hyderabad, IN",iPhone 16 Pro Max,Urgent remittance
TXN_20260717_01269_da4a9c,ACC59760987,ACC43467724,25658.31,16.0,False,completed,2026-07-17T10:24:33.307544,"Pune, IN",MacBook Pro (Chrome 128),Grocery purchase
TXN_20260717_03387_ac6c66,ACC39727090,ACC72717142,5640.4,26.0,False,completed,2026-07-17T10:19:11.545994,"Hyderabad, IN",iPhone 16 Pro Max,Utility bill
TXN_20260717_02945_f12a57,ACC43249524,ACC40593754,6561.04,5.0,False,completed,2026-07-17T10:02:30.128595,"Ahmedabad, IN",Pixel 9 Pro,Software subscription
TXN_20260717_03135_a8d74c,ACC61076366,ACC70103438,43172.54,16.0,False,completed,2026-07-17T09:56:23.637893,"Delhi, IN",iPhone 16 Pro Max,Urgent remittance
TXN_20260717_01298_8b8e1d,ACC57224534,ACC82456100,40612.03,20.0,False,completed,2026-07-17T09:26:00.517542,"Delhi, IN",OnePlus 12,Utility bill
TXN_20260717_04399_81cfad,ACC75385116,ACC20858654,31602.34,21.0,False,completed,2026-07-17T09:19:45.968566,"Pune, IN",iPad Pro (Safari),Vendor payment
TXN_20260717_03274_b8cdc8,ACC57224534,ACC43907404,28466.58,22.0,False,completed,2026-07-17T09:19:45.805852,"Bangalore, IN",OnePlus 12,Invoice settlement
TXN_20260717_03457_8a990d,ACC11706152,ACC36297523,2278.09,16.0,False,completed,2026-07-17T09:03:54.230070,"Jaipur, IN",Samsung Galaxy S24 Ultra,Grocery purchase
TXN_20260717_02451_555cc9,ACC25189145,ACC86445636,6223.1,26.0,False,completed,2026-07-17T08:57:55.495196,"Bangalore, IN",MacBook Pro (Chrome 128),P2P transfer
TXN_20260717_02912_2dee5f,ACC1002,ACC_RING_A,10163.6,13.0,False,completed,2026-07-17T08:50:15.565948,"Ahmedabad, IN",iPhone 16 Pro Max,Grocery purchase
TXN_20260717_03914_a0ac9b,ACC75311120,ACC57029336,5746.48,9.0,False,completed,2026-07-17T08:45:38.447422,"Bangalore, IN",Windows 11 (Edge 128),Rent transfer
TXN_20260717_01759_ed0b0c,ACC15373430,ACC39727090,32516.16,14.0,False,completed,2026-07-17T08:26:01.185840,"Chennai, IN",Windows 11 (Edge 128),P2P transfer
TXN_20260717_00486_45b989,ACC50081547,ACC39727090,27640.29,18.0,False,completed,2026-07-17T07:47:53.707051,"Bangalore, IN",iPhone 16 Pro Max,Invoice settlement
TXN_20260717_04053_3653ea,ACC_RING_A,ACC82456100,27401.05,26.0,False,completed,2026-07-17T07:47:30.808682,"Hyderabad, IN",iPhone 16 Pro Max,Invoice settlement
TXN_20260717_04367_d8a09e,ACC43907404,ACC57029336,42643.87,23.0,False,completed,2026-07-17T07:37:47.998561,"Delhi, IN",iPad Pro (Safari),P2P transfer
TXN_20260717_03287_d7bee3,ACC74473089,ACC1002,14298.88,17.0,False,completed,2026-07-17T07:10:12.195224,"Mumbai, IN",OnePlus 12,P2P transfer
TXN_20260717_00814_a5c9d4,ACC43907404,ACC57029336,27202.61,22.0,False,completed,2026-07-17T06:57:07.430617,"Delhi, IN",Windows 11 (Edge 128),Vendor payment
TXN_20260717_01374_0cd7e7,ACC66777666,ACC43249524,8803.02,23.0,False,completed,2026-07-17T06:34:49.778296,"Jaipur, IN",OnePlus 12,Invoice settlement
TXN_20260717_01299_4d9543,ACC1004,ACC64246741,29832.31,28.0,False,completed,2026-07-17T06:34:14.610962,"Jaipur, IN",MacBook Pro (Chrome 128),Invoice settlement
TXN_20260717_03520_553da3,ACC75311120,ACC11706152,57177.0,70.0,True,completed,2026-07-17T06:33:34.303627,"Hyderabad, IN",Windows 11 (Edge 128),Software subscription
TXN_20260717_02574_f79970,ACC50081547,ACC57224534,13408.12,25.0,False,completed,2026-07-17T06:21:16.113656,"Chennai, IN",iPad Pro (Safari),Software subscription
TXN_20260717_01400_d80d87,ACC57224534,ACC91181015,197025.0,82.0,True,completed,2026-07-17T06:16:29.841273,"Bangalore, IN",Samsung Galaxy S24 Ultra,Online payment
TXN_20260717_00828_8202bf,ACC43467724,ACC91181015,42728.84,7.0,False,completed,2026-07-17T06:11:37.008793,"Pune, IN",Samsung Galaxy S24 Ultra,Vendor payment
TXN_20260717_01481_6d1295,ACC57224534,ACC70103438,17512.83,5.0,False,completed,2026-07-17T05:55:11.440481,"Jaipur, IN",OnePlus 12,P2P transfer
TXN_20260717_03498_95d1a5,ACC43467724,ACC72717142,43412.51,20.0,False,completed,2026-07-17T05:51:52.098740,"Hyderabad, IN",iPhone 16 Pro Max,Vendor payment
TXN_20260717_04490_2c75a5,ACC40593754,ACC86445636,40810.24,25.0,False,completed,2026-07-17T05:41:44.422915,"Kolkata, IN",Pixel 9 Pro,Online payment
TXN_20260717_04690_3180d2,ACC40593754,ACC66777666,4075.48,28.0,False,completed,2026-07-17T05:26:44.949866,"Chennai, IN",Samsung Galaxy S24 Ultra,Invoice settlement
TXN_20260717_05117_0d672d,ACC15211290,ACC_RING_A,4591.28,9.0,False,completed,2026-07-17T05:21:18.534209,"Kolkata, IN",MacBook Pro (Chrome 128),Vendor payment
TXN_20260717_00514_aac139,ACC43249524,ACC43467724,41295.89,18.0,False,completed,2026-07-17T05:08:28.629880,"Jaipur, IN",OnePlus 12,Invoice settlement
TXN_20260717_02499_467f06,ACC61076366,ACC15373430,27343.26,26.0,False,completed,2026-07-17T04:57:28.304187,"Kolkata, IN",iPad Pro (Safari),Utility bill
TXN_20260717_02310_afe1e9,ACC1001,ACC59760987,9258.01,7.0,False,completed,2026-07-17T04:39:30.682638,"Bangalore, IN",iPhone 16 Pro Max,P2P transfer
TXN_20260717_02080_a4feba,ACC57224534,ACC1003,212226.0,88.0,True,completed,2026-07-17T04:38:50.734300,"Bangalore, IN",Windows 11 (Edge 128),Grocery purchase
TXN_20260717_02656_29d871,ACC_RING_A,ACC43467724,24448.95,19.0,False,completed,2026-07-17T04:26:53.041636,"Chennai, IN",iPad Pro (Safari),Grocery purchase
TXN_20260717_04980_7f6d1c,ACC43907404,ACC40593754,44072.41,26.0,False,completed,2026-07-17T04:15:02.144304,"Chennai, IN",iPhone 16 Pro Max,Utility bill
TXN_20260717_04853_dff5c4,ACC40593754,ACC70103438,22905.13,6.0,False,completed,2026-07-17T04:09:57.439524,"Chennai, IN",OnePlus 12,Urgent remittance
TXN_20260717_00485_dcbdf7,ACC39727090,ACC1002,31334.82,7.0,False,completed,2026-07-17T04:09:56.055948,"Jaipur, IN",Pixel 9 Pro,Online payment
TXN_20260717_03316_7d4369,ACC65809811,ACC59760987,11843.48,5.0,False,completed,2026-07-17T04:02:15.995443,"Ahmedabad, IN",Samsung Galaxy S24 Ultra,Invoice settlement
TXN_20260717_00275_5097f0,ACC36297523,ACC75385116,23314.49,23.0,False,completed,2026-07-17T03:21:54.063027,"Kolkata, IN",Samsung Galaxy S24 Ultra,Vendor payment
TXN_20260717_00781_8909ce,ACC16314613,ACC15211290,2783.86,26.0,False,completed,2026-07-17T03:16:00.325662,"Chennai, IN",iPad Pro (Safari),Online payment
TXN_20260717_03193_ac7bbd,ACC92107699,ACC11706152,15921.66,24.0,False,completed,2026-07-17T03:05:34.923591,"Hyderabad, IN",Samsung Galaxy S24 Ultra,Rent transfer
TXN_20260717_02804_7c3833,ACC11706152,ACC57224534,7325.91,28.0,False,completed,2026-07-17T02:55:22.826617,"Chennai, IN",Windows 11 (Edge 128),Online payment
TXN_20260717_02879_880744,ACC43467724,ACC86445636,12959.54,20.0,False,completed,2026-07-17T02:55:19.475620,"Bangalore, IN",Windows 11 (Edge 128),Consulting fee
TXN_20260717_01116_a24666,ACC64246741,ACC36297523,42131.02,26.0,False,completed,2026-07-17T02:53:27.790835,"Jaipur, IN",iPhone 16 Pro Max,Software subscription
TXN_20260717_03449_067cc8,ACC43249524,ACC91181015,37183.01,8.0,False,completed,2026-07-17T02:52:08.077293,"Delhi, IN",MacBook Pro (Chrome 128),Invoice settlement
TXN_20260717_03385_8e836b,ACC82456100,ACC_RING_B,2914.95,10.0,False,completed,2026-07-17T02:35:00.991462,"Ahmedabad, IN",OnePlus 12,P2P transfer
TXN_20260717_02785_da9a7a,ACC1004,ACC40593754,38290.58,17.0,False,completed,2026-07-17T02:10:03.888965,"Hyderabad, IN",iPad Pro (Safari),Urgent remittance
TXN_20260717_01398_9f5739,ACC39727090,ACC92107699,31372.03,12.0,False,completed,2026-07-17T01:59:42.396445,"Chennai, IN",Windows 11 (Edge 128),Utility bill
TXN_20260717_04246_e61aff,ACC65809811,ACC92107699,31491.49,21.0,False,completed,2026-07-17T01:59:06.225169,"Hyderabad, IN",Windows 11 (Edge 128),Utility bill
TXN_20260717_00301_cbf0bd,ACC75311120,ACC72717142,9612.77,27.0,False,completed,2026-07-17T01:45:07.913114,"Mumbai, IN",MacBook Pro (Chrome 128),Vendor payment
TXN_20260717_03039_890abb,ACC86445636,ACC1003,19267.29,15.0,False,completed,2026-07-17T01:31:10.159682,"Delhi, IN",Samsung Galaxy S24 Ultra,Vendor payment
TXN_20260717_03197_d0ef72,ACC43907404,ACC15373430,32570.1,8.0,False,completed,2026-07-17T01:22:15.073424,"Ahmedabad, IN",iPad Pro (Safari),Urgent remittance
TXN_20260717_01804_1db044,ACC86445636,ACC39727090,6906.0,13.0,False,completed,2026-07-17T00:57:46.387405,"Mumbai, IN",Samsung Galaxy S24 Ultra,Grocery purchase
TXN_20260717_03403_556300,ACC43907404,ACC1004,7452.13,15.0,False,completed,2026-07-17T00:51:43.144948,"Hyderabad, IN",iPad Pro (Safari),P2P transfer
TXN_20260717_04337_d845d4,ACC_RING_C,ACC1003,44696.52,18.0,False,completed,2026-07-17T00:35:41.594960,"Jaipur, IN",iPad Pro (Safari),Grocery purchase
TXN_20260717_04610_f209cd,ACC72717142,ACC20858654,40510.81,24.0,False,completed,2026-07-17T00:31:58.706556,"Ahmedabad, IN",Samsung Galaxy S24 Ultra,Grocery purchase
TXN_20260717_00062_dc6941,ACC_RING_A,ACC57029336,13849.19,8.0,False,completed,2026-07-17T00:30:22.676697,"Mumbai, IN",Samsung Galaxy S24 Ultra,Vendor payment
TXN_20260717_01702_f92a54,ACC1001,ACC86445636,11322.51,19.0,False,completed,2026-07-17T00:24:51.162387,"Ahmedabad, IN",Pixel 9 Pro,Utility bill
TXN_20260717_01470_a6903b,ACC43249524,ACC75311120,678.14,13.0,False,completed,2026-07-17T00:22:26.460530,"Pune, IN",Pixel 9 Pro,Urgent remittance
TXN_20260717_00303_be1942,ACC1001,ACC70103438,32634.7,23.0,False,completed,2026-07-17T00:06:37.801420,"Pune, IN",Samsung Galaxy S24 Ultra,Invoice settlement
TXN_20260716_00023_d96525,ACC11706152,ACC75385116,129274.0,70.0,True,completed,2026-07-16T23:52:58.812464,"Delhi, IN",Windows 11 (Edge 128),Online payment
TXN_20260716_03845_8674e2,ACC16314613,ACC11706152,3889.91,8.0,False,completed,2026-07-16T23:47:37.630708,"Delhi, IN",iPhone 16 Pro Max,Utility bill
TXN_20260716_03020_e0d863,ACC43249524,ACC20858654,14175.62,5.0,False,completed,2026-07-16T23:46:27.985823,"Mumbai, IN",MacBook Pro (Chrome 128),Grocery purchase
TXN_20260716_03573_1e1a05,ACC1001,ACC40593754,20561.82,26.0,False,completed,2026-07-16T23:41:35.162015,"Pune, IN",Samsung Galaxy S24 Ultra,P2P transfer
TXN_20260716_04506_033ca3,ACC64246741,ACC_RING_A,26719.39,15.0,False,completed,2026-07-16T23:40:10.201576,"Mumbai, IN",iPhone 16 Pro Max,P2P transfer
TXN_20260716_04594_67c201,ACC82456100,ACC_RING_B,27424.18,28.0,False,completed,2026-07-16T23:33:53.358099,"Hyderabad, IN",iPhone 16 Pro Max,P2P transfer
TXN_20260716_04182_d7b746,ACC64246741,ACC75385116,7380.91,24.0,False,completed,2026-07-16T23:26:23.948027,"Pune, IN",iPhone 16 Pro Max,Consulting fee
TXN_20260716_00472_5d1977,ACC57029336,ACC91181015,32184.64,9.0,False,completed,2026-07-16T23:16:52.430547,"Delhi, IN",iPhone 16 Pro Max,Vendor payment
TXN_20260716_02768_a678f3,ACC57029336,ACC74473089,19004.04,5.0,False,completed,2026-07-16T22:55:03.409172,"Chennai, IN",MacBook Pro (Chrome 128),Vendor payment
TXN_20260716_05032_5e3965,ACC57224534,ACC50081547,7498.03,23.0,False,completed,2026-07-16T22:52:47.327462,"Hyderabad, IN",Samsung Galaxy S24 Ultra,Vendor payment
TXN_20260716_04263_a40b9a,ACC20858654,ACC66777666,43304.28,10.0,False,completed,2026-07-16T22:44:54.830980,"Chennai, IN",iPhone 16 Pro Max,Consulting fee
TXN_20260716_00705_636d40,ACC1003,ACC86445636,8035.91,7.0,False,completed,2026-07-16T22:43:21.625134,"Chennai, IN",Pixel 9 Pro,P2P transfer
TXN_20260716_05059_f36784,ACC36297523,ACC74473089,16587.63,17.0,False,completed,2026-07-16T22:40:30.471284,"Hyderabad, IN",OnePlus 12,Urgent remittance
TXN_20260716_03852_9c86a0,ACC64246741,ACC15211290,40020.73,21.0,False,completed,2026-07-16T22:40:30.050704,"Bangalore, IN",MacBook Pro (Chrome 128),Invoice settlement
TXN_20260716_04065_fd8a3f,ACC75311120,ACC43249524,16227.75,14.0,False,completed,2026-07-16T22:10:36.529216,"Mumbai, IN",MacBook Pro (Chrome 128),Utility bill
TXN_20260716_01991_5651d2,ACC43907404,ACC66777666,375.28,26.0,False,completed,2026-07-16T22:04:31.951468,"Chennai, IN",iPad Pro (Safari),Consulting fee
TXN_20260716_00053_bee407,ACC50081547,ACC_RING_C,20631.32,15.0,False,completed,2026-07-16T22:00:25.556246,"Jaipur, IN",OnePlus 12,Consulting fee
TXN_20260716_00077_fcdd0d,ACC15211290,ACC1004,4596.93,21.0,False,completed,2026-07-16T21:54:56.078369,"Chennai, IN",OnePlus 12,Software subscription
TXN_20260716_01813_02a89b,ACC91181015,ACC11706152,11066.87,26.0,False,completed,2026-07-16T21:52:57.646225,"Kolkata, IN",MacBook Pro (Chrome 128),P2P transfer
TXN_20260716_04998_5c8d0a,ACC10897161,ACC25189145,9347.1,26.0,False,completed,2026-07-16T21:47:32.549682,"Mumbai, IN",iPhone 16 Pro Max,Invoice settlement
TXN_20260716_04285_f7d704,ACC75385116,ACC1001,510.08,5.0,False,completed,2026-07-16T21:40:29.799539,"Bangalore, IN",MacBook Pro (Chrome 128),Grocery purchase
TXN_20260716_00444_9ff145,ACC11706152,ACC40593754,22873.32,18.0,False,completed,2026-07-16T21:40:26.727745,"Bangalore, IN",Pixel 9 Pro,Grocery purchase
TXN_20260716_00151_409675,ACC92107699,ACC36297523,23230.17,20.0,False,completed,2026-07-16T21:38:29.761957,"Ahmedabad, IN",iPhone 16 Pro Max,Utility bill
TXN_20260716_02631_ef3cb4,ACC1003,ACC75385116,36007.48,10.0,False,completed,2026-07-16T21:12:37.742085,"Kolkata, IN",Pixel 9 Pro,Software subscription
TXN_20260716_01216_2495bd,ACC50081547,ACC91181015,2974.59,21.0,False,completed,2026-07-16T20:59:23.936721,"Jaipur, IN",Windows 11 (Edge 128),Rent transfer
TXN_20260716_02439_25d1dd,ACC10897161,ACC82456100,30670.7,23.0,False,completed,2026-07-16T20:31:21.644558,"Jaipur, IN",Windows 11 (Edge 128),Vendor payment
TXN_20260716_05083_0b447c,ACC75385116,ACC70103438,3750.02,26.0,False,completed,2026-07-16T20:26:58.161473,"Bangalore, IN",Windows 11 (Edge 128),Urgent remittance
TXN_20260716_02397_947181,ACC65809811,ACC25189145,10228.24,23.0,False,completed,2026-07-16T20:03:48.951841,"Chennai, IN",Windows 11 (Edge 128),Online payment
TXN_20260716_04634_cdc408,ACC_RING_A,ACC97828025,29093.21,20.0,False,completed,2026-07-16T20:01:22.972732,"Jaipur, IN",iPad Pro (Safari),Software subscription
TXN_20260716_04499_f0f520,ACC74473089,ACC15373430,25148.26,8.0,False,completed,2026-07-16T19:56:22.263528,"Ahmedabad, IN",Pixel 9 Pro,Online payment
TXN_20260716_01102_e48806,ACC1004,ACC92107699,15226.33,28.0,False,completed,2026-07-16T19:54:38.705071,"Jaipur, IN",Pixel 9 Pro,P2P transfer
TXN_20260716_03392_f2b7ba,ACC91181015,ACC82456100,7340.62,17.0,False,completed,2026-07-16T19:39:22.539944,"Bangalore, IN",iPhone 16 Pro Max,Software subscription
TXN_20260716_03805_0869b3,ACC1001,ACC57224534,34266.03,23.0,False,completed,2026-07-16T19:21:39.520463,"Pune, IN",Samsung Galaxy S24 Ultra,Grocery purchase
TXN_20260716_04640_48823b,ACC70103438,ACC36297523,178286.0,80.0,True,completed,2026-07-16T19:03:53.071036,"Chennai, IN",MacBook Pro (Chrome 128),Grocery purchase
TXN_20260716_03034_8e91b5,ACC_RING_C,ACC15211290,20770.07,22.0,False,completed,2026-07-16T18:59:25.657120,"Bangalore, IN",Windows 11 (Edge 128),Utility bill
TXN_20260716_00105_d6b1af,ACC_RING_B,ACC36297523,22704.43,5.0,False,completed,2026-07-16T18:58:57.061207,"Chennai, IN",Samsung Galaxy S24 Ultra,Grocery purchase
TXN_20260716_01981_539e5a,ACC82456100,ACC1003,29886.95,24.0,False,completed,2026-07-16T18:38:01.367891,"Bangalore, IN",iPhone 16 Pro Max,Consulting fee
TXN_20260716_01114_5a99fd,ACC36297523,ACC57029336,18241.89,10.0,False,completed,2026-07-16T18:36:50.270012,"Chennai, IN",Pixel 9 Pro,Software subscription
TXN_20260716_04465_0922dd,ACC86445636,ACC1001,16256.43,23.0,False,completed,2026-07-16T18:28:51.395640,"Chennai, IN",Windows 11 (Edge 128),Vendor payment
TXN_20260716_03153_00d9d3,ACC_RING_C,ACC91181015,1134.04,17.0,False,completed,2026-07-16T18:26:38.397233,"Ahmedabad, IN",iPad Pro (Safari),Invoice settlement
TXN_20260716_04711_fbb88d,ACC57029336,ACC91181015,26760.92,28.0,False,completed,2026-07-16T18:26:12.075731,"Ahmedabad, IN",Windows 11 (Edge 128),P2P transfer
TXN_20260716_03775_2acc20,ACC10897161,ACC74473089,11086.51,17.0,False,completed,2026-07-16T18:07:40.991739,"Mumbai, IN",Windows 11 (Edge 128),Rent transfer
TXN_20260716_02775_9291c5,ACC25189145,ACC74473089,29086.62,9.0,False,completed,2026-07-16T18:07:32.394239,"Jaipur, IN",Windows 11 (Edge 128),Online payment
TXN_20260716_04036_20aadb,ACC91181015,ACC40593754,1335.24,18.0,False,completed,2026-07-16T18:03:55.252571,"Hyderabad, IN",Samsung Galaxy S24 Ultra,Online payment
TXN_20260716_00452_b62dde,ACC_RING_C,ACC75311120,10444.74,9.0,False,completed,2026-07-16T17:44:28.589307,"Hyderabad, IN",iPad Pro (Safari),Software subscription
TXN_20260716_00237_2b1344,ACC1002,ACC20858654,23799.34,22.0,False,completed,2026-07-16T17:41:03.272053,"Jaipur, IN",MacBook Pro (Chrome 128),Utility bill
TXN_20260716_01606_b11781,ACC_RING_A,ACC_RING_B,26920.36,23.0,False,completed,2026-07-16T17:28:14.174652,"Ahmedabad, IN",Pixel 9 Pro,Online payment
TXN_20260716_03012_7609e1,ACC40593754,ACC1003,14916.25,6.0,False,completed,2026-07-16T17:27:21.091796,"Bangalore, IN",MacBook Pro (Chrome 128),Online payment
TXN_20260716_01097_9ad354,ACC20858654,ACC66777666,1559.03,24.0,False,completed,2026-07-16T17:23:52.695250,"Mumbai, IN",iPad Pro (Safari),Utility bill
TXN_20260716_02877_7321fc,ACC70103438,ACC59760987,27982.14,13.0,False,completed,2026-07-16T17:06:17.970514,"Pune, IN",iPhone 16 Pro Max,Consulting fee
TXN_20260716_04249_02e14b,ACC10897161,ACC72717142,42027.33,13.0,False,completed,2026-07-16T16:46:05.580685,"Ahmedabad, IN",MacBook Pro (Chrome 128),Consulting fee
TXN_20260716_02390_518506,ACC15211290,ACC1003,33576.64,5.0,False,completed,2026-07-16T16:11:42.193319,"Bangalore, IN",Samsung Galaxy S24 Ultra,Online payment
TXN_20260716_03536_a8c462,ACC72717142,ACC_RING_B,38278.93,12.0,False,completed,2026-07-16T16:03:52.519781,"Delhi, IN",MacBook Pro (Chrome 128),Invoice settlement
TXN_20260716_01061_ac385e,ACC64246741,ACC15373430,27185.19,13.0,False,completed,2026-07-16T16:03:15.167292,"Hyderabad, IN",iPad Pro (Safari),Grocery purchase
TXN_20260716_01559_7befe1,ACC40593754,ACC97828025,13320.29,9.0,False,completed,2026-07-16T15:55:57.193235,"Mumbai, IN",iPad Pro (Safari),Invoice settlement
TXN_20260716_03697_60e3cf,ACC1002,ACC64246741,9567.08,7.0,False,completed,2026-07-16T15:55:30.438558,"Kolkata, IN",Windows 11 (Edge 128),Vendor payment
TXN_20260716_05149_505a37,ACC64246741,ACC86445636,33182.57,19.0,False,completed,2026-07-16T15:32:18.231287,"Mumbai, IN",Windows 11 (Edge 128),Urgent remittance
TXN_20260716_00294_885f6e,ACC36297523,ACC65809811,3790.96,5.0,False,completed,2026-07-16T15:29:11.100578,"Ahmedabad, IN",OnePlus 12,P2P transfer
TXN_20260716_01369_7a0dca,ACC91181015,ACC40593754,36213.77,15.0,False,completed,2026-07-16T15:06:02.304012,"Bangalore, IN",iPhone 16 Pro Max,Rent transfer
TXN_20260716_04431_b03a9a,ACC15373430,ACC74473089,9276.12,18.0,False,completed,2026-07-16T14:49:49.469940,"Hyderabad, IN",Windows 11 (Edge 128),Online payment
TXN_20260716_00140_7b74ac,ACC1004,ACC50081547,6353.76,14.0,False,completed,2026-07-16T14:49:02.794213,"Hyderabad, IN",iPhone 16 Pro Max,Invoice settlement
TXN_20260716_00186_90f7d4,ACC20858654,ACC74473089,14977.89,27.0,False,completed,2026-07-16T14:42:05.701906,"Chennai, IN",MacBook Pro (Chrome 128),Urgent remittance
TXN_20260716_01449_3dd077,ACC10897161,ACC15211290,29643.81,21.0,False,completed,2026-07-16T14:32:47.860648,"Hyderabad, IN",Pixel 9 Pro,P2P transfer
TXN_20260716_00540_59d8a5,ACC86445636,ACC1004,23891.72,9.0,False,completed,2026-07-16T14:15:44.826448,"Chennai, IN",Samsung Galaxy S24 Ultra,Utility bill
TXN_20260716_00025_54fa15,ACC75385116,ACC15211290,242255.0,91.0,True,completed,2026-07-16T14:14:00.453996,"Mumbai, IN",iPhone 16 Pro Max,Urgent remittance
TXN_20260716_01312_dd6a8b,ACC_RING_C,ACC39727090,28079.01,12.0,False,completed,2026-07-16T14:12:04.246822,"Mumbai, IN",iPhone 16 Pro Max,Online payment
TXN_20260716_03075_b304a3,ACC15373430,ACC15211290,9855.7,22.0,False,completed,2026-07-16T13:52:12.805958,"Jaipur, IN",Windows 11 (Edge 128),Utility bill
TXN_20260716_01205_dee7b2,ACC16314613,ACC97828025,42576.0,14.0,False,completed,2026-07-16T13:40:10.764282,"Chennai, IN",Windows 11 (Edge 128),Vendor payment
TXN_20260716_03874_52aca2,ACC75385116,ACC_RING_B,43005.48,21.0,False,completed,2026-07-16T13:38:38.820069,"Pune, IN",iPad Pro (Safari),P2P transfer
TXN_20260716_04346_9bf785,ACC1004,ACC86445636,36399.07,16.0,False,completed,2026-07-16T13:27:30.618119,"Delhi, IN",iPad Pro (Safari),Vendor payment
TXN_20260716_04915_724cd9,ACC91181015,ACC40593754,370.15,6.0,False,completed,2026-07-16T13:18:07.601181,"Pune, IN",MacBook Pro (Chrome 128),Invoice settlement
TXN_20260716_00696_d88d4b,ACC15211290,ACC_RING_A,21403.27,25.0,False,completed,2026-07-16T13:14:04.654831,"Kolkata, IN",MacBook Pro (Chrome 128),Consulting fee
TXN_20260716_04344_a660f0,ACC50081547,ACC75311120,26941.75,18.0,False,completed,2026-07-16T13:05:01.795205,"Chennai, IN",Pixel 9 Pro,Grocery purchase
TXN_20260716_04586_dede7c,ACC72717142,ACC_RING_A,30968.77,25.0,False,completed,2026-07-16T12:58:57.709957,"Pune, IN",OnePlus 12,Urgent remittance
TXN_20260716_01308_1d9644,ACC43467724,ACC74473089,44203.69,14.0,False,completed,2026-07-16T12:57:22.991226,"Bangalore, IN",OnePlus 12,Urgent remittance
TXN_20260716_03779_d7a486,ACC1004,ACC57029336,19684.28,8.0,False,completed,2026-07-16T12:47:34.181860,"Hyderabad, IN",iPhone 16 Pro Max,Consulting fee
TXN_20260716_00620_b32363,ACC40593754,ACC82456100,2011.83,21.0,False,completed,2026-07-16T12:16:01.737470,"Chennai, IN",OnePlus 12,Vendor payment
TXN_20260716_01288_8ef8b3,ACC92107699,ACC65809811,36273.7,24.0,False,completed,2026-07-16T12:04:42.710164,"Jaipur, IN",OnePlus 12,Invoice settlement
TXN_20260716_01798_4aba26,ACC25189145,ACC70103438,16671.22,10.0,False,completed,2026-07-16T11:56:29.141802,"Hyderabad, IN",iPad Pro (Safari),Online payment
TXN_20260716_02582_c56e82,ACC72717142,ACC65809811,34933.28,26.0,False,completed,2026-07-16T11:55:17.178101,"Mumbai, IN",Samsung Galaxy S24 Ultra,P2P transfer
TXN_20260716_04322_03135f,ACC11706152,ACC43467724,17754.34,5.0,False,completed,2026-07-16T11:52:21.268910,"Ahmedabad, IN",Pixel 9 Pro,Utility bill
TXN_20260716_00755_36b7b2,ACC20858654,ACC66777666,17830.0,10.0,False,completed,2026-07-16T11:51:09.481495,"Jaipur, IN",OnePlus 12,Online payment
TXN_20260716_04256_a0e416,ACC20858654,ACC59760987,42362.93,11.0,False,completed,2026-07-16T11:32:26.313377,"Pune, IN",OnePlus 12,Urgent remittance
TXN_20260716_03549_cddcc0,ACC_RING_A,ACC86445636,19170.51,24.0,False,completed,2026-07-16T11:31:23.965298,"Jaipur, IN",MacBook Pro (Chrome 128),Rent transfer
TXN_20260716_03112_4cc709,ACC66777666,ACC65809811,2398.73,26.0,False,completed,2026-07-16T11:31:20.869384,"Ahmedabad, IN",OnePlus 12,Online payment
TXN_20260716_02492_d07368,ACC16314613,ACC86445636,16372.1,24.0,False,completed,2026-07-16T11:16:24.792948,"Jaipur, IN",Samsung Galaxy S24 Ultra,Utility bill
TXN_20260716_02863_bc3878,ACC_RING_B,ACC75311120,41088.21,25.0,False,completed,2026-07-16T11:16:15.913865,"Jaipur, IN",Pixel 9 Pro,Rent transfer
TXN_20260716_01711_bd2b1c,ACC65809811,ACC64246741,36641.06,10.0,False,completed,2026-07-16T10:55:24.542657,"Mumbai, IN",OnePlus 12,Vendor payment
TXN_20260716_03141_63398c,ACC50081547,ACC75311120,42037.36,9.0,False,completed,2026-07-16T10:53:05.428165,"Jaipur, IN",Samsung Galaxy S24 Ultra,P2P transfer
TXN_20260716_04274_c6cfd7,ACC15373430,ACC1003,9937.83,28.0,False,completed,2026-07-16T10:52:55.689411,"Chennai, IN",Pixel 9 Pro,P2P transfer
TXN_20260716_03768_c26682,ACC61076366,ACC36297523,25351.81,22.0,False,completed,2026-07-16T10:22:29.372057,"Hyderabad, IN",Pixel 9 Pro,Online payment
TXN_20260716_04712_43f840,ACC74473089,ACC61076366,7392.98,8.0,False,completed,2026-07-16T10:18:27.978672,"Bangalore, IN",Windows 11 (Edge 128),Utility bill
TXN_20260716_01564_782873,ACC72717142,ACC15211290,37463.43,27.0,False,completed,2026-07-16T10:17:11.087205,"Bangalore, IN",OnePlus 12,Online payment
TXN_20260716_03467_ce51d5,ACC15373430,ACC61076366,7671.3,15.0,False,completed,2026-07-16T10:16:56.468895,"Delhi, IN",iPad Pro (Safari),Software subscription
TXN_20260716_04381_dfcdf4,ACC39727090,ACC66777666,15903.98,22.0,False,completed,2026-07-16T10:08:43.270880,"Pune, IN",iPhone 16 Pro Max,Urgent remittance
TXN_20260716_00022_ff321c,ACC43249524,ACC57224534,143026.0,76.0,True,completed,2026-07-16T09:57:49.249719,"Hyderabad, IN",Pixel 9 Pro,Online payment
TXN_20260716_04387_7f0110,ACC92107699,ACC43467724,29957.45,13.0,False,completed,2026-07-16T09:56:04.313024,"Mumbai, IN",Windows 11 (Edge 128),Software subscription
TXN_20260716_02192_c24d55,ACC_RING_B,ACC1001,20953.6,19.0,False,completed,2026-07-16T09:48:08.009848,"Chennai, IN",iPad Pro (Safari),Software subscription
TXN_20260716_03861_4bcf73,ACC43467724,ACC86445636,544.74,15.0,False,completed,2026-07-16T09:46:25.670757,"Pune, IN",Pixel 9 Pro,P2P transfer
TXN_20260716_04570_424dd1,ACC57029336,ACC43907404,10357.14,7.0,False,completed,2026-07-16T09:39:19.986014,"Delhi, IN",OnePlus 12,Consulting fee
TXN_20260716_02221_b92ef4,ACC66777666,ACC15373430,31007.41,20.0,False,completed,2026-07-16T09:34:58.374024,"Kolkata, IN",OnePlus 12,P2P transfer
TXN_20260716_00426_71139d,ACC43249524,ACC65809811,15711.58,8.0,False,completed,2026-07-16T09:24:09.444769,"Mumbai, IN",iPhone 16 Pro Max,P2P transfer
TXN_20260716_03495_7fb801,ACC39727090,ACC15211290,42581.36,12.0,False,completed,2026-07-16T09:04:02.261515,"Jaipur, IN",iPhone 16 Pro Max,Rent transfer
TXN_20260716_03406_c3d6fd,ACC43467724,ACC16314613,12800.84,18.0,False,completed,2026-07-16T08:59:43.014118,"Ahmedabad, IN",iPad Pro (Safari),P2P transfer
TXN_20260716_05016_9cf635,ACC97828025,ACC20858654,5186.55,20.0,False,completed,2026-07-16T08:58:25.420886,"Jaipur, IN",Pixel 9 Pro,Online payment
TXN_20260716_01591_eea05a,ACC75385116,ACC40593754,36527.14,23.0,False,completed,2026-07-16T08:52:21.722026,"Chennai, IN",iPad Pro (Safari),Software subscription
TXN_20260716_04538_f7f7f8,ACC_RING_B,ACC70103438,33343.55,27.0,False,completed,2026-07-16T08:51:00.243054,"Pune, IN",OnePlus 12,Consulting fee
TXN_20260716_03372_2381c0,ACC_RING_B,ACC91181015,24366.4,6.0,False,completed,2026-07-16T08:47:57.243286,"Chennai, IN",OnePlus 12,Rent transfer
TXN_20260716_02277_42ad80,ACC16314613,ACC10897161,9591.93,25.0,False,completed,2026-07-16T08:47:56.912538,"Jaipur, IN",iPhone 16 Pro Max,Urgent remittance
TXN_20260716_05118_922a02,ACC1002,ACC15373430,29185.12,12.0,False,completed,2026-07-16T08:38:09.881094,"Mumbai, IN",Pixel 9 Pro,Online payment
TXN_20260716_03057_f6e8ee,ACC36297523,ACC1004,31635.67,11.0,False,completed,2026-07-16T08:21:47.408399,"Chennai, IN",OnePlus 12,Software subscription
TXN_20260716_02533_1c74b0,ACC65809811,ACC15211290,40127.03,6.0,False,completed,2026-07-16T08:15:57.140321,"Ahmedabad, IN",OnePlus 12,Rent transfer
TXN_20260716_00617_9f68f2,ACC11706152,ACC43467724,32465.76,17.0,False,completed,2026-07-16T08:11:51.811431,"Jaipur, IN",Windows 11 (Edge 128),Invoice settlement
TXN_20260716_01253_0b8e0f,ACC57029336,ACC86445636,25989.6,28.0,False,completed,2026-07-16T08:09:11.003432,"Bangalore, IN",iPhone 16 Pro Max,Invoice settlement
TXN_20260716_01997_46294d,ACC43907404,ACC75385116,37674.28,11.0,False,completed,2026-07-16T08:06:18.810463,"Delhi, IN",MacBook Pro (Chrome 128),Vendor payment
TXN_20260716_00597_d0f17c,ACC10897161,ACC16314613,31997.33,9.0,False,completed,2026-07-16T08:04:53.925270,"Hyderabad, IN",Windows 11 (Edge 128),Online payment
TXN_20260716_00523_5895d1,ACC1004,ACC97828025,4684.19,14.0,False,completed,2026-07-16T08:02:55.721538,"Pune, IN",Windows 11 (Edge 128),Online payment
TXN_20260716_03194_cc1bea,ACC25189145,ACC43249524,37438.17,21.0,False,completed,2026-07-16T08:01:34.853539,"Pune, IN",Windows 11 (Edge 128),Rent transfer
TXN_20260716_04817_bd57b1,ACC11706152,ACC43907404,2892.7,25.0,False,completed,2026-07-16T07:58:56.523719,"Delhi, IN",OnePlus 12,P2P transfer
TXN_20260716_01713_ede519,ACC1003,ACC_RING_B,43159.28,26.0,False,completed,2026-07-16T07:36:01.270261,"Kolkata, IN",Pixel 9 Pro,Utility bill
TXN_20260716_02514_e7db24,ACC25189145,ACC43467724,40799.67,7.0,False,completed,2026-07-16T07:26:17.098231,"Chennai, IN",OnePlus 12,Urgent remittance
TXN_20260716_01164_76042f,ACC36297523,ACC43249524,36680.4,24.0,False,completed,2026-07-16T07:22:17.472774,"Hyderabad, IN",Samsung Galaxy S24 Ultra,Grocery purchase
TXN_20260716_02620_854d5d,ACC1002,ACC1003,16988.93,9.0,False,completed,2026-07-16T07:18:20.721460,"Hyderabad, IN",Samsung Galaxy S24 Ultra,Consulting fee
TXN_20260716_01199_1dad51,ACC10897161,ACC_RING_A,30515.93,21.0,False,completed,2026-07-16T07:15:12.064630,"Delhi, IN",MacBook Pro (Chrome 128),Invoice settlement
TXN_20260716_01249_1ae3e7,ACC10897161,ACC92107699,7704.47,9.0,False,completed,2026-07-16T07:09:59.374118,"Hyderabad, IN",MacBook Pro (Chrome 128),Rent transfer
TXN_20260716_02914_13803e,ACC_RING_B,ACC1003,12619.0,15.0,False,completed,2026-07-16T06:33:42.394646,"Bangalore, IN",OnePlus 12,Online payment
TXN_20260716_02253_0feba4,ACC92107699,ACC50081547,23828.92,19.0,False,completed,2026-07-16T06:16:08.240216,"Delhi, IN",Windows 11 (Edge 128),Software subscription
TXN_20260716_00032_b07ea4,ACC_RING_B,ACC61076366,193535.0,92.0,True,completed,2026-07-16T06:14:56.541797,"Kolkata, IN",Samsung Galaxy S24 Ultra,Consulting fee
TXN_20260716_02837_ed9a98,ACC97828025,ACC59760987,8298.95,20.0,False,completed,2026-07-16T06:13:45.869857,"Hyderabad, IN",OnePlus 12,Software subscription
TXN_20260716_03233_1eb6df,ACC64246741,ACC86445636,40101.83,14.0,False,completed,2026-07-16T05:45:40.296698,"Pune, IN",Windows 11 (Edge 128),Consulting fee
TXN_20260716_03570_9a43a0,ACC65809811,ACC57224534,13535.12,21.0,False,completed,2026-07-16T05:44:42.344078,"Kolkata, IN",Windows 11 (Edge 128),Invoice settlement
TXN_20260716_02770_53f91e,ACC75385116,ACC25189145,20289.41,15.0,False,completed,2026-07-16T05:29:28.927756,"Ahmedabad, IN",iPhone 16 Pro Max,P2P transfer
TXN_20260716_04683_35d492,ACC50081547,ACC74473089,26889.93,13.0,False,completed,2026-07-16T05:15:38.603885,"Bangalore, IN",iPad Pro (Safari),Utility bill
TXN_20260716_03947_28418a,ACC43467724,ACC1003,43510.87,11.0,False,completed,2026-07-16T05:15:26.110435,"Kolkata, IN",Samsung Galaxy S24 Ultra,P2P transfer
TXN_20260716_00581_969eb1,ACC15211290,ACC61076366,2554.1,7.0,False,completed,2026-07-16T05:08:31.001060,"Kolkata, IN",iPad Pro (Safari),P2P transfer
TXN_20260716_01347_0ed67b,ACC_RING_A,ACC25189145,18111.57,8.0,False,completed,2026-07-16T05:02:47.071265,"Mumbai, IN",MacBook Pro (Chrome 128),Software subscription
TXN_20260716_02021_039f58,ACC1003,ACC57224534,19374.25,8.0,False,completed,2026-07-16T04:56:23.330550,"Ahmedabad, IN",OnePlus 12,Vendor payment
TXN_20260716_01053_076e2d,ACC43467724,ACC1002,19312.19,7.0,False,completed,2026-07-16T04:48:40.660459,"Jaipur, IN",Pixel 9 Pro,Vendor payment
TXN_20260716_00955_d9eec4,ACC74473089,ACC66777666,8154.16,25.0,False,completed,2026-07-16T04:37:25.535472,"Delhi, IN",MacBook Pro (Chrome 128),Grocery purchase
TXN_20260716_04638_448eab,ACC43907404,ACC1001,38620.27,11.0,False,completed,2026-07-16T04:32:12.680390,"Delhi, IN",Pixel 9 Pro,Rent transfer
TXN_20260716_01775_628de8,ACC82456100,ACC72717142,40495.03,9.0,False,completed,2026-07-16T04:31:22.057158,"Pune, IN",iPhone 16 Pro Max,Urgent remittance
TXN_20260716_05116_c73164,ACC82456100,ACC61076366,25235.97,9.0,False,completed,2026-07-16T04:18:37.832539,"Pune, IN",Pixel 9 Pro,Consulting fee
TXN_20260716_04661_154363,ACC43907404,ACC1004,23476.45,13.0,False,completed,2026-07-16T04:17:40.076285,"Chennai, IN",Pixel 9 Pro,Urgent remittance
TXN_20260716_03114_abdc95,ACC66777666,ACC82456100,9973.3,9.0,False,completed,2026-07-16T03:45:24.364234,"Delhi, IN",OnePlus 12,Invoice settlement
TXN_20260716_03924_3d0265,ACC43907404,ACC70103438,44931.5,9.0,False,completed,2026-07-16T03:43:31.633228,"Chennai, IN",Windows 11 (Edge 128),Online payment
TXN_20260716_01970_410453,ACC86445636,ACC59760987,33650.93,17.0,False,completed,2026-07-16T02:56:20.376565,"Mumbai, IN",MacBook Pro (Chrome 128),Grocery purchase
TXN_20260716_02152_7cefce,ACC20858654,ACC15373430,30452.29,6.0,False,completed,2026-07-16T02:52:42.917188,"Mumbai, IN",iPad Pro (Safari),Rent transfer
TXN_20260716_01865_554f4b,ACC1004,ACC1001,23183.25,11.0,False,completed,2026-07-16T02:44:32.836486,"Chennai, IN",iPad Pro (Safari),Utility bill
TXN_20260716_04631_ad5b99,ACC20858654,ACC_RING_B,32329.05,23.0,False,completed,2026-07-16T02:39:32.738359,"Ahmedabad, IN",iPhone 16 Pro Max,Invoice settlement
TXN_20260716_00207_6e0c67,ACC20858654,ACC72717142,30789.06,8.0,False,completed,2026-07-16T02:39:31.920729,"Chennai, IN",Pixel 9 Pro,P2P transfer
TXN_20260716_04457_ecce32,ACC97828025,ACC1004,37034.79,9.0,False,completed,2026-07-16T02:34:06.146101,"Jaipur, IN",Windows 11 (Edge 128),Utility bill
TXN_20260716_02141_a69500,ACC92107699,ACC1004,21325.97,17.0,False,completed,2026-07-16T02:16:38.518653,"Hyderabad, IN",OnePlus 12,Vendor payment
TXN_20260716_04356_da917c,ACC65809811,ACC40593754,2905.62,9.0,False,completed,2026-07-16T01:46:18.000743,"Delhi, IN",iPhone 16 Pro Max,Software subscription
TXN_20260716_04766_c636d9,ACC1002,ACC20858654,1498.53,16.0,False,completed,2026-07-16T01:26:20.634387,"Pune, IN",OnePlus 12,Consulting fee
TXN_20260716_03567_dee4b0,ACC1002,ACC1003,28144.09,5.0,False,completed,2026-07-16T01:25:06.532347,"Ahmedabad, IN",iPhone 16 Pro Max,Software subscription
TXN_20260716_04845_86197b,ACC61076366,ACC39727090,36677.81,19.0,False,completed,2026-07-16T01:24:59.088605,"Delhi, IN",OnePlus 12,Grocery purchase
TXN_20260716_02692_3aa789,ACC39727090,ACC66777666,24762.52,11.0,False,completed,2026-07-16T01:16:56.215360,"Mumbai, IN",MacBook Pro (Chrome 128),Software subscription
TXN_20260716_01691_e6ddf1,ACC61076366,ACC_RING_A,15284.25,23.0,False,completed,2026-07-16T01:00:38.045582,"Bangalore, IN",iPhone 16 Pro Max,Urgent remittance
TXN_20260716_04621_4c0a9c,ACC_RING_C,ACC36297523,16161.92,11.0,False,completed,2026-07-16T00:55:05.636533,"Chennai, IN",iPad Pro (Safari),Urgent remittance
TXN_20260716_03713_98b4bd,ACC16314613,ACC97828025,41971.54,7.0,False,completed,2026-07-16T00:46:34.282165,"Jaipur, IN",MacBook Pro (Chrome 128),Vendor payment
TXN_20260716_03242_f0e6c4,ACC1002,ACC57029336,44891.26,18.0,False,completed,2026-07-16T00:45:57.124221,"Mumbai, IN",iPad Pro (Safari),Grocery purchase
TXN_20260716_04498_df6ba0,ACC43907404,ACC75311120,42390.62,9.0,False,completed,2026-07-16T00:44:06.480857,"Ahmedabad, IN",OnePlus 12,Software subscription
TXN_20260716_03582_707065,ACC97828025,ACC_RING_C,8481.1,9.0,False,completed,2026-07-16T00:42:59.370994,"Bangalore, IN",MacBook Pro (Chrome 128),Grocery purchase
TXN_20260716_00176_141b42,ACC75311120,ACC70103438,27206.82,12.0,False,completed,2026-07-16T00:40:38.299903,"Pune, IN",iPad Pro (Safari),Grocery purchase
TXN_20260716_03379_182701,ACC66777666,ACC75311120,26204.51,5.0,False,completed,2026-07-16T00:31:55.765021,"Hyderabad, IN",Windows 11 (Edge 128),Software subscription
TXN_20260716_02701_0d2f4b,ACC66777666,ACC57029336,10018.54,15.0,False,completed,2026-07-16T00:31:12.743631,"Jaipur, IN",MacBook Pro (Chrome 128),Invoice settlement
TXN_20260716_01666_ffe580,ACC70103438,ACC43467724,44136.55,16.0,False,completed,2026-07-16T00:16:26.556680,"Ahmedabad, IN",Samsung Galaxy S24 Ultra,Software subscription
TXN_20260716_02066_0d46c4,ACC91181015,ACC97828025,25277.6,10.0,False,completed,2026-07-16T00:06:53.713864,"Jaipur, IN",iPhone 16 Pro Max,Consulting fee
TXN_20260716_00907_9732e8,ACC1001,ACC1002,42609.57,19.0,False,completed,2026-07-16T00:05:24.796331,"Hyderabad, IN",Pixel 9 Pro,P2P transfer
TXN_20260716_00358_619798,ACC15211290,ACC74473089,32540.89,17.0,False,completed,2026-07-16T00:04:22.682572,"Chennai, IN",iPad Pro (Safari),Utility bill
TXN_20260715_01893_f3500c,ACC43907404,ACC75385116,25912.39,28.0,False,completed,2026-07-15T23:53:07.913674,"Jaipur, IN",iPad Pro (Safari),Vendor payment
TXN_20260715_00568_6f9368,ACC97828025,ACC64246741,10523.43,12.0,False,completed,2026-07-15T23:52:21.004728,"Pune, IN",iPad Pro (Safari),Rent transfer
TXN_20260715_00372_3bdb8b,ACC70103438,ACC43467724,28216.96,24.0,False,completed,2026-07-15T23:50:18.343734,"Jaipur, IN",Windows 11 (Edge 128),P2P transfer
TXN_20260715_02398_311b7a,ACC72717142,ACC43907404,37231.35,7.0,False,completed,2026-07-15T23:02:45.344706,"Jaipur, IN",OnePlus 12,Online payment
TXN_20260715_04875_5dde0c,ACC82456100,ACC64246741,42942.04,25.0,False,completed,2026-07-15T23:00:32.397366,"Chennai, IN",MacBook Pro (Chrome 128),Utility bill
TXN_20260715_01387_0dd89e,ACC91181015,ACC39727090,31270.06,24.0,False,completed,2026-07-15T22:58:52.177781,"Chennai, IN",Pixel 9 Pro,Software subscription
TXN_20260715_01665_938807,ACC70103438,ACC1002,18185.06,6.0,False,completed,2026-07-15T22:56:35.958198,"Bangalore, IN",iPhone 16 Pro Max,Invoice settlement
TXN_20260715_00700_9083ab,ACC16314613,ACC97828025,43469.5,7.0,False,completed,2026-07-15T22:51:00.449259,"Kolkata, IN",Pixel 9 Pro,Urgent remittance
TXN_20260715_04015_e06ad7,ACC70103438,ACC1004,30820.51,13.0,False,completed,2026-07-15T22:48:46.778521,"Hyderabad, IN",OnePlus 12,Software subscription
TXN_20260715_05082_d99924,ACC11706152,ACC25189145,39132.39,19.0,False,completed,2026-07-15T22:43:11.866942,"Pune, IN",OnePlus 12,Software subscription
TXN_20260715_00074_3511e8,ACC40593754,ACC50081547,20924.44,14.0,False,completed,2026-07-15T22:39:32.723005,"Bangalore, IN",iPad Pro (Safari),Consulting fee
TXN_20260715_00120_32d8d2,ACC97828025,ACC59760987,216640.0,74.0,True,completed,2026-07-15T22:36:50.832080,"Chennai, IN",OnePlus 12,P2P transfer
TXN_20260715_03522_97f85d,ACC91181015,ACC16314613,42778.45,17.0,False,completed,2026-07-15T22:14:33.535747,"Bangalore, IN",iPhone 16 Pro Max,P2P transfer
TXN_20260715_03390_96ae2f,ACC39727090,ACC36297523,33301.53,12.0,False,completed,2026-07-15T22:13:37.637562,"Chennai, IN",MacBook Pro (Chrome 128),Grocery purchase
TXN_20260715_04513_822702,ACC75385116,ACC50081547,12302.32,5.0,False,completed,2026-07-15T22:08:16.075826,"Pune, IN",iPad Pro (Safari),Invoice settlement
TXN_20260715_01929_e220c0,ACC61076366,ACC15211290,7161.84,7.0,False,completed,2026-07-15T21:59:16.628969,"Chennai, IN",iPad Pro (Safari),Vendor payment
TXN_20260715_02206_083291,ACC1002,ACC15373430,13162.31,18.0,False,completed,2026-07-15T21:39:34.883940,"Chennai, IN",Samsung Galaxy S24 Ultra,Invoice settlement
TXN_20260715_05045_574d01,ACC39727090,ACC1004,26550.14,21.0,False,completed,2026-07-15T21:39:14.568315,"Hyderabad, IN",MacBook Pro (Chrome 128),Consulting fee
TXN_20260715_02913_d21e56,ACC91181015,ACC_RING_A,28882.94,20.0,False,completed,2026-07-15T21:38:09.140041,"Mumbai, IN",iPhone 16 Pro Max,Software subscription
TXN_20260715_02787_0c50d5,ACC75311120,ACC25189145,10924.68,17.0,False,completed,2026-07-15T21:20:30.679385,"Chennai, IN",iPad Pro (Safari),Invoice settlement
TXN_20260715_02348_edd947,ACC92107699,ACC82456100,1809.69,9.0,False,completed,2026-07-15T21:19:55.274493,"Hyderabad, IN",Samsung Galaxy S24 Ultra,Rent transfer
TXN_20260715_01073_41887d,ACC65809811,ACC39727090,32821.14,6.0,False,completed,2026-07-15T21:06:58.601163,"Ahmedabad, IN",iPad Pro (Safari),P2P transfer
TXN_20260715_01095_cc4c1f,ACC43907404,ACC_RING_C,39785.99,26.0,False,completed,2026-07-15T20:48:22.558263,"Jaipur, IN",Samsung Galaxy S24 Ultra,Invoice settlement
TXN_20260715_04707_1f47cc,ACC1003,ACC39727090,23587.41,17.0,False,completed,2026-07-15T20:35:38.257513,"Hyderabad, IN",iPad Pro (Safari),Software subscription
TXN_20260715_00676_4ecfb1,ACC1003,ACC36297523,30600.96,13.0,False,completed,2026-07-15T20:34:09.847916,"Pune, IN",iPhone 16 Pro Max,Rent transfer
TXN_20260715_00910_e18a12,ACC39727090,ACC_RING_A,14007.0,9.0,False,completed,2026-07-15T20:27:44.263397,"Delhi, IN",iPhone 16 Pro Max,Utility bill
TXN_20260715_00938_7d9c09,ACC36297523,ACC43467724,1370.84,19.0,False,completed,2026-07-15T20:22:16.467036,"Chennai, IN",Windows 11 (Edge 128),Vendor payment
TXN_20260715_04715_fce9d3,ACC70103438,ACC43249524,9405.72,26.0,False,completed,2026-07-15T20:12:42.127445,"Hyderabad, IN",iPad Pro (Safari),P2P transfer
TXN_20260715_03329_954071,ACC82456100,ACC16314613,13120.34,22.0,False,completed,2026-07-15T20:12:23.584779,"Pune, IN",Pixel 9 Pro,Grocery purchase
TXN_20260715_05137_dac6b9,ACC72717142,ACC75311120,8071.47,16.0,False,completed,2026-07-15T20:09:05.620569,"Pune, IN",iPad Pro (Safari),Rent transfer
TXN_20260715_04335_a0bd4d,ACC25189145,ACC11706152,15103.73,6.0,False,completed,2026-07-15T19:57:11.506703,"Delhi, IN",iPad Pro (Safari),Invoice settlement
TXN_20260715_01867_ecf542,ACC15373430,ACC75311120,41717.67,6.0,False,completed,2026-07-15T19:46:29.202133,"Chennai, IN",Samsung Galaxy S24 Ultra,Software subscription
TXN_20260715_01744_ce7aec,ACC_RING_B,ACC57029336,37624.96,21.0,False,completed,2026-07-15T19:39:55.332378,"Jaipur, IN",Windows 11 (Edge 128),Invoice settlement
TXN_20260715_04093_1c86e6,ACC91181015,ACC15373430,8559.05,7.0,False,completed,2026-07-15T19:35:07.598236,"Bangalore, IN",MacBook Pro (Chrome 128),Urgent remittance
TXN_20260715_01319_71eac1,ACC86445636,ACC75385116,30040.78,23.0,False,completed,2026-07-15T19:34:10.465264,"Mumbai, IN",iPhone 16 Pro Max,Rent transfer
TXN_20260715_03420_e40945,ACC1002,ACC75311120,30697.02,24.0,False,completed,2026-07-15T19:28:15.285649,"Jaipur, IN",iPhone 16 Pro Max,Utility bill
TXN_20260715_02501_797a47,ACC1001,ACC1004,6977.3,27.0,False,completed,2026-07-15T19:25:41.702043,"Chennai, IN",Windows 11 (Edge 128),Utility bill
TXN_20260715_02111_2a37a1,ACC66777666,ACC91181015,1899.92,8.0,False,completed,2026-07-15T19:12:07.399945,"Delhi, IN",MacBook Pro (Chrome 128),Grocery purchase
TXN_20260715_04773_8af97e,ACC39727090,ACC_RING_C,28554.42,27.0,False,completed,2026-07-15T18:59:56.605044,"Mumbai, IN",Windows 11 (Edge 128),Urgent remittance
TXN_20260715_00231_2a8dae,ACC39727090,ACC74473089,37810.77,8.0,False,completed,2026-07-15T18:58:32.689768,"Delhi, IN",Windows 11 (Edge 128),Urgent remittance
TXN_20260715_00203_0f57a8,ACC10897161,ACC43907404,34326.6,10.0,False,completed,2026-07-15T18:57:59.180776,"Kolkata, IN",iPhone 16 Pro Max,Online payment
TXN_20260715_01976_a0d783,ACC65809811,ACC15211290,1404.84,10.0,False,completed,2026-07-15T18:30:40.051661,"Ahmedabad, IN",OnePlus 12,Utility bill
TXN_20260715_02031_1ea0a0,ACC64246741,ACC_RING_B,6886.0,7.0,False,completed,2026-07-15T18:28:10.195045,"Delhi, IN",iPad Pro (Safari),Grocery purchase
TXN_20260715_03162_cb00a4,ACC11706152,ACC64246741,30326.76,15.0,False,completed,2026-07-15T18:04:54.715513,"Ahmedabad, IN",iPad Pro (Safari),Software subscription
TXN_20260715_04108_b95b33,ACC59760987,ACC15211290,16689.86,17.0,False,completed,2026-07-15T17:49:12.008911,"Ahmedabad, IN",Windows 11 (Edge 128),Utility bill
TXN_20260715_04762_a41858,ACC75311120,ACC36297523,18595.18,25.0,False,completed,2026-07-15T17:47:31.706695,"Jaipur, IN",iPad Pro (Safari),Consulting fee
TXN_20260715_00823_8f7f7f,ACC66777666,ACC39727090,11794.32,13.0,False,completed,2026-07-15T17:40:26.252178,"Chennai, IN",Pixel 9 Pro,P2P transfer
TXN_20260715_00703_561f40,ACC1001,ACC10897161,38219.16,15.0,False,completed,2026-07-15T17:12:26.688797,"Mumbai, IN",OnePlus 12,Rent transfer
TXN_20260715_01206_fb78eb,ACC_RING_B,ACC1003,3772.44,23.0,False,completed,2026-07-15T17:10:17.944938,"Chennai, IN",iPhone 16 Pro Max,Software subscription
TXN_20260715_01642_27744d,ACC72717142,ACC75311120,13078.73,24.0,False,completed,2026-07-15T17:07:57.958208,"Mumbai, IN",MacBook Pro (Chrome 128),P2P transfer
TXN_20260715_04891_fb7988,ACC72717142,ACC43467724,40864.27,13.0,False,completed,2026-07-15T17:05:21.920025,"Delhi, IN",iPad Pro (Safari),Urgent remittance
TXN_20260715_03643_e546aa,ACC25189145,ACC15211290,29454.76,11.0,False,completed,2026-07-15T16:53:27.396971,"Kolkata, IN",Samsung Galaxy S24 Ultra,P2P transfer
TXN_20260715_02009_5890e4,ACC25189145,ACC1001,16869.19,7.0,False,completed,2026-07-15T16:26:39.792450,"Pune, IN",Samsung Galaxy S24 Ultra,Urgent remittance
TXN_20260715_01147_09b411,ACC36297523,ACC64246741,4619.87,8.0,False,completed,2026-07-15T16:14:42.134189,"Ahmedabad, IN",Pixel 9 Pro,Grocery purchase
TXN_20260715_00111_aa6894,ACC25189145,ACC_RING_C,8854.0,6.0,False,completed,2026-07-15T16:00:23.101802,"Kolkata, IN",Windows 11 (Edge 128),Online payment
TXN_20260715_04578_5ca319,ACC61076366,ACC66777666,3152.0,28.0,False,completed,2026-07-15T15:53:03.071788,"Jaipur, IN",iPhone 16 Pro Max,Rent transfer
TXN_20260715_01456_c20385,ACC25189145,ACC15373430,20259.05,18.0,False,completed,2026-07-15T15:17:38.854904,"Chennai, IN",Pixel 9 Pro,Invoice settlement
TXN_20260715_04135_6cd51f,ACC15373430,ACC1003,22383.59,22.0,False,completed,2026-07-15T14:48:53.847877,"Pune, IN",OnePlus 12,Online payment
TXN_20260715_04277_ae0d69,ACC40593754,ACC64246741,9326.96,28.0,False,completed,2026-07-15T14:41:04.282099,"Mumbai, IN",Samsung Galaxy S24 Ultra,Rent transfer
TXN_20260715_03106_010010,ACC1004,ACC50081547,28147.44,9.0,False,completed,2026-07-15T14:24:14.834896,"Chennai, IN",Samsung Galaxy S24 Ultra,Grocery purchase
TXN_20260715_01337_022a93,ACC82456100,ACC25189145,40429.82,10.0,False,completed,2026-07-15T14:00:58.654084,"Delhi, IN",Windows 11 (Edge 128),P2P transfer
TXN_20260715_01701_bf56b6,ACC72717142,ACC1001,22387.86,28.0,False,completed,2026-07-15T13:50:35.200177,"Bangalore, IN",OnePlus 12,Grocery purchase
TXN_20260715_01607_03e0bf,ACC66777666,ACC70103438,230.17,14.0,False,completed,2026-07-15T13:47:28.893477,"Ahmedabad, IN",Pixel 9 Pro,P2P transfer
TXN_20260715_04802_fc4573,ACC66777666,ACC97828025,25350.48,25.0,False,completed,2026-07-15T13:42:58.541640,"Chennai, IN",iPhone 16 Pro Max,P2P transfer
TXN_20260715_00123_57451c,ACC39727090,ACC70103438,32522.97,11.0,False,completed,2026-07-15T13:38:30.443807,"Chennai, IN",Windows 11 (Edge 128),Rent transfer
TXN_20260715_00033_9720e1,ACC65809811,ACC50081547,125139.0,89.0,True,completed,2026-07-15T13:31:37.306109,"Hyderabad, IN",iPad Pro (Safari),P2P transfer
TXN_20260715_01484_4059fa,ACC66777666,ACC61076366,16770.25,12.0,False,completed,2026-07-15T13:22:32.438072,"Mumbai, IN",Windows 11 (Edge 128),Online payment
TXN_20260715_01515_b8bc14,ACC_RING_C,ACC15211290,12923.18,5.0,False,completed,2026-07-15T12:59:08.070151,"Bangalore, IN",Samsung Galaxy S24 Ultra,Utility bill
TXN_20260715_02375_317512,ACC_RING_A,ACC40593754,676.72,20.0,False,completed,2026-07-15T12:48:59.190017,"Pune, IN",Samsung Galaxy S24 Ultra,Consulting fee
TXN_20260715_03554_62c9da,ACC15373430,ACC11706152,29066.11,27.0,False,completed,2026-07-15T12:34:09.505636,"Mumbai, IN",MacBook Pro (Chrome 128),P2P transfer
TXN_20260715_01036_caab81,ACC15373430,ACC40593754,33339.57,14.0,False,completed,2026-07-15T12:27:36.169826,"Kolkata, IN",OnePlus 12,Rent transfer
TXN_20260715_03672_165e1e,ACC1001,ACC75385116,28629.47,10.0,False,completed,2026-07-15T11:58:03.746811,"Hyderabad, IN",iPhone 16 Pro Max,Online payment
TXN_20260715_03331_e8e1d1,ACC43249524,ACC72717142,30789.06,23.0,False,completed,2026-07-15T11:28:31.855983,"Delhi, IN",Pixel 9 Pro,Online payment
TXN_20260715_04982_aae5ed,ACC10897161,ACC50081547,20449.97,16.0,False,completed,2026-07-15T10:42:24.322126,"Ahmedabad, IN",iPad Pro (Safari),Consulting fee
TXN_20260715_04404_ad7031,ACC20858654,ACC16314613,43290.94,28.0,False,completed,2026-07-15T10:32:37.140491,"Jaipur, IN",Pixel 9 Pro,Utility bill
TXN_20260715_02750_33fa89,ACC15211290,ACC61076366,15979.29,22.0,False,completed,2026-07-15T10:24:06.791388,"Jaipur, IN",Samsung Galaxy S24 Ultra,Urgent remittance
TXN_20260715_03004_99d643,ACC11706152,ACC61076366,30156.14,26.0,False,completed,2026-07-15T10:17:51.385335,"Ahmedabad, IN",Pixel 9 Pro,Software subscription
TXN_20260715_03564_c5f032,ACC1004,ACC39727090,40028.48,5.0,False,completed,2026-07-15T09:56:12.370499,"Hyderabad, IN",Pixel 9 Pro,Rent transfer
TXN_20260715_03920_059251,ACC75311120,ACC1002,130739.0,88.0,True,completed,2026-07-15T09:37:30.431644,"Ahmedabad, IN",Pixel 9 Pro,Rent transfer
TXN_20260715_05094_43b4ef,ACC_RING_C,ACC97828025,25345.99,18.0,False,completed,2026-07-15T09:28:44.772679,"Bangalore, IN",Samsung Galaxy S24 Ultra,Software subscription
TXN_20260715_03593_ce41ce,ACC10897161,ACC1001,19544.58,21.0,False,completed,2026-07-15T09:20:22.790109,"Jaipur, IN",iPhone 16 Pro Max,Invoice settlement
TXN_20260715_00220_7e614f,ACC11706152,ACC59760987,34961.23,10.0,False,completed,2026-07-15T09:08:59.936602,"Chennai, IN",Pixel 9 Pro,Grocery purchase
TXN_20260715_03614_151f52,ACC15211290,ACC75385116,25207.8,28.0,False,completed,2026-07-15T09:07:50.171586,"Kolkata, IN",MacBook Pro (Chrome 128),Urgent remittance
TXN_20260715_00431_215958,ACC43907404,ACC15211290,22651.18,7.0,False,completed,2026-07-15T08:48:00.040413,"Mumbai, IN",Pixel 9 Pro,Utility bill
TXN_20260715_04523_9c5f9a,ACC82456100,ACC39727090,13025.71,13.0,False,completed,2026-07-15T08:38:17.600481,"Delhi, IN",Windows 11 (Edge 128),Utility bill
TXN_20260715_02982_fa5a6c,ACC91181015,ACC57224534,23749.21,18.0,False,completed,2026-07-15T08:19:30.898997,"Pune, IN",OnePlus 12,Software subscription
TXN_20260715_04879_31e98f,ACC70103438,ACC1004,29350.37,22.0,False,completed,2026-07-15T08:09:15.736258,"Kolkata, IN",iPhone 16 Pro Max,Consulting fee
TXN_20260715_04564_5c6c44,ACC61076366,ACC72717142,21002.44,9.0,False,completed,2026-07-15T07:56:53.610866,"Delhi, IN",iPhone 16 Pro Max,Grocery purchase
TXN_20260715_03596_275351,ACC86445636,ACC72717142,32261.77,8.0,False,completed,2026-07-15T07:47:02.298451,"Delhi, IN",iPad Pro (Safari),Utility bill
TXN_20260715_03007_b69517,ACC_RING_A,ACC1004,33700.83,26.0,False,completed,2026-07-15T07:30:38.387416,"Hyderabad, IN",iPhone 16 Pro Max,Utility bill
TXN_20260715_04266_9856a8,ACC59760987,ACC25189145,22885.67,10.0,False,completed,2026-07-15T07:26:50.218180,"Delhi, IN",Windows 11 (Edge 128),Rent transfer
TXN_20260715_02399_168049,ACC61076366,ACC10897161,4515.77,24.0,False,completed,2026-07-15T06:59:06.126725,"Pune, IN",Windows 11 (Edge 128),Invoice settlement
TXN_20260715_03213_bb4081,ACC57224534,ACC43249524,26134.63,16.0,False,completed,2026-07-15T06:59:02.957266,"Jaipur, IN",Samsung Galaxy S24 Ultra,Rent transfer
TXN_20260715_04635_408744,ACC50081547,ACC40593754,4482.14,6.0,False,completed,2026-07-15T06:56:01.180365,"Kolkata, IN",Pixel 9 Pro,Software subscription
TXN_20260715_04000_1fbd91,ACC65809811,ACC25189145,249591.0,80.0,True,completed,2026-07-15T06:49:43.756435,"Delhi, IN",Windows 11 (Edge 128),Online payment
TXN_20260715_02557_165de6,ACC15373430,ACC61076366,2758.58,23.0,False,completed,2026-07-15T06:48:29.661307,"Ahmedabad, IN",Windows 11 (Edge 128),Urgent remittance
TXN_20260715_03908_b363c5,ACC1004,ACC40593754,29897.78,6.0,False,completed,2026-07-15T06:25:35.366680,"Chennai, IN",Pixel 9 Pro,Utility bill
TXN_20260715_04439_ce3b9d,ACC66777666,ACC_RING_B,15963.75,17.0,False,completed,2026-07-15T06:25:13.714209,"Chennai, IN",OnePlus 12,Invoice settlement
TXN_20260715_00367_18cc58,ACC59760987,ACC91181015,26658.79,16.0,False,completed,2026-07-15T06:08:56.467927,"Hyderabad, IN",Pixel 9 Pro,Vendor payment
TXN_20260715_04430_ba4b71,ACC75385116,ACC25189145,38786.19,17.0,False,completed,2026-07-15T06:04:00.286744,"Pune, IN",iPad Pro (Safari),Rent transfer
TXN_20260715_05115_295c6f,ACC16314613,ACC1004,8421.2,13.0,False,completed,2026-07-15T06:01:34.847614,"Delhi, IN",Pixel 9 Pro,Utility bill
TXN_20260715_02668_4972c8,ACC_RING_A,ACC57029336,27776.96,22.0,False,completed,2026-07-15T05:56:26.455750,"Mumbai, IN",Samsung Galaxy S24 Ultra,Online payment
TXN_20260715_02542_3abdcb,ACC25189145,ACC1001,18111.81,14.0,False,completed,2026-07-15T05:56:25.154063,"Kolkata, IN",iPhone 16 Pro Max,P2P transfer
TXN_20260715_03286_23d0ea,ACC11706152,ACC_RING_A,10180.93,21.0,False,completed,2026-07-15T05:55:24.942014,"Bangalore, IN",Pixel 9 Pro,Urgent remittance
TXN_20260715_03909_a50987,ACC1002,ACC36297523,9194.51,11.0,False,completed,2026-07-15T05:52:46.156304,"Hyderabad, IN",MacBook Pro (Chrome 128),Invoice settlement
TXN_20260715_00608_83b99b,ACC75311120,ACC97828025,6317.96,5.0,False,completed,2026-07-15T05:51:51.909614,"Bangalore, IN",iPhone 16 Pro Max,Urgent remittance
TXN_20260715_02202_cddb12,ACC57224534,ACC_RING_B,42156.06,15.0,False,completed,2026-07-15T05:49:05.112516,"Pune, IN",Windows 11 (Edge 128),Consulting fee
TXN_20260715_01464_737d7b,ACC91181015,ACC75311120,36492.99,8.0,False,completed,2026-07-15T05:28:13.520590,"Chennai, IN",iPhone 16 Pro Max,Rent transfer
TXN_20260715_02940_cffba0,ACC39727090,ACC1001,30162.43,8.0,False,completed,2026-07-15T04:57:08.579438,"Mumbai, IN",Samsung Galaxy S24 Ultra,Rent transfer
TXN_20260715_00018_0ec6b1,ACC43249524,ACC64246741,157989.0,76.0,True,completed,2026-07-15T04:50:56.439859,"Kolkata, IN",iPad Pro (Safari),Consulting fee
TXN_20260715_03059_a6f39c,ACC57224534,ACC75311120,25367.15,5.0,False,completed,2026-07-15T04:30:40.841310,"Bangalore, IN",Pixel 9 Pro,Utility bill
TXN_20260715_03878_fcd9ca,ACC65809811,ACC_RING_B,35478.0,16.0,False,completed,2026-07-15T04:30:02.920199,"Ahmedabad, IN",iPad Pro (Safari),Software subscription
TXN_20260715_04047_c48389,ACC39727090,ACC1004,10157.54,13.0,False,completed,2026-07-15T04:29:13.573143,"Delhi, IN",Windows 11 (Edge 128),Urgent remittance
TXN_20260715_01684_73b1f4,ACC61076366,ACC1001,41166.41,12.0,False,completed,2026-07-15T03:59:11.579545,"Hyderabad, IN",MacBook Pro (Chrome 128),Software subscription
TXN_20260715_02546_d8c671,ACC_RING_A,ACC75385116,16484.07,13.0,False,completed,2026-07-15T03:47:10.180154,"Delhi, IN",iPad Pro (Safari),Utility bill
TXN_20260715_01554_f232d4,ACC43249524,ACC72717142,25667.28,25.0,False,completed,2026-07-15T03:43:36.056523,"Chennai, IN",Pixel 9 Pro,Grocery purchase
TXN_20260715_01183_1c19ff,ACC57029336,ACC43249524,37400.41,14.0,False,completed,2026-07-15T03:36:32.594811,"Ahmedabad, IN",OnePlus 12,Online payment
TXN_20260715_03789_32c390,ACC97828025,ACC75385116,42542.75,6.0,False,completed,2026-07-15T03:18:56.263967,"Delhi, IN",OnePlus 12,Grocery purchase
TXN_20260715_03730_bb9998,ACC74473089,ACC92107699,8289.74,8.0,False,completed,2026-07-15T03:03:15.911552,"Ahmedabad, IN",iPhone 16 Pro Max,Grocery purchase
TXN_20260715_01561_920f77,ACC_RING_B,ACC97828025,22680.22,23.0,False,completed,2026-07-15T03:00:09.091785,"Mumbai, IN",Pixel 9 Pro,Grocery purchase
TXN_20260715_00796_1e2167,ACC1003,ACC74473089,18708.02,9.0,False,completed,2026-07-15T02:37:52.281039,"Hyderabad, IN",Samsung Galaxy S24 Ultra,Utility bill
TXN_20260715_03382_b3b46a,ACC61076366,ACC57029336,34262.71,17.0,False,completed,2026-07-15T02:32:20.506417,"Pune, IN",MacBook Pro (Chrome 128),Online payment
TXN_20260715_00498_3e24a7,ACC59760987,ACC43907404,6067.22,9.0,False,completed,2026-07-15T02:30:47.234726,"Mumbai, IN",Pixel 9 Pro,Software subscription
TXN_20260715_04518_f2a67f,ACC91181015,ACC59760987,35825.29,8.0,False,completed,2026-07-15T02:30:04.550265,"Hyderabad, IN",iPad Pro (Safari),Consulting fee
TXN_20260715_04188_c5568e,ACC65809811,ACC1003,28810.33,5.0,False,completed,2026-07-15T02:29:47.247235,"Hyderabad, IN",iPad Pro (Safari),Online payment
TXN_20260715_04321_ec7fff,ACC15211290,ACC43467724,12140.19,18.0,False,completed,2026-07-15T02:27:51.313810,"Hyderabad, IN",Pixel 9 Pro,Utility bill
TXN_20260715_04359_e63b6a,ACC15211290,ACC61076366,28161.57,13.0,False,completed,2026-07-15T02:15:27.824968,"Chennai, IN",Windows 11 (Edge 128),Online payment
TXN_20260715_03799_c0728d,ACC50081547,ACC92107699,10387.2,26.0,False,completed,2026-07-15T02:08:37.997609,"Jaipur, IN",iPhone 16 Pro Max,Vendor payment
TXN_20260715_00640_9122d3,ACC61076366,ACC_RING_A,137477.0,91.0,True,completed,2026-07-15T01:52:42.878149,"Hyderabad, IN",Pixel 9 Pro,Software subscription
TXN_20260715_02340_40ef15,ACC66777666,ACC1001,23438.97,11.0,False,completed,2026-07-15T01:43:02.196611,"Chennai, IN",MacBook Pro (Chrome 128),Rent transfer
TXN_20260715_01961_7b0804,ACC11706152,ACC65809811,37791.59,27.0,False,completed,2026-07-15T01:33:29.486528,"Ahmedabad, IN",MacBook Pro (Chrome 128),P2P transfer
TXN_20260715_02663_bcfd13,ACC57224534,ACC1003,14452.21,9.0,False,completed,2026-07-15T01:08:06.790268,"Chennai, IN",Pixel 9 Pro,Online payment
TXN_20260715_02957_8d9ede,ACC70103438,ACC15373430,11299.63,22.0,False,completed,2026-07-15T00:48:48.206660,"Jaipur, IN",Samsung Galaxy S24 Ultra,Vendor payment
TXN_20260715_00780_e4b2bb,ACC74473089,ACC1001,28086.71,7.0,False,completed,2026-07-15T00:18:07.457267,"Jaipur, IN",MacBook Pro (Chrome 128),Utility bill
TXN_20260715_01619_a0a369,ACC1001,ACC61076366,25497.77,27.0,False,completed,2026-07-15T00:09:30.318031,"Pune, IN",Samsung Galaxy S24 Ultra,Software subscription
TXN_20260714_01817_4498f7,ACC43249524,ACC65809811,40255.62,14.0,False,completed,2026-07-14T23:36:21.992384,"Hyderabad, IN",Pixel 9 Pro,P2P transfer
TXN_20260714_04941_c09a36,ACC40593754,ACC57029336,26793.81,12.0,False,completed,2026-07-14T23:24:57.439599,"Hyderabad, IN",iPad Pro (Safari),Invoice settlement
TXN_20260714_01394_5b3df5,ACC_RING_A,ACC50081547,44846.18,8.0,False,completed,2026-07-14T23:19:04.999682,"Hyderabad, IN",Pixel 9 Pro,Grocery purchase
TXN_20260714_01503_5b8a45,ACC57029336,ACC75385116,35583.87,23.0,False,completed,2026-07-14T23:02:55.959441,"Ahmedabad, IN",Windows 11 (Edge 128),Invoice settlement
TXN_20260714_02968_fd6cc5,ACC36297523,ACC70103438,36994.47,17.0,False,completed,2026-07-14T22:51:58.735787,"Pune, IN",Windows 11 (Edge 128),Utility bill
TXN_20260714_01611_863b1a,ACC25189145,ACC1002,34698.42,20.0,False,completed,2026-07-14T22:50:13.830196,"Mumbai, IN",iPad Pro (Safari),Rent transfer
TXN_20260714_00529_c52fcd,ACC40593754,ACC64246741,42371.04,24.0,False,completed,2026-07-14T22:49:44.277518,"Bangalore, IN",iPhone 16 Pro Max,Vendor payment
TXN_20260714_03450_9d8f8b,ACC91181015,ACC82456100,35470.89,13.0,False,completed,2026-07-14T22:48:56.841671,"Chennai, IN",MacBook Pro (Chrome 128),Online payment
TXN_20260714_03613_bbaeeb,ACC70103438,ACC1004,37130.14,16.0,False,completed,2026-07-14T22:29:59.829830,"Mumbai, IN",Windows 11 (Edge 128),Consulting fee
TXN_20260714_04919_f67f33,ACC10897161,ACC82456100,33890.1,23.0,False,completed,2026-07-14T22:15:57.918142,"Chennai, IN",Windows 11 (Edge 128),Online payment
TXN_20260714_03227_41e6cc,ACC70103438,ACC59760987,26648.23,26.0,False,completed,2026-07-14T22:05:47.363249,"Mumbai, IN",MacBook Pro (Chrome 128),P2P transfer
TXN_20260714_01629_049e20,ACC97828025,ACC43467724,42275.36,17.0,False,completed,2026-07-14T21:57:54.103632,"Pune, IN",Windows 11 (Edge 128),Vendor payment
TXN_20260714_02513_ffbc18,ACC65809811,ACC43249524,17333.57,24.0,False,completed,2026-07-14T21:26:56.170991,"Kolkata, IN",Windows 11 (Edge 128),Consulting fee
TXN_20260714_00461_177adf,ACC20858654,ACC91181015,21821.54,7.0,False,completed,2026-07-14T21:06:03.418606,"Jaipur, IN",Windows 11 (Edge 128),P2P transfer
TXN_20260714_00191_f1081c,ACC39727090,ACC43249524,9946.12,15.0,False,completed,2026-07-14T20:34:37.837633,"Kolkata, IN",Windows 11 (Edge 128),P2P transfer
TXN_20260714_04396_a9b8cb,ACC43467724,ACC36297523,44361.23,9.0,False,completed,2026-07-14T20:15:12.784902,"Chennai, IN",Samsung Galaxy S24 Ultra,Consulting fee
TXN_20260714_03837_fc5461,ACC43249524,ACC75311120,25688.99,10.0,False,completed,2026-07-14T20:14:15.281663,"Chennai, IN",Pixel 9 Pro,Vendor payment
TXN_20260714_02024_8c7a32,ACC65809811,ACC1002,14714.4,26.0,False,completed,2026-07-14T20:08:08.844726,"Mumbai, IN",iPhone 16 Pro Max,P2P transfer
TXN_20260714_01830_9725a0,ACC43467724,ACC66777666,26463.49,17.0,False,completed,2026-07-14T19:56:34.645426,"Delhi, IN",Samsung Galaxy S24 Ultra,P2P transfer
TXN_20260714_03291_1645b6,ACC57029336,ACC10897161,8716.81,16.0,False,completed,2026-07-14T19:28:09.811858,"Bangalore, IN",MacBook Pro (Chrome 128),Vendor payment
TXN_20260714_03749_ececb8,ACC57224534,ACC92107699,10713.19,14.0,False,completed,2026-07-14T19:27:05.631173,"Delhi, IN",OnePlus 12,Software subscription
TXN_20260714_04699_a0193a,ACC64246741,ACC40593754,16924.54,26.0,False,completed,2026-07-14T18:36:24.801392,"Hyderabad, IN",Windows 11 (Edge 128),Utility bill
TXN_20260714_04694_93d4ce,ACC75311120,ACC75385116,21823.07,21.0,False,completed,2026-07-14T18:24:03.770490,"Kolkata, IN",iPad Pro (Safari),Online payment
TXN_20260714_00998_6cf1e8,ACC92107699,ACC72717142,20924.68,7.0,False,completed,2026-07-14T18:18:01.420517,"Kolkata, IN",MacBook Pro (Chrome 128),Software subscription
TXN_20260714_03207_6d6281,ACC75311120,ACC15211290,23561.6,26.0,False,completed,2026-07-14T18:07:18.071225,"Mumbai, IN",Pixel 9 Pro,Consulting fee
TXN_20260714_05030_d08f15,ACC_RING_A,ACC36297523,44520.21,5.0,False,completed,2026-07-14T17:48:53.488590,"Ahmedabad, IN",iPad Pro (Safari),Vendor payment
TXN_20260714_04795_fba4ea,ACC57224534,ACC36297523,28542.69,28.0,False,completed,2026-07-14T17:29:26.674829,"Hyderabad, IN",Samsung Galaxy S24 Ultra,Rent transfer
TXN_20260714_00427_741c2c,ACC15373430,ACC43467724,35695.75,10.0,False,completed,2026-07-14T17:27:25.336085,"Kolkata, IN",iPhone 16 Pro Max,P2P transfer
TXN_20260714_03626_d05f77,ACC75385116,ACC20858654,20106.59,10.0,False,completed,2026-07-14T17:20:51.616810,"Mumbai, IN",iPhone 16 Pro Max,Invoice settlement
TXN_20260714_05161_2371a3,ACC64246741,ACC70103438,23945.06,7.0,False,completed,2026-07-14T17:03:40.495826,"Hyderabad, IN",Windows 11 (Edge 128),Grocery purchase
TXN_20260714_05139_9351ba,ACC1002,ACC40593754,16023.68,19.0,False,completed,2026-07-14T16:56:10.377113,"Mumbai, IN",Windows 11 (Edge 128),Consulting fee
TXN_20260714_00810_bdc04d,ACC50081547,ACC36297523,7680.99,10.0,False,completed,2026-07-14T16:44:39.707414,"Ahmedabad, IN",iPad Pro (Safari),Invoice settlement
TXN_20260714_03794_2c79dc,ACC75385116,ACC1002,7761.15,9.0,False,completed,2026-07-14T16:43:31.523089,"Hyderabad, IN",MacBook Pro (Chrome 128),Software subscription
TXN_20260714_03849_3f50bf,ACC15211290,ACC92107699,18946.49,20.0,False,completed,2026-07-14T16:31:49.658536,"Bangalore, IN",Windows 11 (Edge 128),Consulting fee
TXN_20260714_04026_7e2a39,ACC10897161,ACC65809811,26416.18,19.0,False,completed,2026-07-14T16:16:07.292463,"Ahmedabad, IN",Samsung Galaxy S24 Ultra,Vendor payment
TXN_20260714_04440_f1faa4,ACC25189145,ACC92107699,147636.0,72.0,True,completed,2026-07-14T16:10:59.681552,"Bangalore, IN",Pixel 9 Pro,Urgent remittance
TXN_20260714_01555_4c6a3c,ACC_RING_C,ACC66777666,42537.44,10.0,False,completed,2026-07-14T16:10:34.213632,"Pune, IN",Samsung Galaxy S24 Ultra,P2P transfer
TXN_20260714_00722_450ec4,ACC1003,ACC61076366,34077.73,11.0,False,completed,2026-07-14T16:10:26.989689,"Chennai, IN",iPad Pro (Safari),P2P transfer
TXN_20260714_05008_61fd3a,ACC25189145,ACC50081547,26179.08,25.0,False,completed,2026-07-14T16:06:14.320618,"Jaipur, IN",Samsung Galaxy S24 Ultra,Invoice settlement
TXN_20260714_01074_cfe022,ACC11706152,ACC57224534,40706.54,26.0,False,completed,2026-07-14T16:01:14.167390,"Delhi, IN",Windows 11 (Edge 128),Software subscription
TXN_20260714_05039_09cab6,ACC91181015,ACC66777666,35042.29,19.0,False,completed,2026-07-14T15:44:09.674764,"Hyderabad, IN",MacBook Pro (Chrome 128),Software subscription
TXN_20260714_04169_510a3f,ACC64246741,ACC_RING_C,12300.29,25.0,False,completed,2026-07-14T15:37:55.624048,"Ahmedabad, IN",iPhone 16 Pro Max,Rent transfer
TXN_20260714_04775_69a4cf,ACC43907404,ACC50081547,35790.62,21.0,False,completed,2026-07-14T15:33:39.426550,"Mumbai, IN",Pixel 9 Pro,Software subscription
TXN_20260714_03249_dbf497,ACC72717142,ACC40593754,19057.58,16.0,False,completed,2026-07-14T15:28:54.800940,"Ahmedabad, IN",OnePlus 12,Utility bill
TXN_20260714_02149_5ac673,ACC75311120,ACC15211290,27363.94,23.0,False,completed,2026-07-14T15:07:17.684088,"Bangalore, IN",MacBook Pro (Chrome 128),Invoice settlement
TXN_20260714_01530_ae13b7,ACC74473089,ACC25189145,36193.23,11.0,False,completed,2026-07-14T14:45:33.013084,"Mumbai, IN",Samsung Galaxy S24 Ultra,Urgent remittance
TXN_20260714_00278_60a59f,ACC57029336,ACC66777666,35598.58,26.0,False,completed,2026-07-14T14:42:43.066650,"Hyderabad, IN",iPhone 16 Pro Max,Invoice settlement
TXN_20260714_03809_673d99,ACC70103438,ACC43249524,1131.08,23.0,False,completed,2026-07-14T14:41:10.742720,"Jaipur, IN",iPad Pro (Safari),Utility bill
TXN_20260714_03873_83eff3,ACC43467724,ACC11706152,43714.25,12.0,False,completed,2026-07-14T14:08:01.807098,"Pune, IN",iPad Pro (Safari),Urgent remittance
TXN_20260714_01730_e7426c,ACC75385116,ACC57224534,36686.34,23.0,False,completed,2026-07-14T13:42:36.256961,"Ahmedabad, IN",Pixel 9 Pro,Software subscription
TXN_20260714_01596_b64a12,ACC59760987,ACC57224534,2456.23,8.0,False,completed,2026-07-14T13:19:43.551044,"Delhi, IN",Windows 11 (Edge 128),Online payment
TXN_20260714_01185_b2eba9,ACC1002,ACC50081547,3540.06,9.0,False,completed,2026-07-14T13:09:12.084654,"Bangalore, IN",Samsung Galaxy S24 Ultra,Rent transfer
TXN_20260714_00644_c086a9,ACC75385116,ACC_RING_A,28502.15,11.0,False,completed,2026-07-14T13:08:50.699744,"Delhi, IN",Windows 11 (Edge 128),Rent transfer
TXN_20260714_00951_feb712,ACC82456100,ACC1004,23243.8,20.0,False,completed,2026-07-14T13:04:44.430041,"Hyderabad, IN",Pixel 9 Pro,Invoice settlement
TXN_20260714_02814_94f6ed,ACC64246741,ACC75311120,40019.75,21.0,False,completed,2026-07-14T12:52:49.733399,"Pune, IN",MacBook Pro (Chrome 128),Vendor payment
TXN_20260714_03853_dcd5fd,ACC36297523,ACC72717142,5224.3,23.0,False,completed,2026-07-14T12:35:54.141822,"Ahmedabad, IN",Samsung Galaxy S24 Ultra,Software subscription
TXN_20260714_02878_adfaa9,ACC64246741,ACC43907404,36416.21,16.0,False,completed,2026-07-14T12:27:27.782451,"Ahmedabad, IN",Windows 11 (Edge 128),Urgent remittance
TXN_20260714_02911_bf3e1c,ACC1001,ACC57029336,5547.0,5.0,False,completed,2026-07-14T12:11:08.666747,"Chennai, IN",Pixel 9 Pro,Rent transfer
TXN_20260714_04598_866b4e,ACC39727090,ACC91181015,5909.2,14.0,False,completed,2026-07-14T12:05:44.909021,"Kolkata, IN",Samsung Galaxy S24 Ultra,Utility bill
TXN_20260714_00525_526055,ACC20858654,ACC43467724,19054.45,26.0,False,completed,2026-07-14T11:49:52.044076,"Jaipur, IN",Samsung Galaxy S24 Ultra,Grocery purchase
TXN_20260714_04910_97a291,ACC59760987,ACC20858654,31127.22,18.0,False,completed,2026-07-14T11:48:42.834496,"Bangalore, IN",Pixel 9 Pro,Grocery purchase
TXN_20260714_01841_01881d,ACC25189145,ACC70103438,21258.49,9.0,False,completed,2026-07-14T11:39:56.682879,"Jaipur, IN",iPhone 16 Pro Max,Consulting fee
TXN_20260714_02722_b2c498,ACC25189145,ACC11706152,27295.3,28.0,False,completed,2026-07-14T11:38:34.467414,"Jaipur, IN",Windows 11 (Edge 128),Online payment
TXN_20260714_00795_b5f1a6,ACC59760987,ACC66777666,10318.14,9.0,False,completed,2026-07-14T11:22:17.461056,"Pune, IN",Windows 11 (Edge 128),Rent transfer
TXN_20260714_02458_7791f9,ACC59760987,ACC75311120,21373.84,12.0,False,completed,2026-07-14T11:16:55.105348,"Chennai, IN",OnePlus 12,Invoice settlement
TXN_20260714_01179_c54fbc,ACC_RING_A,ACC_RING_C,10384.27,20.0,False,completed,2026-07-14T11:10:54.364642,"Ahmedabad, IN",Samsung Galaxy S24 Ultra,Utility bill
TXN_20260714_04512_920ddb,ACC25189145,ACC15211290,564.55,5.0,False,completed,2026-07-14T11:02:17.117645,"Kolkata, IN",iPad Pro (Safari),Software subscription
TXN_20260714_01725_4ddd58,ACC39727090,ACC25189145,35940.23,15.0,False,completed,2026-07-14T11:00:27.517315,"Jaipur, IN",OnePlus 12,Rent transfer
TXN_20260714_02370_291872,ACC57224534,ACC40593754,42181.63,5.0,False,completed,2026-07-14T10:47:51.673745,"Ahmedabad, IN",iPhone 16 Pro Max,Utility bill
TXN_20260714_03491_ddf305,ACC74473089,ACC1001,32685.14,6.0,False,completed,2026-07-14T10:24:49.655673,"Hyderabad, IN",iPad Pro (Safari),Grocery purchase
TXN_20260714_00599_3fcea9,ACC39727090,ACC15211290,24319.15,24.0,False,completed,2026-07-14T10:16:21.608207,"Jaipur, IN",iPhone 16 Pro Max,Grocery purchase
TXN_20260714_04959_9918dc,ACC57224534,ACC74473089,38193.51,23.0,False,completed,2026-07-14T10:11:28.777292,"Bangalore, IN",MacBook Pro (Chrome 128),Vendor payment
TXN_20260714_02432_0d5b9f,ACC86445636,ACC1002,6972.2,26.0,False,completed,2026-07-14T10:07:10.579270,"Delhi, IN",iPad Pro (Safari),P2P transfer
TXN_20260714_05126_830a27,ACC59760987,ACC1001,30284.79,11.0,False,completed,2026-07-14T09:58:52.784261,"Kolkata, IN",Windows 11 (Edge 128),Utility bill
TXN_20260714_03314_364721,ACC82456100,ACC75311120,6454.31,26.0,False,completed,2026-07-14T09:51:56.347483,"Chennai, IN",iPhone 16 Pro Max,Consulting fee
TXN_20260714_05057_88a055,ACC70103438,ACC1002,1906.14,25.0,False,completed,2026-07-14T09:35:22.118540,"Mumbai, IN",MacBook Pro (Chrome 128),Invoice settlement
TXN_20260714_04740_a1f819,ACC_RING_A,ACC86445636,9238.96,15.0,False,completed,2026-07-14T09:22:50.564420,"Delhi, IN",Samsung Galaxy S24 Ultra,Rent transfer
TXN_20260714_01879_58f0de,ACC75385116,ACC75311120,13134.44,25.0,False,completed,2026-07-14T09:16:51.933490,"Mumbai, IN",Pixel 9 Pro,Invoice settlement
TXN_20260714_03881_b5d346,ACC61076366,ACC36297523,38480.32,13.0,False,completed,2026-07-14T09:13:42.894679,"Jaipur, IN",MacBook Pro (Chrome 128),Grocery purchase
TXN_20260714_04010_cc21b5,ACC16314613,ACC82456100,18417.71,15.0,False,completed,2026-07-14T09:13:39.353604,"Hyderabad, IN",iPhone 16 Pro Max,Utility bill
TXN_20260714_01898_704913,ACC36297523,ACC91181015,3001.55,17.0,False,completed,2026-07-14T09:11:10.865364,"Chennai, IN",iPad Pro (Safari),Invoice settlement
TXN_20260714_02364_393526,ACC16314613,ACC36297523,11429.23,20.0,False,completed,2026-07-14T09:04:13.972059,"Jaipur, IN",Windows 11 (Edge 128),P2P transfer
TXN_20260714_00734_375f9a,ACC72717142,ACC1004,18456.84,21.0,False,completed,2026-07-14T08:53:20.267638,"Pune, IN",iPhone 16 Pro Max,Vendor payment
TXN_20260714_01987_cff585,ACC64246741,ACC10897161,12124.01,10.0,False,completed,2026-07-14T08:47:31.654661,"Pune, IN",OnePlus 12,Software subscription
TXN_20260714_04811_f72692,ACC25189145,ACC65809811,4451.94,17.0,False,completed,2026-07-14T08:46:25.237530,"Hyderabad, IN",OnePlus 12,Consulting fee
TXN_20260714_02976_7aa479,ACC1004,ACC_RING_A,32448.9,21.0,False,completed,2026-07-14T08:12:54.976574,"Mumbai, IN",OnePlus 12,P2P transfer
TXN_20260714_04178_fc9997,ACC92107699,ACC20858654,21529.09,26.0,False,completed,2026-07-14T08:06:02.752966,"Delhi, IN",Samsung Galaxy S24 Ultra,Software subscription
TXN_20260714_02849_146732,ACC1003,ACC65809811,13252.69,18.0,False,completed,2026-07-14T08:02:09.480759,"Bangalore, IN",MacBook Pro (Chrome 128),Urgent remittance
TXN_20260714_04626_10e8c3,ACC59760987,ACC25189145,9275.43,8.0,False,completed,2026-07-14T08:01:51.012006,"Jaipur, IN",iPhone 16 Pro Max,Vendor payment
TXN_20260714_02498_a10775,ACC74473089,ACC15211290,44216.64,23.0,False,completed,2026-07-14T07:43:13.543766,"Ahmedabad, IN",iPhone 16 Pro Max,Rent transfer
TXN_20260714_00299_e50e8d,ACC25189145,ACC92107699,3274.81,11.0,False,completed,2026-07-14T07:05:53.815802,"Hyderabad, IN",MacBook Pro (Chrome 128),Urgent remittance
TXN_20260714_00479_7ec76b,ACC64246741,ACC15373430,43700.58,10.0,False,completed,2026-07-14T07:00:17.309323,"Ahmedabad, IN",iPhone 16 Pro Max,Consulting fee
TXN_20260714_04948_a016e2,ACC75311120,ACC86445636,25802.74,15.0,False,completed,2026-07-14T06:49:53.363623,"Ahmedabad, IN",iPad Pro (Safari),Invoice settlement
TXN_20260714_04202_ef25a2,ACC43249524,ACC72717142,13305.08,7.0,False,completed,2026-07-14T06:49:15.145147,"Pune, IN",OnePlus 12,Vendor payment
TXN_20260714_03574_260bde,ACC70103438,ACC10897161,44208.53,18.0,False,completed,2026-07-14T06:37:06.869400,"Kolkata, IN",iPhone 16 Pro Max,Software subscription
TXN_20260714_03228_fcb551,ACC59760987,ACC75311120,9510.85,6.0,False,completed,2026-07-14T06:26:46.080670,"Kolkata, IN",Pixel 9 Pro,P2P transfer
TXN_20260714_04330_fcb0de,ACC91181015,ACC_RING_A,12142.01,12.0,False,completed,2026-07-14T06:23:58.256611,"Pune, IN",Pixel 9 Pro,P2P transfer
TXN_20260714_02332_1858e1,ACC25189145,ACC86445636,6485.71,6.0,False,completed,2026-07-14T06:22:05.305947,"Pune, IN",OnePlus 12,Invoice settlement
TXN_20260714_03175_8e243c,ACC92107699,ACC65809811,17121.73,11.0,False,completed,2026-07-14T06:20:10.025795,"Kolkata, IN",Windows 11 (Edge 128),Urgent remittance
TXN_20260714_04100_31d269,ACC25189145,ACC_RING_B,19627.39,21.0,False,completed,2026-07-14T06:04:08.801937,"Chennai, IN",Samsung Galaxy S24 Ultra,Urgent remittance
TXN_20260714_00219_07da88,ACC65809811,ACC57029336,8239.95,24.0,False,completed,2026-07-14T05:41:37.523088,"Mumbai, IN",iPad Pro (Safari),Software subscription
TXN_20260714_02835_a5895e,ACC20858654,ACC43467724,13976.25,6.0,False,completed,2026-07-14T05:22:40.656010,"Hyderabad, IN",MacBook Pro (Chrome 128),Online payment
TXN_20260714_00036_4f9dae,ACC61076366,ACC72717142,185724.0,90.0,True,completed,2026-07-14T05:20:29.598770,"Mumbai, IN",iPad Pro (Safari),Vendor payment
TXN_20260714_02845_3da621,ACC_RING_B,ACC92107699,12350.77,14.0,False,completed,2026-07-14T05:17:59.480577,"Kolkata, IN",iPad Pro (Safari),Grocery purchase
TXN_20260714_04453_d424c7,ACC82456100,ACC_RING_B,42170.58,28.0,False,completed,2026-07-14T04:50:06.484340,"Ahmedabad, IN",iPad Pro (Safari),Utility bill
TXN_20260714_02960_7a4225,ACC43249524,ACC10897161,118212.0,80.0,True,completed,2026-07-14T04:43:10.136990,"Chennai, IN",Windows 11 (Edge 128),Invoice settlement
TXN_20260714_03685_bd2ff8,ACC74473089,ACC70103438,798.05,7.0,False,completed,2026-07-14T04:36:34.443009,"Ahmedabad, IN",OnePlus 12,Online payment
TXN_20260714_03342_497958,ACC1004,ACC64246741,27420.46,24.0,False,completed,2026-07-14T04:35:15.985391,"Kolkata, IN",Windows 11 (Edge 128),Consulting fee
TXN_20260714_03731_efd553,ACC75385116,ACC72717142,22421.54,10.0,False,completed,2026-07-14T04:23:21.653341,"Mumbai, IN",iPhone 16 Pro Max,Vendor payment
TXN_20260714_02232_e782b0,ACC50081547,ACC57029336,5767.78,15.0,False,completed,2026-07-14T04:17:35.422177,"Delhi, IN",iPhone 16 Pro Max,Software subscription
TXN_20260714_03876_804e50,ACC66777666,ACC_RING_B,33094.48,16.0,False,completed,2026-07-14T04:01:02.155116,"Bangalore, IN",iPhone 16 Pro Max,Urgent remittance
TXN_20260714_02467_5f85bf,ACC1002,ACC15373430,12160.05,27.0,False,completed,2026-07-14T03:54:07.479341,"Mumbai, IN",OnePlus 12,P2P transfer
TXN_20260714_02333_a7ea7e,ACC57029336,ACC64246741,18690.39,22.0,False,completed,2026-07-14T03:42:59.913621,"Delhi, IN",Samsung Galaxy S24 Ultra,P2P transfer
TXN_20260714_04613_bf9816,ACC65809811,ACC43249524,26386.86,28.0,False,completed,2026-07-14T03:41:46.823620,"Kolkata, IN",iPad Pro (Safari),Consulting fee
TXN_20260714_00463_a1cb5a,ACC97828025,ACC1002,19813.36,12.0,False,completed,2026-07-14T03:38:13.701690,"Hyderabad, IN",MacBook Pro (Chrome 128),Software subscription
TXN_20260714_00619_80f7c2,ACC43467724,ACC66777666,5336.73,22.0,False,completed,2026-07-14T03:37:52.302374,"Hyderabad, IN",iPhone 16 Pro Max,Urgent remittance
TXN_20260714_00136_a851c4,ACC_RING_C,ACC57029336,33675.7,7.0,False,completed,2026-07-14T03:19:14.144678,"Kolkata, IN",Pixel 9 Pro,Online payment
TXN_20260714_04778_c24dfb,ACC61076366,ACC43907404,40572.83,21.0,False,completed,2026-07-14T02:46:34.200646,"Ahmedabad, IN",Windows 11 (Edge 128),Rent transfer
TXN_20260714_04380_d457fa,ACC_RING_C,ACC_RING_B,1838.09,13.0,False,completed,2026-07-14T02:39:11.368847,"Kolkata, IN",Pixel 9 Pro,Software subscription
TXN_20260714_00417_29d752,ACC92107699,ACC1002,25491.02,13.0,False,completed,2026-07-14T02:31:07.884752,"Pune, IN",iPhone 16 Pro Max,Invoice settlement
TXN_20260714_02675_e6de94,ACC_RING_B,ACC57224534,36770.29,22.0,False,completed,2026-07-14T02:29:51.686184,"Ahmedabad, IN",Pixel 9 Pro,Invoice settlement
TXN_20260714_01316_4ea399,ACC10897161,ACC1003,1753.08,27.0,False,completed,2026-07-14T01:59:15.697583,"Ahmedabad, IN",OnePlus 12,P2P transfer
TXN_20260714_00631_1e6307,ACC15211290,ACC64246741,9846.72,15.0,False,completed,2026-07-14T01:48:19.922637,"Ahmedabad, IN",Samsung Galaxy S24 Ultra,Consulting fee
TXN_20260714_03754_2a67c5,ACC10897161,ACC82456100,31534.43,12.0,False,completed,2026-07-14T01:45:28.133557,"Kolkata, IN",Pixel 9 Pro,Online payment
TXN_20260714_03600_dd95b3,ACC40593754,ACC92107699,57371.0,77.0,True,completed,2026-07-14T01:34:38.337188,"Jaipur, IN",Pixel 9 Pro,Grocery purchase
TXN_20260714_03524_24f3ba,ACC1004,ACC59760987,41837.06,9.0,False,completed,2026-07-14T01:29:42.713702,"Ahmedabad, IN",MacBook Pro (Chrome 128),Online payment
TXN_20260714_00729_e1f765,ACC1002,ACC15373430,33373.02,19.0,False,completed,2026-07-14T01:26:01.231237,"Mumbai, IN",Pixel 9 Pro,Software subscription
TXN_20260714_00398_7dca7b,ACC57224534,ACC65809811,22636.74,21.0,False,completed,2026-07-14T01:21:29.229526,"Hyderabad, IN",iPad Pro (Safari),Grocery purchase
TXN_20260714_04415_a7aeb7,ACC15373430,ACC82456100,26417.78,10.0,False,completed,2026-07-14T01:06:10.043926,"Jaipur, IN",Samsung Galaxy S24 Ultra,Urgent remittance
TXN_20260714_02234_e29307,ACC_RING_C,ACC43467724,31022.77,9.0,False,completed,2026-07-14T00:32:45.231417,"Bangalore, IN",MacBook Pro (Chrome 128),Software subscription
TXN_20260714_03690_133f55,ACC82456100,ACC1003,20813.26,20.0,False,completed,2026-07-14T00:19:59.477898,"Chennai, IN",Windows 11 (Edge 128),Rent transfer
TXN_20260714_02460_2489a6,ACC64246741,ACC61076366,5300.37,12.0,False,completed,2026-07-14T00:13:01.411174,"Pune, IN",OnePlus 12,Software subscription
TXN_20260714_00213_a5f8ec,ACC_RING_B,ACC10897161,33202.06,28.0,False,completed,2026-07-14T00:04:43.786566,"Mumbai, IN",MacBook Pro (Chrome 128),Invoice settlement
TXN_20260714_03424_321844,ACC86445636,ACC1001,5608.46,21.0,False,completed,2026-07-14T00:02:32.218110,"Mumbai, IN",Samsung Galaxy S24 Ultra,Rent transfer
TXN_20260713_03497_9bbc81,ACC15211290,ACC75385116,13280.58,26.0,False,completed,2026-07-13T23:56:46.171963,"Kolkata, IN",Samsung Galaxy S24 Ultra,Software subscription
TXN_20260713_00109_ea05fc,ACC_RING_C,ACC43249524,35399.89,26.0,False,completed,2026-07-13T23:53:15.120657,"Bangalore, IN",Pixel 9 Pro,Invoice settlement
TXN_20260713_05014_1a87c8,ACC75311120,ACC72717142,12797.95,28.0,False,completed,2026-07-13T23:21:46.623949,"Mumbai, IN",iPad Pro (Safari),Online payment
TXN_20260713_03363_d6b3c6,ACC43907404,ACC10897161,5756.84,17.0,False,completed,2026-07-13T23:21:14.004874,"Kolkata, IN",Windows 11 (Edge 128),Vendor payment
TXN_20260713_03154_26aa97,ACC50081547,ACC43467724,39900.12,10.0,False,completed,2026-07-13T23:03:28.731065,"Chennai, IN",OnePlus 12,Online payment
TXN_20260713_00012_5915a1,ACC39727090,ACC1003,147754.0,87.0,True,completed,2026-07-13T22:49:51.985118,"Delhi, IN",MacBook Pro (Chrome 128),Invoice settlement
TXN_20260713_00989_036cc0,ACC1004,ACC11706152,15614.14,25.0,False,completed,2026-07-13T22:38:56.443573,"Delhi, IN",Pixel 9 Pro,Vendor payment
TXN_20260713_03309_8c6e05,ACC_RING_B,ACC97828025,44440.53,24.0,False,completed,2026-07-13T22:26:47.374054,"Bangalore, IN",iPad Pro (Safari),Vendor payment
TXN_20260713_01780_c55bf4,ACC72717142,ACC43467724,41405.16,24.0,False,completed,2026-07-13T22:14:35.694907,"Mumbai, IN",Pixel 9 Pro,Urgent remittance
TXN_20260713_03159_89829f,ACC50081547,ACC72717142,22195.45,25.0,False,completed,2026-07-13T22:09:17.713939,"Delhi, IN",Samsung Galaxy S24 Ultra,Consulting fee
TXN_20260713_01026_127637,ACC70103438,ACC57224534,21312.18,9.0,False,completed,2026-07-13T22:06:37.541391,"Ahmedabad, IN",iPhone 16 Pro Max,Urgent remittance
TXN_20260713_04005_7af72e,ACC92107699,ACC74473089,7233.4,11.0,False,completed,2026-07-13T22:06:25.950516,"Hyderabad, IN",Windows 11 (Edge 128),Vendor payment
TXN_20260713_03818_51d9a1,ACC64246741,ACC36297523,17963.43,17.0,False,completed,2026-07-13T22:04:11.179808,"Pune, IN",iPad Pro (Safari),Consulting fee
TXN_20260713_00373_820e54,ACC1001,ACC43907404,30671.22,23.0,False,completed,2026-07-13T21:57:36.378008,"Delhi, IN",Samsung Galaxy S24 Ultra,P2P transfer
TXN_20260713_04196_8688a6,ACC1003,ACC59760987,42494.76,21.0,False,completed,2026-07-13T21:48:48.539014,"Chennai, IN",MacBook Pro (Chrome 128),Invoice settlement
TXN_20260713_00138_b3abdc,ACC64246741,ACC75385116,23808.9,24.0,False,completed,2026-07-13T21:32:40.851882,"Kolkata, IN",Pixel 9 Pro,Invoice settlement
TXN_20260713_04115_dacb3b,ACC82456100,ACC74473089,28793.22,13.0,False,completed,2026-07-13T21:30:49.994879,"Bangalore, IN",OnePlus 12,Utility bill
TXN_20260713_04438_198ad7,ACC61076366,ACC92107699,38639.07,18.0,False,completed,2026-07-13T21:30:37.523945,"Jaipur, IN",Windows 11 (Edge 128),Rent transfer
TXN_20260713_02641_ec7680,ACC64246741,ACC1001,21617.81,27.0,False,completed,2026-07-13T21:30:37.092684,"Mumbai, IN",iPad Pro (Safari),Software subscription
TXN_20260713_01698_cbe565,ACC92107699,ACC_RING_C,8131.01,8.0,False,completed,2026-07-13T21:25:58.056839,"Hyderabad, IN",Pixel 9 Pro,P2P transfer
TXN_20260713_03955_5041ab,ACC1003,ACC59760987,41614.02,11.0,False,completed,2026-07-13T21:10:45.508121,"Hyderabad, IN",MacBook Pro (Chrome 128),Utility bill
TXN_20260713_01063_474174,ACC1004,ACC43467724,7812.4,27.0,False,completed,2026-07-13T20:58:59.811994,"Mumbai, IN",iPhone 16 Pro Max,Utility bill
TXN_20260713_03515_6f0719,ACC1003,ACC15211290,18298.12,12.0,False,completed,2026-07-13T20:56:04.040258,"Mumbai, IN",iPhone 16 Pro Max,Vendor payment
TXN_20260713_03804_e243a6,ACC82456100,ACC43907404,11645.44,7.0,False,completed,2026-07-13T20:39:15.118885,"Jaipur, IN",MacBook Pro (Chrome 128),Consulting fee
TXN_20260713_03250_338a1f,ACC1004,ACC20858654,8230.4,22.0,False,completed,2026-07-13T20:33:23.979034,"Jaipur, IN",OnePlus 12,Rent transfer
TXN_20260713_03975_107419,ACC_RING_C,ACC91181015,3173.67,5.0,False,completed,2026-07-13T20:33:00.441639,"Jaipur, IN",MacBook Pro (Chrome 128),Online payment
TXN_20260713_02262_0d0ed8,ACC92107699,ACC74473089,39288.86,23.0,False,completed,2026-07-13T20:31:34.472027,"Mumbai, IN",iPad Pro (Safari),Rent transfer
TXN_20260713_04791_c34c6f,ACC_RING_C,ACC97828025,4991.76,23.0,False,completed,2026-07-13T19:59:25.824867,"Jaipur, IN",MacBook Pro (Chrome 128),P2P transfer
TXN_20260713_02175_0f027e,ACC11706152,ACC_RING_C,37466.52,27.0,False,completed,2026-07-13T19:51:09.873781,"Mumbai, IN",iPhone 16 Pro Max,P2P transfer
TXN_20260713_00455_c3e9b6,ACC36297523,ACC10897161,21926.0,27.0,False,completed,2026-07-13T19:40:16.408111,"Mumbai, IN",OnePlus 12,Software subscription
TXN_20260713_00170_9d1bf3,ACC97828025,ACC11706152,28330.39,16.0,False,completed,2026-07-13T19:27:36.445161,"Jaipur, IN",MacBook Pro (Chrome 128),Utility bill
TXN_20260713_02522_16d064,ACC36297523,ACC20858654,39733.43,28.0,False,completed,2026-07-13T19:22:38.039455,"Pune, IN",iPhone 16 Pro Max,Consulting fee
TXN_20260713_00377_b01b8b,ACC1002,ACC43907404,9929.76,13.0,False,completed,2026-07-13T19:14:30.412577,"Hyderabad, IN",Pixel 9 Pro,Software subscription
TXN_20260713_03300_430e80,ACC97828025,ACC92107699,3496.97,14.0,False,completed,2026-07-13T19:04:56.962866,"Hyderabad, IN",iPhone 16 Pro Max,Vendor payment
TXN_20260713_01904_c898a8,ACC10897161,ACC_RING_A,2756.85,24.0,False,completed,2026-07-13T19:01:38.194252,"Bangalore, IN",OnePlus 12,Urgent remittance
TXN_20260713_01572_000dd5,ACC82456100,ACC50081547,18666.32,6.0,False,completed,2026-07-13T18:59:28.415639,"Delhi, IN",iPhone 16 Pro Max,Vendor payment
TXN_20260713_02932_c83ac8,ACC_RING_A,ACC97828025,6125.43,6.0,False,completed,2026-07-13T18:53:32.128648,"Ahmedabad, IN",iPhone 16 Pro Max,Invoice settlement
TXN_20260713_00470_14b62c,ACC61076366,ACC16314613,21873.26,24.0,False,completed,2026-07-13T18:48:41.360317,"Delhi, IN",Windows 11 (Edge 128),Urgent remittance
TXN_20260713_04639_87187b,ACC15373430,ACC1002,28661.98,16.0,False,completed,2026-07-13T18:47:23.912558,"Jaipur, IN",MacBook Pro (Chrome 128),P2P transfer
TXN_20260713_04799_7b5a62,ACC75385116,ACC59760987,28869.87,28.0,False,completed,2026-07-13T18:40:13.298343,"Pune, IN",OnePlus 12,Grocery purchase
TXN_20260713_01507_d3288a,ACC15373430,ACC86445636,7650.82,14.0,False,completed,2026-07-13T18:39:47.566692,"Kolkata, IN",OnePlus 12,Software subscription
TXN_20260713_04882_6d66bb,ACC59760987,ACC15211290,16953.04,7.0,False,completed,2026-07-13T18:35:10.264288,"Mumbai, IN",Samsung Galaxy S24 Ultra,Consulting fee
TXN_20260713_00332_0daad4,ACC75311120,ACC15211290,35059.98,19.0,False,completed,2026-07-13T18:20:47.838700,"Mumbai, IN",OnePlus 12,Consulting fee
TXN_20260713_04965_755162,ACC1004,ACC1003,41967.46,11.0,False,completed,2026-07-13T18:18:43.989671,"Chennai, IN",Samsung Galaxy S24 Ultra,Consulting fee
TXN_20260713_01673_763534,ACC97828025,ACC15373430,31787.16,18.0,False,completed,2026-07-13T18:17:08.942084,"Chennai, IN",iPad Pro (Safari),P2P transfer
TXN_20260713_00351_3218dc,ACC72717142,ACC61076366,18482.4,13.0,False,completed,2026-07-13T18:13:48.835553,"Kolkata, IN",MacBook Pro (Chrome 128),Invoice settlement
TXN_20260713_04171_d3943d,ACC50081547,ACC86445636,29195.15,24.0,False,completed,2026-07-13T18:12:57.131140,"Bangalore, IN",iPad Pro (Safari),Utility bill
TXN_20260713_04329_978ef3,ACC70103438,ACC59760987,27660.63,22.0,False,completed,2026-07-13T18:09:48.977917,"Bangalore, IN",OnePlus 12,Grocery purchase
TXN_20260713_03891_021327,ACC75311120,ACC72717142,12137.57,20.0,False,completed,2026-07-13T18:06:03.456417,"Hyderabad, IN",OnePlus 12,Urgent remittance
TXN_20260713_04540_314d1a,ACC75311120,ACC1001,1063.37,24.0,False,completed,2026-07-13T17:55:15.678330,"Bangalore, IN",Samsung Galaxy S24 Ultra,Vendor payment
TXN_20260713_04731_17fe68,ACC64246741,ACC43249524,610.44,17.0,False,completed,2026-07-13T17:40:14.409313,"Hyderabad, IN",Windows 11 (Edge 128),Online payment
TXN_20260713_00252_25eda0,ACC82456100,ACC_RING_C,33814.19,28.0,False,completed,2026-07-13T17:25:23.144755,"Chennai, IN",MacBook Pro (Chrome 128),Vendor payment
TXN_20260713_04543_363ab4,ACC65809811,ACC20858654,39917.31,19.0,False,completed,2026-07-13T17:14:44.378938,"Delhi, IN",iPhone 16 Pro Max,Vendor payment
TXN_20260713_00229_711f36,ACC11706152,ACC92107699,9785.42,19.0,False,completed,2026-07-13T16:55:13.162746,"Jaipur, IN",OnePlus 12,Online payment
TXN_20260713_03899_13cc97,ACC43907404,ACC86445636,24752.57,5.0,False,completed,2026-07-13T16:50:02.488959,"Hyderabad, IN",OnePlus 12,Software subscription
TXN_20260713_03471_bcb148,ACC50081547,ACC59760987,10778.1,24.0,False,completed,2026-07-13T16:44:52.767049,"Ahmedabad, IN",iPhone 16 Pro Max,Consulting fee
TXN_20260713_01522_019076,ACC92107699,ACC57224534,36783.18,24.0,False,completed,2026-07-13T16:30:30.575742,"Hyderabad, IN",Pixel 9 Pro,Rent transfer
TXN_20260713_04210_f13430,ACC40593754,ACC_RING_A,9140.86,9.0,False,completed,2026-07-13T16:00:27.178077,"Hyderabad, IN",Windows 11 (Edge 128),Urgent remittance
TXN_20260713_02103_770c14,ACC75311120,ACC20858654,2538.13,9.0,False,completed,2026-07-13T15:57:51.238464,"Hyderabad, IN",Pixel 9 Pro,Invoice settlement
TXN_20260713_02059_8a0040,ACC39727090,ACC1003,22069.5,17.0,False,completed,2026-07-13T15:52:33.598767,"Kolkata, IN",Pixel 9 Pro,Rent transfer
TXN_20260713_01055_3b1ea4,ACC61076366,ACC64246741,43828.8,16.0,False,completed,2026-07-13T15:26:30.700703,"Kolkata, IN",Pixel 9 Pro,Software subscription
TXN_20260713_02245_889838,ACC36297523,ACC74473089,13972.58,10.0,False,completed,2026-07-13T15:12:26.997636,"Ahmedabad, IN",iPad Pro (Safari),Urgent remittance
TXN_20260713_02611_81f7a0,ACC74473089,ACC82456100,12444.36,16.0,False,completed,2026-07-13T14:31:10.051974,"Hyderabad, IN",iPad Pro (Safari),Urgent remittance
TXN_20260713_02958_b4054e,ACC1004,ACC11706152,37245.28,9.0,False,completed,2026-07-13T14:22:13.309501,"Ahmedabad, IN",OnePlus 12,Consulting fee
TXN_20260713_01168_5fa528,ACC64246741,ACC20858654,39823.56,23.0,False,completed,2026-07-13T14:05:28.455087,"Delhi, IN",MacBook Pro (Chrome 128),Vendor payment
TXN_20260713_02763_652e96,ACC11706152,ACC50081547,25882.67,20.0,False,completed,2026-07-13T13:30:28.866221,"Jaipur, IN",Samsung Galaxy S24 Ultra,Rent transfer
TXN_20260713_00256_89399d,ACC_RING_B,ACC39727090,13298.51,9.0,False,completed,2026-07-13T13:26:21.399538,"Hyderabad, IN",iPhone 16 Pro Max,Software subscription
TXN_20260713_05024_29358d,ACC43249524,ACC_RING_C,2153.57,26.0,False,completed,2026-07-13T13:00:42.531148,"Mumbai, IN",iPad Pro (Safari),Utility bill
TXN_20260713_00978_aa2574,ACC92107699,ACC64246741,32920.16,16.0,False,completed,2026-07-13T12:42:11.705078,"Mumbai, IN",Samsung Galaxy S24 Ultra,Vendor payment
TXN_20260713_02027_109e7f,ACC50081547,ACC74473089,24226.36,21.0,False,completed,2026-07-13T12:42:01.312843,"Delhi, IN",Windows 11 (Edge 128),Invoice settlement
TXN_20260713_02254_a8af12,ACC1001,ACC64246741,25920.97,11.0,False,completed,2026-07-13T12:39:59.045597,"Ahmedabad, IN",OnePlus 12,Software subscription
TXN_20260713_02093_af0b13,ACC1003,ACC57029336,39892.98,26.0,False,completed,2026-07-13T12:28:13.250089,"Ahmedabad, IN",Samsung Galaxy S24 Ultra,Rent transfer
TXN_20260713_04257_8d14db,ACC61076366,ACC11706152,206.09,7.0,False,completed,2026-07-13T12:13:15.292494,"Delhi, IN",iPad Pro (Safari),Consulting fee
TXN_20260713_01280_f55b6a,ACC16314613,ACC1001,170966.0,95.0,True,completed,2026-07-13T11:55:31.740183,"Pune, IN",iPhone 16 Pro Max,Vendor payment
TXN_20260713_00753_4fb172,ACC75385116,ACC72717142,2789.7,7.0,False,completed,2026-07-13T11:28:43.332480,"Ahmedabad, IN",Windows 11 (Edge 128),Software subscription
TXN_20260713_03148_758039,ACC36297523,ACC64246741,7271.29,26.0,False,completed,2026-07-13T11:18:43.120249,"Delhi, IN",iPhone 16 Pro Max,Rent transfer
TXN_20260713_00616_5bf284,ACC36297523,ACC82456100,7398.83,11.0,False,completed,2026-07-13T11:14:02.861140,"Pune, IN",OnePlus 12,Software subscription
TXN_20260713_02356_0edcfe,ACC43467724,ACC11706152,20295.19,22.0,False,completed,2026-07-13T11:12:24.242748,"Bangalore, IN",Pixel 9 Pro,Software subscription
TXN_20260713_01223_6476c4,ACC15373430,ACC82456100,21983.92,13.0,False,completed,2026-07-13T11:10:05.875340,"Hyderabad, IN",OnePlus 12,Online payment
TXN_20260713_02037_f4c9a8,ACC43249524,ACC86445636,36395.84,19.0,False,completed,2026-07-13T11:04:55.383287,"Kolkata, IN",iPhone 16 Pro Max,Software subscription
TXN_20260713_01937_11c0ba,ACC61076366,ACC86445636,23402.34,8.0,False,completed,2026-07-13T10:58:06.576424,"Bangalore, IN",Samsung Galaxy S24 Ultra,Consulting fee
TXN_20260713_02580_14dce4,ACC92107699,ACC64246741,14682.88,19.0,False,completed,2026-07-13T10:54:58.695743,"Chennai, IN",iPad Pro (Safari),Rent transfer
TXN_20260713_04482_567fcb,ACC39727090,ACC25189145,27265.69,27.0,False,completed,2026-07-13T10:53:59.968031,"Kolkata, IN",iPad Pro (Safari),Invoice settlement
TXN_20260713_00175_f100ef,ACC1003,ACC59760987,40638.26,6.0,False,completed,2026-07-13T10:52:08.302356,"Mumbai, IN",iPad Pro (Safari),Consulting fee
TXN_20260713_05198_5f951a,ACC75385116,ACC15211290,761.07,25.0,False,completed,2026-07-13T10:49:11.010469,"Chennai, IN",iPad Pro (Safari),Vendor payment
TXN_20260713_04813_55943a,ACC15373430,ACC16314613,18551.3,21.0,False,completed,2026-07-13T10:45:32.249411,"Mumbai, IN",Pixel 9 Pro,Software subscription
TXN_20260713_00855_c57684,ACC43907404,ACC64246741,18731.28,16.0,False,completed,2026-07-13T10:41:14.797156,"Ahmedabad, IN",iPad Pro (Safari),Online payment
TXN_20260713_03376_022858,ACC61076366,ACC_RING_A,18967.8,18.0,False,completed,2026-07-13T10:28:31.514436,"Jaipur, IN",MacBook Pro (Chrome 128),Rent transfer
TXN_20260713_00145_278103,ACC25189145,ACC36297523,43190.72,10.0,False,completed,2026-07-13T10:23:22.206003,"Hyderabad, IN",OnePlus 12,Consulting fee
TXN_20260713_04987_44d4e1,ACC64246741,ACC1001,3898.03,8.0,False,completed,2026-07-13T10:07:50.784098,"Ahmedabad, IN",OnePlus 12,Software subscription
TXN_20260713_00132_cb4fe2,ACC43249524,ACC64246741,1483.98,7.0,False,completed,2026-07-13T10:01:05.201896,"Ahmedabad, IN",iPad Pro (Safari),Invoice settlement
TXN_20260713_01341_495799,ACC43907404,ACC40593754,26913.31,20.0,False,completed,2026-07-13T09:56:27.045204,"Delhi, IN",Pixel 9 Pro,Grocery purchase
TXN_20260713_04827_463ff7,ACC91181015,ACC50081547,1273.57,17.0,False,completed,2026-07-13T09:42:00.007486,"Bangalore, IN",iPhone 16 Pro Max,Consulting fee
TXN_20260713_00457_2f12d2,ACC_RING_A,ACC75311120,18111.8,12.0,False,completed,2026-07-13T09:23:26.442328,"Jaipur, IN",Samsung Galaxy S24 Ultra,Online payment
TXN_20260713_01787_f16f63,ACC36297523,ACC16314613,33355.31,15.0,False,completed,2026-07-13T09:13:47.816462,"Ahmedabad, IN",Pixel 9 Pro,P2P transfer
TXN_20260713_03544_e20ff2,ACC70103438,ACC_RING_A,19389.86,7.0,False,completed,2026-07-13T09:09:06.549371,"Ahmedabad, IN",Samsung Galaxy S24 Ultra,Urgent remittance
TXN_20260713_01652_5c5274,ACC92107699,ACC20858654,5514.93,7.0,False,completed,2026-07-13T09:04:13.935663,"Pune, IN",Windows 11 (Edge 128),Software subscription
TXN_20260713_03856_bbeb40,ACC70103438,ACC20858654,20031.45,27.0,False,completed,2026-07-13T08:50:40.170485,"Delhi, IN",iPad Pro (Safari),Grocery purchase
TXN_20260713_00316_030cea,ACC43907404,ACC92107699,40146.8,7.0,False,completed,2026-07-13T08:50:33.151891,"Mumbai, IN",MacBook Pro (Chrome 128),Software subscription
TXN_20260713_05104_3e2f29,ACC1001,ACC20858654,1462.8,20.0,False,completed,2026-07-13T08:44:34.195772,"Kolkata, IN",MacBook Pro (Chrome 128),P2P transfer
TXN_20260713_04608_27b99d,ACC43249524,ACC74473089,38478.98,16.0,False,completed,2026-07-13T07:58:02.664890,"Jaipur, IN",iPhone 16 Pro Max,Online payment
TXN_20260713_02900_ef33a4,ACC92107699,ACC40593754,41832.27,24.0,False,completed,2026-07-13T07:58:00.398602,"Jaipur, IN",Pixel 9 Pro,Consulting fee
TXN_20260713_01381_2da53f,ACC91181015,ACC65809811,20960.56,26.0,False,completed,2026-07-13T07:52:38.113291,"Mumbai, IN",Pixel 9 Pro,Consulting fee
TXN_20260713_04641_b27d0f,ACC20858654,ACC86445636,7166.32,25.0,False,completed,2026-07-13T07:48:02.292751,"Jaipur, IN",Samsung Galaxy S24 Ultra,Consulting fee
TXN_20260713_01580_d8cc02,ACC15211290,ACC43467724,26155.13,6.0,False,completed,2026-07-13T07:46:43.754153,"Pune, IN",iPhone 16 Pro Max,Vendor payment
TXN_20260713_03722_66c6b6,ACC61076366,ACC11706152,43775.1,11.0,False,completed,2026-07-13T07:45:33.834355,"Delhi, IN",Samsung Galaxy S24 Ultra,Vendor payment
TXN_20260713_05095_0c975d,ACC91181015,ACC20858654,29016.13,23.0,False,completed,2026-07-13T07:43:35.298194,"Delhi, IN",iPad Pro (Safari),Vendor payment
TXN_20260713_01156_a54a98,ACC43467724,ACC75385116,13319.98,12.0,False,completed,2026-07-13T07:40:46.237834,"Delhi, IN",Samsung Galaxy S24 Ultra,Invoice settlement
TXN_20260713_01139_f6ae07,ACC40593754,ACC43467724,8562.85,26.0,False,completed,2026-07-13T07:27:50.878556,"Chennai, IN",Pixel 9 Pro,Urgent remittance
TXN_20260713_01613_9a4482,ACC43249524,ACC43467724,17869.74,6.0,False,completed,2026-07-13T07:05:14.389315,"Ahmedabad, IN",iPad Pro (Safari),Utility bill
TXN_20260713_03180_741f27,ACC40593754,ACC70103438,38860.76,17.0,False,completed,2026-07-13T06:57:00.717318,"Ahmedabad, IN",MacBook Pro (Chrome 128),P2P transfer
TXN_20260713_02741_bdd576,ACC75385116,ACC43467724,44151.72,12.0,False,completed,2026-07-13T06:51:42.303595,"Jaipur, IN",OnePlus 12,P2P transfer
TXN_20260713_03458_63f9d5,ACC_RING_B,ACC11706152,10306.81,17.0,False,completed,2026-07-13T06:51:25.486455,"Ahmedabad, IN",iPhone 16 Pro Max,Invoice settlement
TXN_20260713_01492_8dbf44,ACC65809811,ACC39727090,42866.28,28.0,False,completed,2026-07-13T06:43:34.023694,"Delhi, IN",OnePlus 12,Software subscription
TXN_20260713_00788_20c454,ACC50081547,ACC1004,31188.26,9.0,False,completed,2026-07-13T06:41:34.573943,"Kolkata, IN",Samsung Galaxy S24 Ultra,Vendor payment
TXN_20260713_03397_80f418,ACC1002,ACC1001,27737.75,14.0,False,completed,2026-07-13T06:37:44.815306,"Mumbai, IN",Pixel 9 Pro,Online payment
TXN_20260713_04416_d080e8,ACC_RING_B,ACC59760987,25904.98,27.0,False,completed,2026-07-13T06:09:06.635756,"Pune, IN",OnePlus 12,Software subscription
TXN_20260713_04492_7d2420,ACC20858654,ACC64246741,33578.98,10.0,False,completed,2026-07-13T05:55:54.358355,"Hyderabad, IN",Samsung Galaxy S24 Ultra,Grocery purchase
TXN_20260713_01032_ab3733,ACC86445636,ACC72717142,26764.47,13.0,False,completed,2026-07-13T05:37:27.775798,"Mumbai, IN",Pixel 9 Pro,Urgent remittance
TXN_20260713_04963_0675f7,ACC57224534,ACC39727090,9432.74,21.0,False,completed,2026-07-13T05:35:50.387142,"Delhi, IN",Pixel 9 Pro,Software subscription
TXN_20260713_05160_6e03e2,ACC82456100,ACC16314613,80200.0,96.0,True,completed,2026-07-13T05:30:51.308046,"Kolkata, IN",iPhone 16 Pro Max,Online payment
TXN_20260713_01953_f051b1,ACC43249524,ACC_RING_A,16990.58,24.0,False,completed,2026-07-13T05:27:24.356301,"Hyderabad, IN",OnePlus 12,Vendor payment
TXN_20260713_03040_686d3d,ACC75385116,ACC43249524,138707.0,85.0,True,completed,2026-07-13T04:47:00.885103,"Delhi, IN",OnePlus 12,Utility bill
TXN_20260713_00533_9f23b9,ACC75311120,ACC1003,7884.17,20.0,False,completed,2026-07-13T04:38:36.296861,"Chennai, IN",iPhone 16 Pro Max,Urgent remittance
TXN_20260713_04956_711d24,ACC70103438,ACC91181015,35031.41,18.0,False,completed,2026-07-13T04:16:50.772030,"Pune, IN",iPad Pro (Safari),Software subscription
TXN_20260713_02727_293614,ACC25189145,ACC1004,26646.88,9.0,False,completed,2026-07-13T03:51:01.460680,"Ahmedabad, IN",iPhone 16 Pro Max,Invoice settlement
TXN_20260713_00259_8fa145,ACC92107699,ACC16314613,39250.82,20.0,False,completed,2026-07-13T03:50:33.233010,"Kolkata, IN",Windows 11 (Edge 128),Urgent remittance
TXN_20260713_04677_909690,ACC66777666,ACC39727090,32208.11,28.0,False,completed,2026-07-13T03:38:44.588910,"Kolkata, IN",Samsung Galaxy S24 Ultra,Urgent remittance
TXN_20260713_03086_665a65,ACC91181015,ACC75385116,22267.24,7.0,False,completed,2026-07-13T03:33:38.584631,"Bangalore, IN",Samsung Galaxy S24 Ultra,Grocery purchase
TXN_20260713_02422_b1109e,ACC64246741,ACC1002,19171.63,20.0,False,completed,2026-07-13T03:30:13.643959,"Kolkata, IN",OnePlus 12,Rent transfer
TXN_20260713_05165_6a7d27,ACC10897161,ACC_RING_B,10057.37,23.0,False,completed,2026-07-13T03:19:05.461571,"Kolkata, IN",OnePlus 12,Vendor payment
TXN_20260713_00562_b992c1,ACC16314613,ACC97828025,15178.04,12.0,False,completed,2026-07-13T03:18:02.074263,"Delhi, IN",MacBook Pro (Chrome 128),Online payment
TXN_20260713_01180_17f314,ACC64246741,ACC65809811,3253.74,26.0,False,completed,2026-07-13T03:15:14.372273,"Chennai, IN",OnePlus 12,Invoice settlement
TXN_20260713_01112_aafbcc,ACC97828025,ACC92107699,9227.76,7.0,False,completed,2026-07-13T03:02:42.267347,"Bangalore, IN",iPhone 16 Pro Max,Consulting fee
TXN_20260713_00233_3c5dd9,ACC1001,ACC43907404,10452.94,19.0,False,completed,2026-07-13T02:44:53.728722,"Pune, IN",Pixel 9 Pro,Consulting fee
TXN_20260713_04975_a697c5,ACC20858654,ACC25189145,33590.02,28.0,False,completed,2026-07-13T02:37:32.934665,"Delhi, IN",Samsung Galaxy S24 Ultra,Consulting fee
TXN_20260713_02363_80d91f,ACC36297523,ACC91181015,40929.79,27.0,False,completed,2026-07-13T02:34:17.057054,"Ahmedabad, IN",MacBook Pro (Chrome 128),P2P transfer
TXN_20260713_01890_9f022d,ACC50081547,ACC64246741,4559.25,28.0,False,completed,2026-07-13T02:32:54.682129,"Pune, IN",iPhone 16 Pro Max,Grocery purchase
TXN_20260713_02481_60aaeb,ACC86445636,ACC91181015,28002.5,13.0,False,completed,2026-07-13T02:32:09.611455,"Ahmedabad, IN",MacBook Pro (Chrome 128),Grocery purchase
TXN_20260713_04719_eb6e7f,ACC65809811,ACC11706152,1931.65,5.0,False,completed,2026-07-13T02:03:21.570078,"Delhi, IN",iPad Pro (Safari),P2P transfer
TXN_20260713_04976_c359f5,ACC66777666,ACC74473089,39577.45,23.0,False,completed,2026-07-13T02:02:39.159502,"Delhi, IN",iPhone 16 Pro Max,Utility bill
TXN_20260713_04788_31f97b,ACC40593754,ACC43467724,9571.98,28.0,False,completed,2026-07-13T02:01:39.701991,"Delhi, IN",Windows 11 (Edge 128),Utility bill
TXN_20260713_01861_a9e7e7,ACC39727090,ACC1004,43982.78,5.0,False,completed,2026-07-13T01:37:49.149076,"Mumbai, IN",MacBook Pro (Chrome 128),Invoice settlement
TXN_20260713_02487_f8223d,ACC57029336,ACC70103438,28716.11,19.0,False,completed,2026-07-13T01:37:43.628889,"Jaipur, IN",Pixel 9 Pro,Consulting fee
TXN_20260713_02839_693836,ACC59760987,ACC10897161,30240.18,15.0,False,completed,2026-07-13T01:33:24.736962,"Chennai, IN",Pixel 9 Pro,Software subscription
TXN_20260713_02502_ecf2e2,ACC59760987,ACC43907404,39971.49,26.0,False,completed,2026-07-13T01:25:44.222921,"Kolkata, IN",iPad Pro (Safari),Grocery purchase
TXN_20260713_04496_dc4b33,ACC91181015,ACC15211290,40313.56,15.0,False,completed,2026-07-13T01:16:31.034830,"Delhi, IN",MacBook Pro (Chrome 128),Vendor payment
TXN_20260713_03897_f5edef,ACC1002,ACC1004,37629.76,5.0,False,completed,2026-07-13T00:59:52.815510,"Ahmedabad, IN",Samsung Galaxy S24 Ultra,Consulting fee
TXN_20260713_05163_91354b,ACC43907404,ACC86445636,41345.15,27.0,False,completed,2026-07-13T00:52:25.684487,"Delhi, IN",Samsung Galaxy S24 Ultra,Vendor payment
TXN_20260713_00400_ebadc5,ACC15373430,ACC43249524,165207.0,91.0,True,completed,2026-07-13T00:44:51.013144,"Hyderabad, IN",iPhone 16 Pro Max,P2P transfer
TXN_20260713_03503_5248e8,ACC82456100,ACC72717142,26729.23,18.0,False,completed,2026-07-13T00:37:50.509686,"Bangalore, IN",Samsung Galaxy S24 Ultra,Invoice settlement
TXN_20260713_03936_06fa7c,ACC59760987,ACC_RING_B,28180.88,11.0,False,completed,2026-07-13T00:17:36.658076,"Pune, IN",Windows 11 (Edge 128),Consulting fee
TXN_20260713_02550_7536a7,ACC40593754,ACC74473089,36581.38,11.0,False,completed,2026-07-13T00:16:39.350237,"Hyderabad, IN",Samsung Galaxy S24 Ultra,Utility bill
TXN_20260712_03956_6e106e,ACC1001,ACC64246741,27563.84,10.0,False,completed,2026-07-12T23:54:04.772810,"Delhi, IN",OnePlus 12,P2P transfer
TXN_20260712_04936_bc0afe,ACC15211290,ACC92107699,31167.99,14.0,False,completed,2026-07-12T23:49:19.678609,"Hyderabad, IN",Samsung Galaxy S24 Ultra,Software subscription
TXN_20260712_04702_03b11c,ACC43249524,ACC65809811,15938.17,13.0,False,completed,2026-07-12T23:43:04.883293,"Bangalore, IN",Pixel 9 Pro,Utility bill
TXN_20260712_04516_f647ef,ACC72717142,ACC15211290,9275.51,28.0,False,completed,2026-07-12T23:16:06.471118,"Delhi, IN",Samsung Galaxy S24 Ultra,Invoice settlement
TXN_20260712_00043_26c248,ACC82456100,ACC_RING_A,101882.0,77.0,True,completed,2026-07-12T23:12:40.337991,"Chennai, IN",iPhone 16 Pro Max,Utility bill
TXN_20260712_02552_0be581,ACC74473089,ACC15373430,9295.51,7.0,False,completed,2026-07-12T23:05:15.179981,"Hyderabad, IN",Windows 11 (Edge 128),Invoice settlement
TXN_20260712_01948_747289,ACC65809811,ACC_RING_B,24051.11,26.0,False,completed,2026-07-12T23:04:57.427159,"Kolkata, IN",MacBook Pro (Chrome 128),Rent transfer
TXN_20260712_02428_40f3e9,ACC91181015,ACC43907404,37647.74,13.0,False,completed,2026-07-12T22:56:44.958640,"Pune, IN",Windows 11 (Edge 128),Online payment
TXN_20260712_02934_4a0d42,ACC82456100,ACC43249524,32103.62,16.0,False,completed,2026-07-12T22:53:46.538203,"Ahmedabad, IN",iPad Pro (Safari),Consulting fee
TXN_20260712_02116_0322da,ACC82456100,ACC15211290,18915.26,21.0,False,completed,2026-07-12T22:40:48.873110,"Kolkata, IN",OnePlus 12,Consulting fee
TXN_20260712_03166_35fa43,ACC97828025,ACC43467724,1866.71,26.0,False,completed,2026-07-12T22:26:04.241334,"Kolkata, IN",Pixel 9 Pro,Urgent remittance
TXN_20260712_04231_77d137,ACC15373430,ACC50081547,3188.99,10.0,False,completed,2026-07-12T22:22:39.296600,"Mumbai, IN",Windows 11 (Edge 128),Online payment
TXN_20260712_03224_d38767,ACC91181015,ACC97828025,7695.28,17.0,False,completed,2026-07-12T21:41:28.480635,"Bangalore, IN",iPad Pro (Safari),Consulting fee
TXN_20260712_02626_01735b,ACC16314613,ACC1004,12322.61,25.0,False,completed,2026-07-12T21:39:06.925127,"Bangalore, IN",MacBook Pro (Chrome 128),Rent transfer
TXN_20260712_04062_4907fa,ACC82456100,ACC15211290,5833.48,25.0,False,completed,2026-07-12T21:35:58.443537,"Kolkata, IN",iPad Pro (Safari),Urgent remittance
TXN_20260712_05111_8f1f47,ACC20858654,ACC_RING_C,24309.58,19.0,False,completed,2026-07-12T21:31:12.054641,"Pune, IN",Samsung Galaxy S24 Ultra,Vendor payment
TXN_20260712_02369_4e058e,ACC39727090,ACC_RING_A,34060.68,10.0,False,completed,2026-07-12T21:19:05.311293,"Delhi, IN",Samsung Galaxy S24 Ultra,Consulting fee
TXN_20260712_01546_1b20af,ACC20858654,ACC82456100,10192.25,13.0,False,completed,2026-07-12T20:58:18.750383,"Hyderabad, IN",iPad Pro (Safari),Software subscription
TXN_20260712_01117_9fd8bc,ACC16314613,ACC10897161,43079.79,9.0,False,completed,2026-07-12T20:46:12.414389,"Jaipur, IN",iPad Pro (Safari),Consulting fee
TXN_20260712_04519_96d989,ACC_RING_B,ACC1004,35445.92,21.0,False,completed,2026-07-12T20:44:02.791892,"Pune, IN",Pixel 9 Pro,Invoice settlement
TXN_20260712_02084_574352,ACC50081547,ACC97828025,19481.71,23.0,False,completed,2026-07-12T20:43:42.315627,"Ahmedabad, IN",MacBook Pro (Chrome 128),Software subscription
TXN_20260712_01075_1b1f1d,ACC43907404,ACC15373430,21837.75,17.0,False,completed,2026-07-12T20:34:10.765474,"Chennai, IN",Pixel 9 Pro,Vendor payment
TXN_20260712_04008_a08b15,ACC57029336,ACC16314613,24218.03,5.0,False,completed,2026-07-12T20:10:12.185363,"Chennai, IN",iPad Pro (Safari),Online payment
TXN_20260712_02108_4ad982,ACC61076366,ACC75311120,42181.89,11.0,False,completed,2026-07-12T19:50:34.748515,"Pune, IN",Pixel 9 Pro,Vendor payment
TXN_20260712_03118_7c9fbd,ACC66777666,ACC43907404,28077.68,9.0,False,completed,2026-07-12T19:44:25.451459,"Hyderabad, IN",iPad Pro (Safari),Utility bill
TXN_20260712_00827_98d915,ACC43907404,ACC70103438,5520.88,15.0,False,completed,2026-07-12T19:36:19.414054,"Hyderabad, IN",iPad Pro (Safari),Urgent remittance
TXN_20260712_01286_cda100,ACC43907404,ACC66777666,11426.11,13.0,False,completed,2026-07-12T19:33:19.643194,"Mumbai, IN",Samsung Galaxy S24 Ultra,Utility bill
TXN_20260712_02338_18b0fe,ACC16314613,ACC59760987,26855.07,10.0,False,completed,2026-07-12T19:30:16.458984,"Delhi, IN",MacBook Pro (Chrome 128),Consulting fee
TXN_20260712_01694_518f51,ACC11706152,ACC1002,23916.65,21.0,False,completed,2026-07-12T19:11:27.341571,"Kolkata, IN",Samsung Galaxy S24 Ultra,Online payment
TXN_20260712_01640_382fe2,ACC39727090,ACC72717142,101408.0,94.0,True,completed,2026-07-12T19:11:11.195760,"Ahmedabad, IN",iPhone 16 Pro Max,Consulting fee
TXN_20260712_03433_ec652b,ACC92107699,ACC75311120,13414.86,27.0,False,completed,2026-07-12T19:10:53.267223,"Bangalore, IN",iPad Pro (Safari),P2P transfer
TXN_20260712_03064_0442c2,ACC1003,ACC11706152,12544.42,19.0,False,completed,2026-07-12T19:03:12.674825,"Chennai, IN",Samsung Galaxy S24 Ultra,Online payment
TXN_20260712_02069_40a48e,ACC25189145,ACC1004,19663.8,12.0,False,completed,2026-07-12T18:44:40.298010,"Pune, IN",Pixel 9 Pro,Urgent remittance
TXN_20260712_04752_6ec0d6,ACC97828025,ACC40593754,330.56,8.0,False,completed,2026-07-12T18:44:04.705909,"Bangalore, IN",iPad Pro (Safari),Grocery purchase
TXN_20260712_01463_86eef7,ACC15211290,ACC86445636,38704.51,19.0,False,completed,2026-07-12T18:32:13.233861,"Kolkata, IN",Samsung Galaxy S24 Ultra,Rent transfer
TXN_20260712_02559_812434,ACC86445636,ACC36297523,4374.78,27.0,False,completed,2026-07-12T18:24:29.434355,"Pune, IN",Windows 11 (Edge 128),Online payment
TXN_20260712_00892_64181b,ACC70103438,ACC43907404,11970.97,7.0,False,completed,2026-07-12T18:11:49.551520,"Ahmedabad, IN",iPad Pro (Safari),Utility bill
TXN_20260712_01579_383966,ACC70103438,ACC66777666,28886.44,23.0,False,completed,2026-07-12T17:59:38.707735,"Hyderabad, IN",OnePlus 12,Vendor payment
TXN_20260712_00494_e2a42a,ACC43249524,ACC1003,30695.01,25.0,False,completed,2026-07-12T17:54:27.322209,"Bangalore, IN",Pixel 9 Pro,Vendor payment
TXN_20260712_00534_8db41d,ACC_RING_C,ACC43467724,21038.56,22.0,False,completed,2026-07-12T17:41:22.561791,"Mumbai, IN",Windows 11 (Edge 128),Urgent remittance
TXN_20260712_02560_992fa5,ACC86445636,ACC75311120,231990.0,88.0,True,completed,2026-07-12T17:23:32.489514,"Bangalore, IN",Samsung Galaxy S24 Ultra,P2P transfer
TXN_20260712_03790_f397df,ACC43249524,ACC16314613,27502.35,20.0,False,completed,2026-07-12T17:19:27.297182,"Pune, IN",MacBook Pro (Chrome 128),Vendor payment
TXN_20260712_02449_930eb2,ACC75385116,ACC_RING_C,29380.92,9.0,False,completed,2026-07-12T17:10:34.751595,"Chennai, IN",iPhone 16 Pro Max,Invoice settlement
TXN_20260712_02848_3fd1be,ACC86445636,ACC10897161,30949.29,8.0,False,completed,2026-07-12T16:48:46.743612,"Delhi, IN",OnePlus 12,Utility bill
TXN_20260712_04326_95475b,ACC91181015,ACC50081547,11937.81,17.0,False,completed,2026-07-12T16:25:50.366349,"Mumbai, IN",iPhone 16 Pro Max,Urgent remittance
TXN_20260712_04143_eb3e3a,ACC59760987,ACC_RING_A,2771.71,9.0,False,completed,2026-07-12T16:13:34.312130,"Jaipur, IN",Windows 11 (Edge 128),Consulting fee
TXN_20260712_00194_580581,ACC_RING_C,ACC39727090,32537.47,15.0,False,completed,2026-07-12T16:09:24.769853,"Delhi, IN",iPhone 16 Pro Max,Rent transfer
TXN_20260712_03679_443fba,ACC25189145,ACC_RING_A,12512.48,6.0,False,completed,2026-07-12T16:06:04.198685,"Kolkata, IN",MacBook Pro (Chrome 128),Invoice settlement
TXN_20260712_00262_257d16,ACC11706152,ACC_RING_B,28133.73,13.0,False,completed,2026-07-12T16:00:16.568772,"Bangalore, IN",Samsung Galaxy S24 Ultra,Invoice settlement
TXN_20260712_00713_b4d0a7,ACC_RING_C,ACC_RING_A,10205.4,9.0,False,completed,2026-07-12T15:57:16.536582,"Pune, IN",Pixel 9 Pro,Rent transfer
TXN_20260712_04997_ffb223,ACC74473089,ACC43467724,32329.05,28.0,False,completed,2026-07-12T15:55:44.545238,"Chennai, IN",Windows 11 (Edge 128),Urgent remittance
TXN_20260712_01320_20d364,ACC59760987,ACC11706152,213360.0,93.0,True,completed,2026-07-12T15:38:53.297820,"Bangalore, IN",iPhone 16 Pro Max,P2P transfer
TXN_20260712_03256_6d8027,ACC74473089,ACC57029336,35209.32,12.0,False,completed,2026-07-12T15:36:27.391215,"Jaipur, IN",MacBook Pro (Chrome 128),Software subscription
TXN_20260712_03559_1a9686,ACC57224534,ACC1003,3299.79,25.0,False,completed,2026-07-12T15:15:36.875713,"Jaipur, IN",Pixel 9 Pro,Software subscription
TXN_20260712_00645_e5b9ba,ACC25189145,ACC_RING_B,25940.22,6.0,False,completed,2026-07-12T15:09:51.159712,"Hyderabad, IN",OnePlus 12,Rent transfer
TXN_20260712_04881_f71438,ACC91181015,ACC65809811,6270.76,17.0,False,completed,2026-07-12T14:55:57.160083,"Hyderabad, IN",Windows 11 (Edge 128),P2P transfer
TXN_20260712_02155_9e8d6b,ACC43907404,ACC1002,2439.55,26.0,False,completed,2026-07-12T14:50:01.670849,"Bangalore, IN",Windows 11 (Edge 128),P2P transfer
TXN_20260712_01658_5eb108,ACC40593754,ACC97828025,35112.54,8.0,False,completed,2026-07-12T14:22:21.472460,"Chennai, IN",iPad Pro (Safari),Urgent remittance
TXN_20260712_05186_2cedfc,ACC86445636,ACC70103438,22140.44,5.0,False,completed,2026-07-12T14:22:09.561554,"Chennai, IN",Windows 11 (Edge 128),Vendor payment
TXN_20260712_00997_017982,ACC66777666,ACC39727090,29245.55,26.0,False,completed,2026-07-12T14:06:16.415142,"Bangalore, IN",iPad Pro (Safari),Vendor payment
TXN_20260712_01511_0a154f,ACC50081547,ACC11706152,17426.31,9.0,False,completed,2026-07-12T13:45:00.412111,"Pune, IN",OnePlus 12,Grocery purchase
TXN_20260712_00682_2c95e5,ACC70103438,ACC10897161,15362.14,22.0,False,completed,2026-07-12T13:42:06.908466,"Pune, IN",Samsung Galaxy S24 Ultra,Vendor payment
TXN_20260712_01706_c8d0df,ACC61076366,ACC15211290,22185.0,16.0,False,completed,2026-07-12T13:39:50.699114,"Hyderabad, IN",Samsung Galaxy S24 Ultra,Urgent remittance
TXN_20260712_03008_139911,ACC43467724,ACC75385116,6244.89,20.0,False,completed,2026-07-12T13:35:48.103410,"Mumbai, IN",Pixel 9 Pro,Online payment
TXN_20260712_00917_0ab52f,ACC72717142,ACC15373430,28164.01,18.0,False,completed,2026-07-12T13:34:51.148632,"Kolkata, IN",Samsung Galaxy S24 Ultra,Online payment
TXN_20260712_02207_115616,ACC57224534,ACC65809811,15476.28,10.0,False,completed,2026-07-12T13:15:54.887022,"Mumbai, IN",Windows 11 (Edge 128),Software subscription
TXN_20260712_04041_18dd50,ACC66777666,ACC64246741,32953.37,7.0,False,completed,2026-07-12T12:57:25.070623,"Hyderabad, IN",MacBook Pro (Chrome 128),Consulting fee
TXN_20260712_01556_e59415,ACC25189145,ACC97828025,6438.9,28.0,False,completed,2026-07-12T12:37:19.566297,"Chennai, IN",OnePlus 12,Consulting fee
TXN_20260712_02287_4d817b,ACC43907404,ACC10897161,34480.37,24.0,False,completed,2026-07-12T12:36:01.633662,"Bangalore, IN",Samsung Galaxy S24 Ultra,Utility bill
TXN_20260712_02486_a36cc1,ACC43249524,ACC11706152,42932.53,24.0,False,completed,2026-07-12T12:31:56.907560,"Pune, IN",iPad Pro (Safari),P2P transfer
TXN_20260712_01325_63e5f4,ACC50081547,ACC40593754,15239.32,18.0,False,completed,2026-07-12T12:28:11.862637,"Bangalore, IN",Windows 11 (Edge 128),Rent transfer
TXN_20260712_03262_d6126b,ACC64246741,ACC36297523,30379.39,20.0,False,completed,2026-07-12T12:28:03.028209,"Pune, IN",iPad Pro (Safari),P2P transfer
TXN_20260712_04080_8de31c,ACC16314613,ACC_RING_C,167389.0,89.0,True,completed,2026-07-12T12:25:24.255175,"Kolkata, IN",OnePlus 12,Software subscription
TXN_20260712_04098_d91a2e,ACC74473089,ACC15373430,17326.4,10.0,False,completed,2026-07-12T12:14:03.348906,"Jaipur, IN",Windows 11 (Edge 128),Invoice settlement
TXN_20260712_04302_7bcf87,ACC92107699,ACC43467724,33740.4,27.0,False,completed,2026-07-12T12:12:03.107487,"Pune, IN",Pixel 9 Pro,Software subscription
TXN_20260712_04304_ed477f,ACC_RING_C,ACC10897161,38231.12,5.0,False,completed,2026-07-12T12:01:34.298461,"Chennai, IN",MacBook Pro (Chrome 128),Vendor payment
TXN_20260712_01343_bbdbf2,ACC16314613,ACC_RING_A,23686.41,6.0,False,completed,2026-07-12T12:00:13.930074,"Hyderabad, IN",OnePlus 12,P2P transfer
TXN_20260712_02954_6fd50b,ACC25189145,ACC40593754,44413.75,28.0,False,completed,2026-07-12T11:28:57.231903,"Jaipur, IN",iPad Pro (Safari),P2P transfer
TXN_20260712_00484_31443e,ACC97828025,ACC1001,44804.28,6.0,False,completed,2026-07-12T11:23:26.037234,"Delhi, IN",iPhone 16 Pro Max,Software subscription
TXN_20260712_03597_963afe,ACC57224534,ACC86445636,21240.24,8.0,False,completed,2026-07-12T11:02:50.040925,"Pune, IN",Samsung Galaxy S24 Ultra,Invoice settlement
TXN_20260712_01254_8cc49c,ACC11706152,ACC40593754,10217.18,18.0,False,completed,2026-07-12T10:59:48.021938,"Delhi, IN",OnePlus 12,Online payment
TXN_20260712_04787_5d33d7,ACC39727090,ACC43467724,37552.36,22.0,False,completed,2026-07-12T10:57:37.345625,"Hyderabad, IN",iPhone 16 Pro Max,Utility bill
TXN_20260712_04138_331220,ACC72717142,ACC1002,42534.87,23.0,False,completed,2026-07-12T10:33:22.354669,"Jaipur, IN",MacBook Pro (Chrome 128),P2P transfer
TXN_20260712_01685_537a99,ACC10897161,ACC97828025,24588.13,27.0,False,completed,2026-07-12T10:25:09.839076,"Pune, IN",iPad Pro (Safari),Consulting fee
TXN_20260712_01528_f322d1,ACC_RING_C,ACC57224534,24729.3,16.0,False,completed,2026-07-12T10:23:37.556962,"Ahmedabad, IN",MacBook Pro (Chrome 128),Grocery purchase
TXN_20260712_03366_57cbec,ACC_RING_B,ACC57224534,14938.05,10.0,False,completed,2026-07-12T10:23:06.828749,"Jaipur, IN",Windows 11 (Edge 128),Online payment
TXN_20260712_02783_1ddd9e,ACC61076366,ACC_RING_B,35535.74,13.0,False,completed,2026-07-12T10:14:59.595891,"Jaipur, IN",MacBook Pro (Chrome 128),P2P transfer
TXN_20260712_00493_105858,ACC82456100,ACC40593754,5298.26,27.0,False,completed,2026-07-12T10:11:13.509076,"Jaipur, IN",OnePlus 12,Rent transfer
TXN_20260712_01474_980339,ACC59760987,ACC43467724,21030.68,18.0,False,completed,2026-07-12T10:10:13.623304,"Delhi, IN",OnePlus 12,Urgent remittance
TXN_20260712_00541_3a229e,ACC82456100,ACC70103438,39334.77,6.0,False,completed,2026-07-12T10:07:59.577971,"Jaipur, IN",MacBook Pro (Chrome 128),Software subscription
TXN_20260712_02632_7d7443,ACC57029336,ACC39727090,43642.35,6.0,False,completed,2026-07-12T10:00:37.348316,"Mumbai, IN",Samsung Galaxy S24 Ultra,Software subscription
TXN_20260712_01495_11696e,ACC82456100,ACC20858654,3329.19,7.0,False,completed,2026-07-12T09:48:16.753003,"Mumbai, IN",iPhone 16 Pro Max,Grocery purchase
TXN_20260712_03431_2e7036,ACC1003,ACC36297523,27515.32,21.0,False,completed,2026-07-12T09:43:34.133010,"Kolkata, IN",Windows 11 (Edge 128),Utility bill
TXN_20260712_01823_5aff7b,ACC57224534,ACC16314613,33955.88,19.0,False,completed,2026-07-12T09:35:20.568223,"Ahmedabad, IN",iPad Pro (Safari),Rent transfer
TXN_20260712_01414_fe985a,ACC15373430,ACC57029336,8240.33,12.0,False,completed,2026-07-12T09:24:35.435378,"Jaipur, IN",MacBook Pro (Chrome 128),Grocery purchase
TXN_20260712_00295_9d33e8,ACC11706152,ACC1001,17468.7,24.0,False,completed,2026-07-12T09:07:50.559237,"Bangalore, IN",iPhone 16 Pro Max,Consulting fee
TXN_20260712_03839_bcc896,ACC65809811,ACC1002,26836.48,23.0,False,completed,2026-07-12T09:03:57.352728,"Delhi, IN",Samsung Galaxy S24 Ultra,Urgent remittance
TXN_20260712_04349_45ef89,ACC1003,ACC66777666,13310.71,16.0,False,completed,2026-07-12T08:59:09.818657,"Delhi, IN",MacBook Pro (Chrome 128),Rent transfer
TXN_20260712_02132_cd721f,ACC91181015,ACC75385116,38101.5,11.0,False,completed,2026-07-12T08:59:03.668579,"Kolkata, IN",Pixel 9 Pro,Vendor payment
TXN_20260712_05000_ec9a65,ACC20858654,ACC40593754,64140.0,77.0,True,completed,2026-07-12T08:42:10.268070,"Hyderabad, IN",iPhone 16 Pro Max,Vendor payment
TXN_20260712_04617_eada8c,ACC64246741,ACC43907404,20821.21,13.0,False,completed,2026-07-12T08:35:07.339620,"Pune, IN",iPad Pro (Safari),Utility bill
TXN_20260712_01435_92ea08,ACC11706152,ACC1001,26451.25,27.0,False,completed,2026-07-12T08:24:56.320789,"Jaipur, IN",MacBook Pro (Chrome 128),Online payment
TXN_20260712_04953_ef32f1,ACC39727090,ACC1004,668.98,17.0,False,completed,2026-07-12T08:20:13.395564,"Pune, IN",MacBook Pro (Chrome 128),Invoice settlement
TXN_20260712_02359_8d430f,ACC64246741,ACC97828025,25451.1,19.0,False,completed,2026-07-12T08:14:54.566329,"Mumbai, IN",Pixel 9 Pro,Vendor payment
TXN_20260712_01103_9ae8c3,ACC36297523,ACC72717142,11502.97,19.0,False,completed,2026-07-12T08:04:30.090643,"Pune, IN",Pixel 9 Pro,Urgent remittance
TXN_20260712_03608_ad72cd,ACC40593754,ACC91181015,33602.28,23.0,False,completed,2026-07-12T07:57:49.593442,"Bangalore, IN",Samsung Galaxy S24 Ultra,Grocery purchase
TXN_20260712_04984_5ea59a,ACC66777666,ACC10897161,5580.69,6.0,False,completed,2026-07-12T07:48:34.157589,"Delhi, IN",Samsung Galaxy S24 Ultra,Urgent remittance
TXN_20260712_04237_90a64d,ACC25189145,ACC15211290,7278.09,8.0,False,completed,2026-07-12T07:37:34.308443,"Bangalore, IN",iPad Pro (Safari),Utility bill
TXN_20260712_03361_b84e66,ACC75311120,ACC57224534,44033.26,13.0,False,completed,2026-07-12T07:31:37.219564,"Chennai, IN",OnePlus 12,Software subscription
